"entity_id";"small_image"
"100";"/s/m/sm_mp3152g_4.jpg"
"101";"/s/m/sm_mp3154g_4.jpg"
"102";"/s/m/sm_cy0039ciski_4.jpg"
"103";"/s/m/sm_cy0040ciski_4.jpg"
"104";"/s/m/sm_cy0043ciagd_4.jpg"
"105";"/s/m/sm_cy0069cppri_4.jpg"
"106";"/s/m/sm_cy0070cppri_4.jpg"
"107";"/s/m/sm_cy0071cppri_4.jpg"
"108";"/s/m/sm_cy0088cplav_4.jpg"
"109";"/s/m/sm_cy0089cplav_4.jpg"
"110";"/s/m/sm_cy0091cplav_4.jpg"
"111";"/s/m/sm_cy0092cpgla_4.jpg"
"112";"/s/m/sm_cy0105accar_4.jpg"
"113";"/s/m/sm_cy0106cpsnd_4.jpg"
"114";"/s/m/sm_cy0109cpsnd_4.jpg"
"115";"/s/m/sm_cy0110cpsnd_4.jpg"
"116";"/s/m/sm_cy0111cpsnd_4.jpg"
"117";"/s/m/sm_cy0161acfle_4.jpg"
"118";"/s/m/sm_cy0169ctfro_4.jpg"
"119";"/s/m/sm_cy0170ctfro_4.jpg"
"120";"/s/m/sm_cy0172ctfro_4.jpg"
"121";"/s/m/sm_cy0173ctfro_4.jpg"
"122";"/s/m/sm_cy0174ctmer_4.jpg"
"123";"/s/m/sm_cy0177ctpri_4.jpg"
"124";"/s/m/sm_cy0179ctpri_4.jpg"
"125";"/s/m/sm_cyas2_4.jpg"
"126";"/s/m/sm_icc756blk_4.jpg"
"127";"/s/m/sm_icc818blk_4.jpg"
"128";"/s/m/sm_icc818wht_4.jpg"
"129";"/s/m/sm_ai1000ysplt129341_4.jpg"
"130";"/a/i/ai300fm_ch_2.jpg"
"131";"/s/m/sm_ai500fmch129345_4.jpg"
"132";"/a/i/ai600_cchgr1_2.jpg"
"133";"/s/m/sm_ai800cchgr_4.jpg"
"134";"/s/m/sm_ai800mini7129339_4.jpg"
"135";"/a/i/ai_cly_mbt100_2.jpg"
"136";"/m/b/mbl_cly_mbt100_2.jpg"
"138";"/s/m/sm_csmp145_4.jpg"
"140";"/s/m/sm_cx39_4.jpg"
"141";"/s/m/sm_cx49_4.jpg"
"142";"/s/m/sm_cx73blk_4.jpg"
"143";"/s/m/sm_cx73blu_4.jpg"
"144";"/s/m/sm_cx73red_4.jpg"
"145";"/s/m/sm_cx73svr_4.jpg"
"146";"/s/m/sm_cx789_4.jpg"
"147";"/s/m/sm_cxcd329svr_4.jpg"
"148";"/s/m/sm_cxr60_4.jpg"
"149";"/s/m/sm_cy3mp_4.jpg"
"150";"/s/m/sm_isp191b_4.jpg"
"151";"/s/m/sm_isp209b_4.jpg"
"152";"/s/m/sm_rfp50_4.jpg"
"153";"/s/m/sm_cxcd250_4.jpg"
"156";"/s/m/sm_bcd2306dp_4.jpg"
"157";"/s/m/sm_ibp181b_4.jpg"
"158";"/s/m/sm_ibp301b_4.jpg"
"159";"/s/m/sm_cra108blk_4.jpg"
"161";"/s/m/sm_csmp125_4.jpg"
"163";"/s/m/sm_c280_4.jpg"
"164";"/s/m/sm_icp101b_4.jpg"
"165";"/s/m/sm_icp211b_4.jpg"
"166";"/s/m/sm_icp360_4.jpg"
"167";"/s/m/sm_icp601b_4.jpg"
"168";"/s/m/sm_rcdc1_4.jpg"
"169";"/s/m/sm_dkcl3p_4.jpg"
"171";"/s/m/sm_atmp100_4.jpg"
"176";"/s/m/sm_jamboxblackdiamond_4.jpg"
"178";"/s/m/sm_jamboxbluewave_4.jpg"
"180";"/s/m/sm_jamboxgreyhex_4.jpg"
"182";"/s/m/sm_jamboxreddot_4.jpg"
"184";"/s/m/sm_atr1100_4.jpg"
"185";"/s/m/sm_atr1200_4.jpg"
"186";"/s/m/sm_atr1205_4.jpg"
"187";"/s/m/sm_atr1500_4.jpg"
"188";"/s/m/sm_atr2100usb_4.jpg"
"189";"/s/m/sm_atr288w_4.jpg"
"190";"/s/m/sm_atr3350_4.jpg"
"191";"/s/m/sm_atr4697_4.jpg"
"192";"/s/m/sm_atr4750_4.jpg"
"193";"/s/m/sm_atr5200_4.jpg"
"194";"/s/m/sm_atr6250_4.jpg"
"195";"/s/m/sm_atw251lt2_4.jpg"
"196";"/s/m/sm_atw251lt3_4.jpg"
"197";"/s/m/sm_atw251lt8_4.jpg"
"198";"/s/m/sm_pro88wr35_4.jpg"
"199";"/s/m/sm_athck303mbk_3.jpg"
"200";"/s/m/sm_athck303mbl_3.jpg"
"201";"/s/m/sm_athck303mbpk_3.jpg"
"202";"/s/m/sm_athck303mbrd_3.jpg"
"203";"/s/m/sm_athck303mpk_3.jpg"
"204";"/s/m/sm_athck303msv_3.jpg"
"205";"/s/m/sm_athck400ibk_3.jpg"
"206";"/s/m/sm_athckf300dpk_3.jpg"
"207";"/s/m/sm_athckf300gd_3.jpg"
"208";"/s/m/sm_athckf300lgr_3.jpg"
"209";"/s/m/sm_athckf300lpk_3.jpg"
"210";"/s/m/sm_athckf300mgr_3.jpg"
"211";"/s/m/sm_athckf300pk_3.jpg"
"212";"/s/m/sm_athckf300pl_3.jpg"
"213";"/s/m/sm_athckf300wh_3.jpg"
"214";"/s/m/sm_athckf500bk_3.jpg"
"215";"/s/m/sm_athckf500bw_3.jpg"
"216";"/s/m/sm_athckf500iv_3.jpg"
"217";"/s/m/sm_athckf500lpk_3.jpg"
"218";"/s/m/sm_athckf500pgd_3.jpg"
"219";"/s/m/sm_athckf500pk_3.jpg"
"220";"/s/m/sm_athckf500tbl_3.jpg"
"221";"/s/m/sm_athckf500wh_3.jpg"
"222";"/s/m/sm_cve52pink_3.jpg"
"223";"/s/m/sm_cve52red_3.jpg"
"224";"/s/m/sm_cve52silver_3.jpg"
"244";"/s/m/sm_cve91white_1.jpg"
"245";"/s/m/sm_cvem79black_1.jpg"
"246";"/s/m/sm_cvem79blue_1.jpg"
"247";"/s/m/sm_cvem79green_1.jpg"
"248";"/s/m/sm_cvem79orange_1.jpg"
"249";"/s/m/sm_cvem79pink_1.jpg"
"250";"/s/m/sm_cvem79purple_1.jpg"
"251";"/s/m/sm_cvem79red_1.jpg"
"252";"/s/m/sm_cvem79silver_1.jpg"
"253";"/s/m/sm_cvem79yellow_1.jpg"
"254";"/s/m/sm_cvem87_1.jpg"
"255";"/s/m/sm_tep201pnk_1.jpg"
"256";"/s/m/sm_tep201red_1.jpg"
"257";"/s/m/sm_rphjc120k_1.jpg"
"258";"/s/m/sm_rphjc120w_1.jpg"
"259";"/s/m/sm_rphje270a_1.jpg"
"260";"/s/m/sm_rphje270g_1.jpg"
"261";"/s/m/sm_rphje270p_1.jpg"
"262";"/s/m/sm_rphje450k_1.jpg"
"263";"/s/m/sm_rphje450r_1.jpg"
"264";"/s/m/sm_rphje450w_1.jpg"
"265";"/s/m/sm_rphv094k_1.jpg"
"266";"/r/p/rp_hv21r_2.jpg"
"267";"/s/m/sm_rphs200d_1.jpg"
"268";"/s/m/sm_rphs200k_1.jpg"
"269";"/s/m/sm_rphs33d_1.jpg"
"270";"/s/m/sm_rphs33g_1.jpg"
"271";"/s/m/sm_rphsc200k_1.jpg"
"272";"/s/m/sm_rphsc200w_1.jpg"
"273";"/s/m/sm_athes33bk_1.jpg"
"274";"/s/m/sm_athes3awh_1.jpg"
"275";"/s/m/sm_athes55bk_1.jpg"
"276";"/s/m/sm_athfw3bk_1.jpg"
"277";"/s/m/sm_athfw3pk_1.jpg"
"278";"/s/m/sm_athfw3wh_1.jpg"
"279";"/s/m/sm_cvh42_1.jpg"
"280";"/s/m/sm_cvh89_1.jpg"
"281";"/s/m/sm_rphx40a_1.jpg"
"282";"/s/m/sm_rphx40g_1.jpg"
"283";"/s/m/sm_rphx40k_1.jpg"
"284";"/s/m/sm_rphx40pk_1.jpg"
"285";"/s/m/sm_rphx40pw_1.jpg"
"286";"/s/m/sm_rphx40w_1.jpg"
"287";"/s/m/sm_rphxc40k_1.jpg"
"288";"/s/m/sm_rphxc40w_1.jpg"
"289";"/s/m/sm_atha900_1.jpg"
"290";"/s/m/sm_athad700_1.jpg"
"291";"/s/m/sm_athad900_1.jpg"
"292";"/s/m/sm_athre70bk_1.jpg"
"293";"/s/m/sm_athre70wh_1.jpg"
"294";"/s/m/sm_athsj11bk_1.jpg"
"295";"/s/m/sm_atht200_1.jpg"
"296";"/s/m/sm_atht300_1.jpg"
"297";"/s/m/sm_atht400_1.jpg"
"298";"/s/m/sm_athw1000x_1.jpg"
"299";"/s/m/sm_athwm5_2.jpg"
"300";"/s/m/sm_athws70_1.jpg"
"301";"/s/m/sm_cv195_1.jpg"
"302";"/s/m/sm_cv215black_1.jpg"
"303";"/s/m/sm_cv215blue_1.jpg"
"304";"/s/m/sm_cv215red_1.jpg"
"305";"/s/m/sm_cv215silver_1.jpg"
"306";"/s/m/sm_cv720_1.jpg"
"307";"/s/m/sm_rpht227_1.jpg"
"308";"/s/m/sm_rphtf600s_1.jpg"
"309";"/s/m/sm_rphtf890s_1.jpg"
"310";"/s/m/sm_rphtx7g1_1.jpg"
"311";"/s/m/sm_rphtx7k1_1.jpg"
"312";"/s/m/sm_rphtx7p1_1.jpg"
"313";"/s/m/sm_rphtx7r1_1.jpg"
"314";"/s/m/sm_rphtx7w1_1.jpg"
"315";"/s/m/sm_athanc27_1.jpg"
"316";"/s/m/sm_rphc101k_1.jpg"
"317";"/s/m/sm_rphc55s_1.jpg"
"318";"/s/m/sm_rphc720k_1.jpg"
"319";"/s/m/sm_athpro500bk_1.jpg"
"320";"/s/m/sm_rpdjs400a_1.jpg"
"321";"/s/m/sm_rpdjs400g_1.jpg"
"322";"/s/m/sm_rpdjs400k_1.jpg"
"323";"/s/m/sm_rpdjs400r_1.jpg"
"324";"/s/m/sm_rpdjs400w_1.jpg"
"325";"/s/m/sm_kcd150.jpg"
"326";"/s/m/sm_at301ep.jpg"
"327";"/s/m/sm_at311ep.jpg"
"328";"/s/m/sm_at440mla.jpg"
"329";"/s/m/sm_at6012.jpg"
"330";"/s/m/sm_at634.jpg"
"331";"/s/m/sm_atlp120usb.jpg"
"332";"/s/m/sm_atlp240usb.jpg"
"333";"/s/m/sm_atlp60.jpg"
"334";"/s/m/sm_atlp60usb.jpg"
"335";"/s/m/sm_atp2xn.jpg"
"336";"/s/m/sm_cxcd377blk.jpg"
"337";"/s/m/sm_cxcd400blk.jpg"
"338";"/s/m/sm_ihp310b.jpg"
"339";"/s/m/sm_is208b.jpg"
"341";"/s/c/sc_ap01_2.jpg"
"342";"/s/m/sm_schc05.jpg"
"343";"/s/m/sm_schc25.jpg"
"344";"/s/c/sc_hc27_2.jpg"
"345";"/s/c/sc_hc37_2.jpg"
"346";"/s/c/sc_hc57_2.jpg"
"347";"/s/c/sc_mc07_2.jpg"
"348";"/s/m/sm_cddh950p.jpg"
"349";"/s/m/sm_cddhs1050p.jpg"
"350";"/s/m/sm_dkkp80p.jpg"
"351";"/d/k/dk_kp95p_2.jpg"
"352";"/s/m/sm_xldh229p.jpg"
"353";"/s/m/sm_xldh259p.jpg"
"354";"/s/m/sm_xlhf200p.jpg"
"356";"/s/m/sm_dvd765.jpg"
"357";"/s/m/sm_dvd938.jpg"
"358";"/s/m/sm_scbtt190.jpg"
"359";"/s/m/sm_scbtt195.jpg"
"360";"/s/c/sc_btt490_2.jpg"
"361";"/s/m/sm_scxh170.jpg"
"362";"/s/m/sm_shfx71.jpg"
"363";"/h/t/htc650w_2.jpg"
"364";"/h/t/ht_d550_2.jpg"
"369";"/s/m/sm_itp180b.jpg"
"370";"/s/m/sm_itp280b.jpg"
"371";"/s/c/sc_htb20_2.jpg"
"372";"/s/c/sc_htb350_2.jpg"
"373";"/s/c/sc_htb550_2.jpg"
"374";"/s/m/sm_htsb600.jpg"
"376";"/h/t/ht_sl75_2.jpg"
"377";"/h/t/htsl77_2.jpg"
"378";"/s/m/sm_ac5w.jpg"
"379";"/s/m/sm_ac6cd.jpg"
"380";"/s/m/sm_atc6dm.jpg"
"381";"/s/m/sm_bi8.jpg"
"382";"/s/m/sm_dvd209blk.jpg"
"384";"/s/m/sm_dvd288.jpg"
"385";"/s/m/sm_dvd298.jpg"
"387";"/s/m/sm_dh300b.jpg"
"388";"/s/m/sm_dv225mg9.jpg"
"389";"/s/m/sm_mdv2100f7.jpg"
"390";"/s/m/sm_mdv3000f7.jpg"
"391";"/s/m/sm_dvdls92.jpg"
"392";"/s/m/sm_dvds48.jpg"
"393";"/s/m/sm_dvds68.jpg"
"394";"/s/m/sm_dvp3560f7.jpg"
"395";"/b/l/bluray_dongle_bundle_2.jpg"
"396";"/d/m/dmp_bbt01_2.jpg"
"397";"/s/m/sm_dmpbd75.jpg"
"398";"/s/m/sm_dmpbd77.jpg"
"399";"/d/m/dmp_bd87_2.jpg"
"400";"/s/m/sm_dmpbdt220.jpg"
"401";"/s/m/sm_dmpbdt310.jpg"
"402";"/d/m/dmp_bdt320_2.jpg"
"403";"/d/m/dmp_bdt500_2.jpg"
"404";"/s/m/sm_dywl10.jpg"
"405";"/b/d/bd-c5500_xaarb_2.jpg"
"406";"/b/d/bdams20u_2.jpg"
"407";"/s/m/sm_bdhp25u.jpg"
"409";"/s/m/sm_bdhp35u.jpg"
"410";"/s/m/sm_zv427mg9.jpg"
"411";"/a/y/ay_dvm60ej_2.jpg"
"412";"/a/y/aydvm60xj_2.jpg"
"413";"/a/y/ay_dvm80ej_2.jpg"
"414";"/l/m/lm_rf30v_2.jpg"
"415";"/r/t/rt602mc_2.jpg"
"416";"/r/t/rt604mc_2.jpg"
"417";"/s/m/sm_3508b001.jpg"
"418";"/s/m/sm_3508b0014kit.jpg"
"419";"/s/m/sm_4342b001.jpg"
"420";"/s/m/sm_4342b001kit.jpg"
"421";"/s/m/sm_4342b0014kit.jpg"
"422";"/s/m/sm_4925b0013kit.jpg"
"423";"/s/m/sm_4925b0014kit.jpg"
"424";"/s/m/sm_4926b0013kit.jpg"
"425";"/s/m/sm_4926b0014kit.jpg"
"426";"/s/m/sm_4927b0013kit.jpg"
"427";"/s/m/sm_4927b0014kit.jpg"
"428";"/s/m/sm_4941b0013kit.jpg"
"429";"/s/m/sm_4941b0014kit.jpg"
"430";"/s/m/sm_4942b0013kit.jpg"
"431";"/s/m/sm_4942b0014kit.jpg"
"432";"/s/m/sm_4944b0013kit.jpg"
"433";"/s/m/sm_4944b0014kit.jpg"
"434";"/s/m/sm_5030b001kit.jpg"
"435";"/s/m/sm_5030b001pkit.jpg"
"436";"/s/m/sm_5032b021.jpg"
"437";"/s/m/sm_5033b0014kit.jpg"
"438";"/s/m/sm_5035b001.jpg"
"439";"/s/m/sm_5035b0014kit.jpg"
"440";"/s/m/sm_5037b001.jpg"
"441";"/s/m/sm_5037b0014kit.jpg"
"442";"/s/m/sm_5038b001.jpg"
"443";"/s/m/sm_5038b0014kit.jpg"
"444";"/s/m/sm_5043b001.jpg"
"445";"/s/m/sm_5043b0014kit.jpg"
"446";"/s/m/sm_5044b001.jpg"
"447";"/s/m/sm_5044b001kit.jpg"
"448";"/s/m/sm_5044b0014kit.jpg"
"449";"/s/m/sm_5045b001.jpg"
"450";"/s/m/sm_5045b0014kit.jpg"
"451";"/s/m/sm_5130b001.jpg"
"452";"/s/m/sm_5244b001.jpg"
"453";"/s/m/sm_5244b0014kit.jpg"
"454";"/s/m/sm_5245b001.jpg"
"455";"/s/m/sm_5245b0014kit.jpg"
"456";"/s/m/sm_5249b001.jpg"
"457";"/s/m/sm_5251b001.jpg"
"458";"/s/m/sm_5251b0013kit.jpg"
"459";"/s/m/sm_5251b0014kit.jpg"
"460";"/s/m/sm_5266b001.jpg"
"461";"/s/m/sm_5266b0014kit.jpg"
"462";"/s/m/sm_5269b001.jpg"
"463";"/s/m/sm_5269b0014kit.jpg"
"464";"/s/m/sm_5663b001.jpg"
"465";"/s/m/sm_5663b0014kit.jpg"
"466";"/s/m/sm_5664b001.jpg"
"467";"/s/m/sm_5664b0014kit.jpg"
"468";"/s/m/sm_5685b001.jpg"
"469";"/s/m/sm_5685b0014kit.jpg"
"470";"/s/m/sm_5688b001.jpg"
"471";"/s/m/sm_5688b0014kit.jpg"
"472";"/s/m/sm_5704b001.jpg"
"473";"/s/m/sm_5704b0014kit.jpg"
"474";"/s/m/sm_5900b001.jpg"
"475";"/s/m/sm_5900b0013kit.jpg"
"476";"/s/m/sm_6021b001.jpg"
"477";"/s/m/sm_6021b0013kit.jpg"
"478";"/s/m/sm_6024b001.jpg"
"479";"/s/m/sm_6027b001.jpg"
"480";"/s/m/sm_6027b0013kit.jpg"
"481";"/s/m/sm_6030b001.jpg"
"482";"/s/m/sm_6036b001.jpg"
"483";"/s/m/sm_6039b001.jpg"
"484";"/s/m/sm_6039b0013kit.jpg"
"485";"/s/m/sm_6042b001.jpg"
"486";"/s/m/sm_6042b0013kit.jpg"
"487";"/s/m/sm_6045b001.jpg"
"488";"/s/m/sm_6045b0013kit.jpg"
"489";"/s/m/sm_6048b001.jpg"
"490";"/s/m/sm_6048b0013kit.jpg"
"491";"/s/m/sm_6051b001.jpg"
"492";"/s/m/sm_6145b001.jpg"
"494";"/s/m/sm_6148b001.jpg"
"495";"/s/m/sm_6149b001.jpg"
"496";"/s/m/sm_6150b001.jpg"
"497";"/s/m/sm_6151b001.jpg"
"498";"/s/m/sm_6152b001.jpg"
"499";"/s/m/sm_6160b001.jpg"
"500";"/s/m/sm_6163b001.jpg"
"501";"/s/m/sm_6166b001.jpg"
"502";"/s/m/sm_6169b001.jpg"
"503";"/s/m/sm_6171b001.jpg"
"504";"/s/m/sm_6174b001.jpg"
"505";"/s/m/sm_6177b001.jpg"
"506";"/s/m/sm_6178b001.jpg"
"507";"/s/m/sm_6179b001.jpg"
"508";"/s/m/sm_6180b001.jpg"
"509";"/s/m/sm_6181b001.jpg"
"510";"/s/m/sm_6182b001.jpg"
"511";"/s/m/sm_6183b001.jpg"
"512";"/s/m/sm_6184b001.jpg"
"513";"/s/m/sm_6185b001.jpg"
"514";"/s/m/sm_6186b001.jpg"
"515";"/s/m/sm_6187b001.jpg"
"516";"/s/m/sm_6188b001.jpg"
"517";"/s/m/sm_6189b001.jpg"
"518";"/s/m/sm_6190b001.jpg"
"519";"/s/m/sm_6191b001.jpg"
"520";"/s/m/sm_6192b001.jpg"
"521";"/s/m/sm_6193b001.jpg"
"522";"/s/m/sm_6195b001.jpg"
"524";"/s/m/sm_6196b001.jpg"
"525";"/s/m/sm_15777309.jpg"
"526";"/s/m/sm_15940255.jpg"
"527";"/s/m/sm_15940255kit.jpg"
"528";"/s/m/sm_15973721.jpg"
"529";"/s/m/sm_15975858.jpg"
"530";"/1/5/15975858jcpkit_2.jpg"
"531";"/s/m/sm_16117300.jpg"
"532";"/s/m/sm_16117300kit.jpg"
"533";"/s/m/sm_16124456.jpg"
"534";"/s/m/sm_16124456kit.jpg"
"535";"/s/m/sm_16124573.jpg"
"536";"/s/m/sm_16124573kit.jpg"
"537";"/s/m/sm_16130716.jpg"
"538";"/s/m/sm_16130716kit.jpg"
"539";"/s/m/sm_16190089.jpg"
"540";"/s/m/sm_16199188.jpg"
"541";"/s/m/sm_16201333.jpg"
"542";"/s/m/sm_16201333kit.jpg"
"543";"/s/m/sm_16202014.jpg"
"544";"/s/m/sm_162020144kit.jpg"
"545";"/s/m/sm_16206450.jpg"
"546";"/s/m/sm_162064504kit.jpg"
"547";"/s/m/sm_16209581.jpg"
"548";"/s/m/sm_162095813kit.jpg"
"549";"/s/m/sm_16215102.jpg"
"550";"/s/m/sm_16215102kit.jpg"
"551";"/s/m/sm_16218221.jpg"
"552";"/s/m/sm_162182213kit.jpg"
"553";"/s/m/sm_16219902.jpg"
"554";"/s/m/sm_162199023kit.jpg"
"555";"/s/m/sm_16221589.jpg"
"556";"/s/m/sm_16221589kit.jpg"
"557";"/s/m/sm_16223422.jpg"
"558";"/s/m/sm_162234223kit.jpg"
"559";"/s/m/sm_16227480.jpg"
"560";"/s/m/sm_162274803kit.jpg"
"561";"/s/m/sm_16228111.jpg"
"562";"/s/m/sm_162281113kit.jpg"
"563";"/s/m/sm_16229347.jpg"
"564";"/s/m/sm_162293474kit.jpg"
"565";"/s/m/sm_16229490.jpg"
"566";"/s/m/sm_162294903kit.jpg"
"567";"/s/m/sm_16229646.jpg"
"568";"/s/m/sm_162296463kit.jpg"
"569";"/s/m/sm_16229799.jpg"
"570";"/s/m/sm_162297993kit.jpg"
"571";"/s/m/sm_16229945.jpg"
"572";"/s/m/sm_162299453kit.jpg"
"573";"/s/m/sm_16230243.jpg"
"574";"/s/m/sm_162302433kit.jpg"
"575";"/s/m/sm_16233130.jpg"
"576";"/s/m/sm_16233130kit.jpg"
"577";"/s/m/sm_16233283.jpg"
"578";"/s/m/sm_162332833kit.jpg"
"579";"/s/m/sm_16233439.jpg"
"580";"/s/m/sm_162334393kit.jpg"
"581";"/s/m/sm_16233582.jpg"
"582";"/s/m/sm_162335823kit.jpg"
"583";"/s/m/sm_16233738.jpg"
"584";"/s/m/sm_162337383kit.jpg"
"585";"/s/m/sm_16238037.jpg"
"586";"/s/m/sm_162380373kit.jpg"
"587";"/s/m/sm_16243252.jpg"
"588";"/s/m/sm_162432524kit.jpg"
"589";"/s/m/sm_600009114.jpg"
"591";"/s/m/sm_v8025sblkkit.jpg"
"592";"/s/m/sm_vx029blk.jpg"
"593";"/s/m/sm_2764b0034kit.jpg"
"594";"/s/m/sm_2764b004.jpg"
"595";"/s/m/sm_3814b004.jpg"
"596";"/s/m/sm_3814b0044kit.jpg"
"597";"/s/m/sm_3814b004l1kit.jpg"
"598";"/s/m/sm_3814b004l2kit.jpg"
"599";"/s/m/sm_3814b010.jpg"
"600";"/s/m/sm_3814b0104kit.jpg"
"601";"/s/m/sm_3814b010l1kit.jpg"
"602";"/s/m/sm_3814b010l2kit.jpg"
"603";"/s/m/sm_3814b016.jpg"
"604";"/s/m/sm_3814b0164kit.jpg"
"605";"/s/m/sm_3814b016l1kit.jpg"
"606";"/s/m/sm_3814b016l2kit.jpg"
"607";"/s/m/sm_4460b003.jpg"
"608";"/s/m/sm_4460b0034kit.jpg"
"609";"/s/m/sm_4460b003l1kit.jpg"
"610";"/s/m/sm_4460b003l2kit.jpg"
"611";"/s/m/sm_4460b004.jpg"
"612";"/s/m/sm_4460b0044kit.jpg"
"613";"/s/m/sm_4460b004l1kit.jpg"
"614";"/s/m/sm_4460b004l2kit.jpg"
"615";"/s/m/sm_4462b001.jpg"
"616";"/s/m/sm_4462b0014kit.jpg"
"617";"/s/m/sm_4462b003.jpg"
"618";"/s/m/sm_4462b0033kit.jpg"
"620";"/s/m/sm_4462b0034kit.jpg"
"621";"/s/m/sm_4462b0035kit.jpg"
"622";"/s/m/sm_4462b0036kit.jpg"
"623";"/s/m/sm_4462b003l14kit.jpg"
"624";"/s/m/sm_4462b003l1kit.jpg"
"625";"/s/m/sm_4462b003l23kit.jpg"
"626";"/s/m/sm_4462b003l24kit.jpg"
"627";"/s/m/sm_4462b003l2kit.jpg"
"628";"/s/m/sm_4462b005.jpg"
"629";"/s/m/sm_4462b005l14kit.jpg"
"630";"/s/m/sm_4462b005l1kit.jpg"
"631";"/s/m/sm_4462b005l24kit.jpg"
"632";"/s/m/sm_4462b005l2kit.jpg"
"633";"/s/m/sm_5157b002.jpg"
"634";"/s/m/sm_5157b0023kit.jpg"
"635";"/s/m/sm_5157b0024kit.jpg"
"636";"/s/m/sm_5157b002l14kit.jpg"
"637";"/s/m/sm_5157b002l1kit.jpg"
"638";"/s/m/sm_5157b002l24kit.jpg"
"639";"/s/m/sm_5157b002l2kit.jpg"
"640";"/s/m/sm_5169b001.jpg"
"641";"/s/m/sm_5169b0014kit.jpg"
"642";"/s/m/sm_5169b003.jpg"
"643";"/s/m/sm_5169b003kit.jpg"
"644";"/s/m/sm_5169b0034kit.jpg"
"645";"/s/m/sm_5169b003l14kit.jpg"
"646";"/s/m/sm_5169b003l1kit.jpg"
"647";"/s/m/sm_5169b003l24kit.jpg"
"648";"/s/m/sm_5169b003l2kit.jpg"
"649";"/s/m/sm_5169b005.jpg"
"650";"/s/m/sm_5169b0054kit.jpg"
"651";"/s/m/sm_5169b005l14kit.jpg"
"652";"/s/m/sm_5169b005l1kit.jpg"
"653";"/s/m/sm_5169b005l24kit.jpg"
"654";"/s/m/sm_5169b005l2kit.jpg"
"655";"/s/m/sm_15989158.jpg"
"656";"/s/m/sm_0284b002.jpg"
"657";"/s/m/sm_0344b002.jpg"
"658";"/s/m/sm_0345b002.jpg"
"659";"/s/m/sm_1056b002.jpg"
"660";"/s/m/sm_1257b002.jpg"
"661";"/s/m/sm_1258b002.jpg"
"662";"/s/m/sm_1910b002.jpg"
"663";"/s/m/sm_2042b002.jpg"
"664";"/s/m/sm_2044b002.jpg"
"665";"/s/m/sm_2045b002.jpg"
"666";"/s/m/sm_2297b002.jpg"
"667";"/s/m/sm_2512a002.jpg"
"668";"/2/5/2514a002_2.jpg"
"669";"/s/m/sm_2515a003.jpg"
"670";"/s/m/sm_2520a004.jpg"
"671";"/s/m/sm_2539a007.jpg"
"672";"/s/m/sm_2569a004.jpg"
"673";"/s/m/sm_2577a002.jpg"
"674";"/s/m/sm_2751b002.jpg"
"675";"/s/m/sm_2752b002.jpg"
"676";"/s/m/sm_4657a006.jpg"
"677";"/s/m/sm_6473a003.jpg"
"678";"/s/m/sm_9321a002.jpg"
"679";"/s/m/sm_9517a002.jpg"
"680";"/r/p/rpsdn02gu1a_2.jpg"
"681";"/r/p/rpsdn04gu1a_2.jpg"
"682";"/r/p/rp_sdp02gu1k_2.jpg"
"683";"/9/6/9612a001_2.jpg"
"684";"/s/m/sm_2570b001.jpg"
"685";"/3/0/3089b001_2_1.jpg"
"686";"/s/m/sm_3527b001.jpg"
"687";"/s/m/sm_3528b001.jpg"
"688";"/s/m/sm_3601b001.jpg"
"689";"/s/m/sm_4042b001.jpg"
"690";"/s/m/sm_4712b001.jpg"
"692";"/s/m/sm_600006990.jpg"
"693";"/s/m/sm_600007019.jpg"
"694";"/s/m/sm_600007991.jpg"
"695";"/6/5/650000836_2.jpg"
"697";"/v/s/vs10c_2.jpg"
"698";"/s/m/sm_bl304blk.jpg"
"699";"/s/m/sm_dc115r.jpg"
"701";"/d/c/dc125_2.jpg"
"702";"/s/m/sm_dc401.jpg"
"703";"/d/c/dc54_2.jpg"
"704";"/s/m/sm_tr036cl8.jpg"
"705";"/s/m/sm_vivrgc7.jpg"
"706";"/s/m/sm_vivsk100.jpg"
"707";"/s/m/sm_vivsk401.jpg"
"708";"/s/m/sm_vivvt6blu.jpg"
"709";"/s/m/sm_4103b022.jpg"
"710";"/s/m/sm_4894b002.jpg"
"711";"/s/m/sm_4895b002.jpg"
"712";"/s/m/sm_cam3002.jpg"
"713";"/s/m/sm_cam3002kit.jpg"
"714";"/s/m/sm_cam3005.jpg"
"715";"/s/m/sm_cam4002.jpg"
"717";"/s/m/sm_cam4002kit.jpg"
"718";"/s/m/sm_cam5002.jpg"
"720";"/s/m/sm_cam5002kit.jpg"
"721";"/s/m/sm_cam5005.jpg"
"722";"/s/m/sm_dvr380blk.jpg"
"723";"/s/m/sm_dvr380red.jpg"
"724";"/s/m/sm_dvr411black.jpg"
"725";"/d/v/dvr411blackkit_2.jpg"
"726";"/s/m/sm_dvr411grape.jpg"
"727";"/d/v/dvr411grapekit_2.jpg"
"728";"/s/m/sm_dvr411silver.jpg"
"729";"/d/v/dvr411silverkit_2.jpg"
"730";"/s/m/sm_dvr411straw.jpg"
"731";"/d/v/dvr411strawkit_2.jpg"
"732";"/d/v/dvr850wblk_2.jpg"
"733";"/s/m/sm_dp10421g.jpg"
"734";"/s/m/sm_dp1052.jpg"
"735";"/s/m/sm_dp1452.jpg"
"736";"/s/m/sm_dp151blk.jpg"
"737";"/s/m/sm_dp151wht.jpg"
"738";"/s/m/sm_dp700blk.jpg"
"739";"/s/m/sm_dp700wd.jpg"
"740";"/s/m/sm_dp730.jpg"
"741";"/s/m/sm_dp750.jpg"
"742";"/s/m/sm_dp843.jpg"
"744";"/s/m/sm_dp860.jpg"
"745";"/s/m/sm_dp862.jpg"
"746";"/s/m/sm_2897a002.jpg"
"747";"/s/m/sm_1950b001.jpg"
"748";"/s/m/sm_2478a002.jpg"
"749";"/s/m/sm_2805b002.jpg"
"750";"/6/2/6243b001_2.jpg"
"751";"/6/0/600004447_2.jpg"
"752";"/s/m/sm_2764b003.jpg"
"753";"/s/m/sm_2764b003l2kit.jpg"
"754";"/s/m/sm_ledtv1526.jpg"
"755";"/s/m/sm_ledtv1926.jpg"
"756";"/s/m/sm_ledtv2326.jpg"
"758";"/s/m/sm_ledtv3226.jpg"
"760";"/1/9/19me402v_f7_2.jpg"
"761";"/s/m/sm_tcl32e5.jpg"
"762";"/s/m/sm_tcl37e5.jpg"
"763";"/s/m/sm_tcl42d30.jpg"
"764";"/s/m/sm_tcl42e30.jpg"
"765";"/s/m/sm_tcl42e50.jpg"
"766";"/s/m/sm_tcl42et5.jpg"
"772";"/s/m/sm_lc42le540u.jpg"
"800";"/t/f/tf_tv1225_2.jpg"
"802";"/s/m/sm_tftv3227.jpg"
"804";"/s/m/sm_tftv3229.jpg"
"805";"/s/m/sm_tftv4025.jpg"
"806";"/s/m/sm_tftv992.jpg"
"807";"/s/m/sm_19mf301bf7.jpg"
"808";"/s/m/sm_26md301bf7.jpg"
"809";"/s/m/sm_26mf301bf7.jpg"
"810";"/s/m/sm_32mf301bf7.jpg"
"811";"/s/m/sm_tcl32c3.jpg"
"812";"/s/m/sm_tcl32c5.jpg"
"813";"/s/m/sm_tcl32x30.jpg"
"814";"/s/m/sm_tcl32x5.jpg"
"815";"/s/m/sm_tcl42u5.jpg"
"816";"/s/m/sm_19pfl3505df7.jpg"
"817";"/s/m/sm_32pfl3506df7.jpg"
"818";"/s/m/sm_40pfl5706df7.jpg"
"821";"/s/m/sm_lc32b56.jpg"
"822";"/s/m/sm_sc261fs.jpg"
"826";"/s/m/sm_lc42sv50u.jpg"
"828";"/s/m/sm_ledvd1596.jpg"
"829";"/s/m/sm_ledvd1996.jpg"
"830";"/s/m/sm_ledvd2396.jpg"
"832";"/s/m/sm_tfdvd2395.jpg"
"834";"/s/m/sm_tfdvd3295.jpg"
"836";"/s/m/sm_19md301bf7.jpg"
"837";"/s/m/sm_32md301bf7.jpg"
"838";"/s/m/sm_ktfdvd1093svr.jpg"
"839";"/s/m/sm_ktfdvd1560svr.jpg"
"840";"/s/m/sm_ktfdvd7093svr.jpg"
"841";"/a/n/an_k15lp_2.jpg"
"842";"/t/y/ty_ep3d10_2.jpg"
"843";"/s/m/sm_tyer3d4mu.jpg"
"844";"/s/m/sm_an3dg20b.jpg"
"845";"/s/m/sm_ant806.jpg"
"846";"/s/m/sm_rcr6473n.jpg"
"847";"/s/m/sm_rcr812n.jpg"
"848";"/s/m/sm_rcrf03b.jpg"
"849";"/s/m/sm_rcrp05b.jpg"
"850";"/s/m/sm_rcrv06gr.jpg"
"851";"/s/m/sm_cyagpd.jpg"
"852";"/s/m/sm_cymgpd.jpg"
"853";"/d/y/dywl5_2.jpg"
"854";"/t/y/ty_cc20w_2.jpg"
"855";"/t/y/ty_wl20u_2.jpg"
"883";"/d/s/ds40_2.jpg"
"884";"/p/s/ps200_2.jpg"
"886";"/s/c/scs221_2.jpg"
"887";"/v/f/vf2012-b1_2.jpg"
"897";"/a/c/acc925_2.jpg"
"898";"/a/c/acc931_2.jpg"
"899";"/a/c/acc932_2.jpg"
"902";"/s/m/sm_cm50.jpg"
"903";"/s/m/sm_cm60.jpg"
"905";"/d/s/ds135_2.jpg"
"927";"/m/s/msa101_2.jpg"
"930";"/p/f/pf632_2.jpg"
"931";"/s/m/sm_pf640.jpg"
"932";"/s/m/sm_pf650.jpg"
"933";"/s/m/sm_pf660.jpg"
"934";"/p/l/plck-unl_2.jpg"
"935";"/s/f/sf16d_2.jpg"
"936";"/s/f/sf24d_2.jpg"
"938";"/s/m/sm_sf630p.jpg"
"939";"/s/f/sf632p_2.jpg"
"940";"/s/m/sm_tvf2x2.jpg"
"941";"/s/m/sm_ll22b1.jpg"
"943";"/s/f/sf640_2.jpg"
"944";"/s/m/sm_sf640p.jpg"
"945";"/s/f/sf650p_2.jpg"
"946";"/s/m/sm_sf660p.jpg"
"947";"/s/m/sm_sf670p.jpg"
"948";"/s/f/sf680_2.jpg"
"949";"/s/f/sf680p_2.jpg"
"950";"/s/m/sm_suf640p.jpg"
"951";"/s/m/sm_suf650p.jpg"
"952";"/s/m/sm_suf660p.jpg"
"953";"/l/l/ll11-b1_2.jpg"
"954";"/s/m/sm_lt25b1.jpg"
"955";"/s/m/sm_mll10b1.jpg"
"956";"/s/m/sm_mll12b1.jpg"
"957";"/s/m/sm_mml12b1.jpg"
"958";"/s/m/sm_mt25b1.jpg"
"959";"/v/l/vll10-b1_2.jpg"
"960";"/v/l/vlt14-b1_2.jpg"
"961";"/v/l/vlt15-b1_2.jpg"
"962";"/s/m/sm_vmfl1b.jpg"
"963";"/v/m/vml10-b1_2.jpg"
"964";"/s/m/sm_vmpl3b.jpg"
"965";"/v/m/vmt14-b1_2.jpg"
"966";"/v/m/vmt15-b1_2.jpg"
"970";"/s/m/sm_onetp.jpg"
"973";"/s/m/sm_pft640.jpg"
"974";"/s/m/sm_pft660.jpg"
"975";"/p/s/ps-1_2.jpg"
"977";"/s/m/sm_pt632.jpg"
"978";"/s/m/sm_pt640.jpg"
"979";"/s/m/sm_pt650.jpg"
"980";"/s/m/sm_pt660.jpg"
"981";"/r/t/rtfpt2-320_2.jpg"
"983";"/s/p/sp850-unlp_2_1.jpg"
"984";"/s/p/sp850-unlp-s_2.jpg"
"986";"/s/m/sm_st630p.jpg"
"987";"/s/m/sm_st632.jpg"
"988";"/s/m/sm_st632p.jpg"
"989";"/s/t/st635_2.jpg"
"990";"/s/t/st635p_2.jpg"
"991";"/s/t/st640_2.jpg"
"992";"/s/m/sm_st640p.jpg"
"993";"/s/t/st650_2.jpg"
"994";"/s/t/st650p_2.jpg"
"995";"/s/t/st660_2.jpg"
"996";"/s/m/sm_st660p.jpg"
"997";"/s/m/sm_st670.jpg"
"998";"/s/t/st670p_2.jpg"
"999";"/s/m/sm_st680p.jpg"
"1000";"/s/m/sm_sut632p.jpg"
"1001";"/s/m/sm_sut645p.jpg"
"1002";"/s/m/sm_sut660p.jpg"
"1004";"/s/m/sm_mlt13b1.jpg"
"1005";"/s/m/sm_mlt15b1.jpg"
"1006";"/s/m/sm_mmt15b1.jpg"
"1007";"/s/m/sm_mst15b1.jpg"
"1008";"/s/m/sm_vmfb.jpg"
"1009";"/v/m/vmpl50a-b1_2.jpg"
"1010";"/v/s/vst15-b1_2.jpg"
"1012";"/s/m/sm_pa730.jpg"
"1014";"/s/m/sm_pa740.jpg"
"1016";"/p/a/pa760_2.jpg"
"1017";"/p/l/pla50-unl_2.jpg"
"1018";"/p/l/pla50-unlp-gb_2.jpg"
"1021";"/p/l/pla60-unl-s_2.jpg"
"1022";"/s/m/sm_sa730p.jpg"
"1023";"/s/m/sm_sa740p.jpg"
"1026";"/s/a/sa752pu_2.jpg"
"1027";"/s/m/sm_sa760p.jpg"
"1029";"/s/m/sm_sa761pu.jpg"
"1030";"/s/m/sm_sa763pu.jpg"
"1031";"/s/m/sm_sa770pu.jpg"
"1032";"/s/m/sm_sa770pus.jpg"
"1034";"/s/p/sp730p_2.jpg"
"1035";"/s/p/sp740p_2.jpg"
"1037";"/s/m/sm_sua750pu.jpg"
"1040";"/s/m/sm_tva2x2.jpg"
"1041";"/s/m/sm_lf228b1.jpg"
"1042";"/m/f/mf202-b1_2.jpg"
"1043";"/s/a/sanus-systems-mf215-b1-1537-lcd-tv-15-extending-full-motion-mount-black.jpg"
"1044";"/s/m/sm_mlf10b1.jpg"
"1045";"/s/m/sm_mlf20b1.jpg"
"1046";"/s/m/sm_mmf10b1.jpg"
"1047";"/s/m/sm_mmf15b1.jpg"
"1048";"/s/m/sm_msf07b1.jpg"
"1049";"/s/f/sf203-b1_2.jpg"
"1050";"/s/f/sf213-b1_2.jpg"
"1051";"/s/m/sm_vlf210b1.jpg"
"1052";"/s/m/sm_vlf220b1.jpg"
"1054";"/s/m/sm_vmaa26b01.jpg"
"1055";"/v/m/vmf220_2.jpg"
"1056";"/v/x/vxf220-b1_2.jpg"
"1057";"/s/m/sm_xf228b1.jpg"
"1058";"/l/a/la112b1_2.jpg"
"1061";"/v/l/vlmf109-b1_2.jpg"
"1063";"/s/m/sm_im760p.jpg"
"1064";"/l/r/lr1a-b1_2.jpg"
"1065";"/s/m/sm_lr1aw1.jpg"
"1066";"/l/r/lrf118-b1_2.jpg"
"1068";"/p/a/pag-unv_2_2.jpg"
"1071";"/s/m/sm_pjf2unv.jpg"
"1072";"/p/j/pjf2-unv-s_2.jpg"
"1073";"/p/p/ppa_2.jpg"
"1074";"/p/p/ppa-w_2.jpg"
"1077";"/s/m/sm_prgexa.jpg"
"1080";"/p/r/prg-unv-w_2.jpg"
"1081";"/p/r/prskit0811_2.jpg"
"1084";"/p/r/prsunv_2.jpg"
"1086";"/p/r/prs-unv-w_2.jpg"
"1087";"/p/s/psta-2955-w_2.jpg"
"1088";"/p/s/pstk-028_2.jpg"
"1089";"/p/s/pstk-2955-w_2.jpg"
"1092";"/a/c/acc050_2.jpg"
"1093";"/a/c/acc109_2.jpg"
"1097";"/a/c/acc550_2.jpg"
"1098";"/a/c/acc556_2.jpg"
"1099";"/a/c/acc557_2.jpg"
"1100";"/a/c/acc559_2.jpg"
"1106";"/a/c/acc640b_2.jpg"
"1110";"/a/c/acc845_2.jpg"
"1113";"/a/c/acc918_2.jpg"
"1114";"/a/c/acc919_2.jpg"
"1117";"/a/d/add0406_2.jpg"
"1119";"/a/d/adj0608_2.jpg"
"1120";"/a/d/adj0709_2.jpg"
"1121";"/a/d/adj0810_2.jpg"
"1123";"/a/e/aec006009w_2.jpg"
"1127";"/a/e/aec0305_2.jpg"
"1135";"/c/m/cmj310_2.jpg"
"1136";"/c/m/cmj450_2.jpg"
"1137";"/c/m/cmj455_2.jpg"
"1138";"/c/m/cmj470_2.jpg"
"1142";"/d/c/dct100_2.jpg"
"1144";"/e/x/ext102_2.jpg"
"1145";"/e/x/ext103_2.jpg"
"1147";"/e/x/ext110_2.jpg"
"1148";"/l/c/lcc18_2.jpg"
"1149";"/l/c/lcc_18c_2.jpg"
"1150";"/l/c/lcc36_2.jpg"
"1151";"/l/c/lcc36-c_2.jpg"
"1152";"/p/c/pc932a_2.jpg"
"1153";"/p/c/pc932b_2.jpg"
"1154";"/p/c/pc932c_2.jpg"
"1155";"/p/l/plb-1_2.jpg"
"1157";"/p/l/plcm-1cp_2.jpg"
"1158";"/p/l/plcm-2_2.jpg"
"1162";"/p/l/plcm-unl_2.jpg"
"1163";"/p/l/plcm-unl-cp_2.jpg"
"1164";"/l/c/lc1a_2.jpg"
"1165";"/l/c/lc2a_2.jpg"
"1166";"/l/c/lch-100_2.jpg"
"1169";"/m/d/md115-g1_2.jpg"
"1170";"/v/m/vmpo1b_2.jpg"
"1171";"/s/m/sm_vmuc1s.jpg"
"1172";"/a/c/acc313_2.jpg"
"1173";"/a/c/acc314_2.jpg"
"1174";"/a/c/acc320_2.jpg"
"1175";"/a/c/acc322_2.jpg"
"1176";"/a/c/acc324_2.jpg"
"1177";"/s/r/sr560g_2.jpg"
"1178";"/s/r/sr560m_2.jpg"
"1179";"/s/t/st660p_2.jpg"
"1180";"/p/l/plp-un1_2.jpg"
"1181";"/p/l/plp-unl_2.jpg"
"1182";"/p/l/plp-unlp_2.jpg"
"1183";"/p/l/plp-unm_2.jpg"
"1184";"/p/l/plpunmp_2.jpg"
"1186";"/p/l/plp-v8x4_2.jpg"
"1189";"/w/s/wsp716gb_2.jpg"
"1191";"/s/m/sm_aiclntchs.jpg"
"1192";"/s/m/sm_aiiphiclnsv2129871.jpg"
"1193";"/s/m/sm_fsclnkitsm1.jpg"
"1194";"/s/m/sm_fsclnkitsm2127955.jpg"
"1195";"/m/c/mcclnkitltop_2.jpg"
"1196";"/s/m/sm_mcclnkitptbl.jpg"
"1197";"/m/c/mcclntchpen_2.jpg"
"1198";"/s/m/sm_tvclnkit126634.jpg"
"1199";"/a/c/acc415_2.jpg"
"1202";"/p/l/plt-blk_2.jpg"
"1203";"/v/p/vpm25-j_2.jpg"
"1204";"/v/p/vpm40-j_2.jpg"
"1206";"/w/m/wmj022_2.jpg"
"1207";"/s/m/sm_fsavfl200120241.jpg"
"1208";"/f/s/fshtsst300_2.jpg"
"1209";"/s/m/sm_fsmphts200109460.jpg"
"1210";"/f/s/fsmphts350121588_2.jpg"
"1211";"/h/p/hpmmdp650ges_2.png"
"1212";"/s/m/sm_mpap200121507.jpg"
"1213";"/s/m/sm_mpav200109345.jpg"
"1214";"/s/m/sm_mpav600109300.jpg"
"1215";"/s/m/sm_mpav800109301.jpg"
"1216";"/s/m/sm_mphdp650.jpg"
"1217";"/m/p/mphdp850g_2.jpg"
"1218";"/m/p/mphdp900_2.jpg"
"1219";"/s/m/sm_mpht200109354.jpg"
"1220";"/s/m/sm_mpht800109302.jpg"
"1221";"/s/m/sm_mphtfsiwhc125271.jpg"
"1222";"/s/m/sm_mphts5100mkii.jpg"
"1223";"/s/m/sm_mphts1000mkiii121533.jpg"
"1224";"/s/m/sm_mphts700109315.jpg"
"1225";"/s/m/sm_mphts800hp109305.jpg"
"1226";"/s/m/sm_mphts850109358.jpg"
"1227";"/s/m/sm_mphts950121515.jpg"
"1228";"/s/m/sm_mpotg300usbefs121538.jpg"
"1229";"/m/p/mpotg300ltop_2.jpg"
"1230";"/s/m/sm_mpotg400wh109162.jpg"
"1231";"/s/m/sm_pchstat1r.jpg"
"1232";"/s/m/sm_pswts6.jpg"
"1233";"/s/m/sm_hdmi06.jpg"
"1234";"/s/m/sm_hdmi12lt.jpg"
"1235";"/a/c/ac120fx1_2.png"
"1236";"/a/c/ac140fx1_2.png"
"1237";"/s/m/sm_mc500hd1m127662.jpg"
"1238";"/s/m/sm_mc500hd2m127663.jpg"
"1239";"/s/m/sm_mc500hd4m127664.jpg"
"1240";"/s/m/sm_mc800hd1m128074.jpg"
"1241";"/s/m/sm_mc800hd2m128078.jpg"
"1242";"/s/m/sm_mc800hd4m128079.jpg"
"1243";"/s/m/sm_mc800hd6m128080.jpg"
"1244";"/s/m/sm_mchdmib1m.jpg"
"1245";"/s/m/sm_mchdmib2m.jpg"
"1246";"/v/a/vahdmicpl140320_2.jpg"
"1247";"/s/m/sm_vahdmiradpt140321.jpg"
"1248";"/s/m/sm_rpcdhf15k.jpg"
"1249";"/s/m/sm_rpcdhf30k.jpg"
"1250";"/s/m/sm_rpcdhs15w.jpg"
"1251";"/r/p/rp-chem15-k_2.jpg"
"1252";"/r/p/rp-chem30-k_2_1.jpg"
"1253";"/r/p/rp-ches15-k_2.jpg"
"1254";"/r/p/rp-ches30-k_2.jpg"
"1255";"/r/p/rp-ches50-k_2.jpg"
"1256";"/r/p/rp-cheu15-k_2.jpg"
"1257";"/s/m/sm_dh12hh.jpg"
"1258";"/s/m/sm_dh3hh.jpg"
"1259";"/s/m/sm_dh6hh.jpg"
"1260";"/s/m/sm_dh9hh.jpg"
"1261";"/s/m/sm_pr384.jpg"
"1262";"/s/m/sm_vivhdmimini.jpg"
"1263";"/s/m/sm_bsv1r2m140184.jpg"
"1264";"/c/p/cprg6q-clez500_103417_2.jpg"
"1265";"/s/m/sm_thxi100dcx4126030.jpg"
"1266";"/s/m/sm_thxi100dcx8126031.jpg"
"1267";"/s/m/sm_thxv100cv16126046.jpg"
"1268";"/s/m/sm_thxv100cv4126044.jpg"
"1269";"/s/m/sm_thxv100cv8126045.jpg"
"1270";"/s/m/sm_thxv100r8126039.jpg"
"1271";"/s/m/sm_thxv100sv8126042.jpg"
"1272";"/t/h/thxv100f-8_126035_2.jpg"
"1273";"/s/m/sm_bi2001m140178.jpg"
"1274";"/s/m/sm_bi2002m140179.jpg"
"1275";"/m/l/mlmt-h132083_2.png"
"1276";"/s/m/sm_xpms20mkii127863.jpg"
"1277";"/s/m/sm_xpms50mkii.jpg"
"1278";"/c/i/citmbk-16_2.jpg"
"1279";"/s/m/sm_citmbk8129703.jpg"
"1280";"/s/m/sm_fspackhdmi130421.jpg"
"1281";"/s/m/sm_hdconnectionkit.jpg"
"1282";"/s/m/sm_hdperformancekit.jpg"
"1283";"/s/m/sm_hdstarterkit.jpg"
"1284";"/s/m/sm_starterbundle.jpg"
"1285";"/s/m/sm_bbhcm371a.jpg"
"1286";"/s/m/sm_bbhcm511a.jpg"
"1287";"/s/m/sm_bbhcm527a.jpg"
"1288";"/s/m/sm_bbhcm531a.jpg"
"1289";"/s/m/sm_bbhcm547a.jpg"
"1290";"/s/m/sm_bbhcm580a.jpg"
"1291";"/s/m/sm_bbhcm581a.jpg"
"1292";"/s/m/sm_bbhcm701a.jpg"
"1293";"/s/m/sm_bbhcm715a.jpg"
"1294";"/s/m/sm_bbhcs301a.jpg"
"1295";"/s/m/sm_blc101a.jpg"
"1296";"/s/m/sm_blc121a.jpg"
"1297";"/s/m/sm_blc140a.jpg"
"1298";"/s/m/sm_blc160a.jpg"
"1299";"/s/m/sm_blc210.jpg"
"1300";"/s/m/sm_blc230.jpg"
"1301";"/s/m/sm_udw10003.jpg"
"1302";"/s/m/sm_udw20055.jpg"
"1303";"/s/m/sm_sw211hty.jpg"
"1304";"/s/m/sm_sw344dwd.jpg"
"1305";"/s/m/sm_sw234pc2.jpg"
"1306";"/s/m/sm_sw244bvd.jpg"
"1307";"/s/m/sm_sw361obc.jpg"
"1308";"/s/m/sm_sw361rmc.jpg"
"1309";"/s/m/sm_sw361thc.jpg"
"1310";"/s/m/sm_swadsdoorch.jpg"
"1311";"/s/m/sm_swsacsportscam.jpg"
"1312";"/s/m/sm_sw343dpm.jpg"
"1313";"/s/m/sm_sw344dps.jpg"
"1314";"/s/m/sm_sw3467mc.jpg"
"1315";"/s/m/sm_swdvk425504us.jpg"
"1316";"/s/m/sm_swdvk426004.jpg"
"1317";"/s/m/sm_swdvk825504us.jpg"
"1318";"/s/m/sm_swdvk825508us.jpg"
"1319";"/s/m/sm_swdvk826008.jpg"
"1320";"/s/m/sm_kxtg1061m.jpg"
"1321";"/s/m/sm_kxtg1062m.jpg"
"1322";"/s/m/sm_kxtg4011n.jpg"
"1323";"/s/m/sm_kxtg4012n.jpg"
"1324";"/s/m/sm_kxtg4013n.jpg"
"1325";"/s/m/sm_kxtg4021n.jpg"
"1326";"/s/m/sm_kxtg4022n.jpg"
"1327";"/s/m/sm_kxtg4023n.jpg"
"1328";"/s/m/sm_kxtg4024n.jpg"
"1329";"/s/m/sm_kxtg4025n.jpg"
"1330";"/s/m/sm_kxtg4032b.jpg"
"1331";"/s/m/sm_kxtg4132m.jpg"
"1332";"/s/m/sm_kxtg4132n.jpg"
"1333";"/s/m/sm_kxtg4133n.jpg"
"1334";"/s/m/sm_kxtg6511b.jpg"
"1335";"/s/m/sm_kxtg6512b.jpg"
"1336";"/s/m/sm_kxtg6513b.jpg"
"1337";"/s/m/sm_kxtg6532b.jpg"
"1338";"/s/m/sm_kxtg6533b.jpg"
"1339";"/s/m/sm_kxtg6572c.jpg"
"1340";"/s/m/sm_kxtg6572r.jpg"
"1341";"/s/m/sm_kxtg6591t.jpg"
"1342";"/s/m/sm_kxtg6592t.jpg"
"1343";"/s/m/sm_kxtg6633b.jpg"
"1344";"/s/m/sm_kxtg6641b.jpg"
"1345";"/s/m/sm_kxtg6643b.jpg"
"1346";"/s/m/sm_kxtg6644b.jpg"
"1347";"/s/m/sm_kxtg6645b.jpg"
"1348";"/s/m/sm_kxtg6671b.jpg"
"1349";"/s/m/sm_kxtg6672b.jpg"
"1350";"/s/m/sm_kxtg7622b.jpg"
"1351";"/s/m/sm_kxtg7623b.jpg"
"1352";"/s/m/sm_kxtg7642m.jpg"
"1353";"/s/m/sm_kxtg7643m.jpg"
"1354";"/s/m/sm_kxtg7644m.jpg"
"1355";"/s/m/sm_kxtg7645m.jpg"
"1356";"/s/m/sm_kxtg9321t.jpg"
"1357";"/s/m/sm_kxtg9322t.jpg"
"1358";"/s/m/sm_kxtg9381t.jpg"
"1359";"/s/m/sm_kxtg9382t.jpg"
"1360";"/s/m/sm_kxtg9391t.jpg"
"1361";"/s/m/sm_kxtg9392t.jpg"
"1362";"/s/m/sm_kxtg9471b.jpg"
"1363";"/s/m/sm_kxtg9472b.jpg"
"1364";"/s/m/sm_kxtga939t.jpg"
"1365";"/s/m/sm_d1660.jpg"
"1366";"/s/m/sm_d16602.jpg"
"1367";"/s/m/sm_d16603.jpg"
"1368";"/s/m/sm_d1680.jpg"
"1369";"/s/m/sm_d16802.jpg"
"1370";"/s/m/sm_d16803.jpg"
"1371";"/s/m/sm_d16804.jpg"
"1372";"/s/m/sm_d16852.jpg"
"1373";"/s/m/sm_d16853.jpg"
"1374";"/s/m/sm_d22802.jpg"
"1375";"/s/m/sm_d2997.jpg"
"1376";"/s/m/sm_d32802.jpg"
"1377";"/s/m/sm_d32882.jpg"
"1378";"/s/m/sm_dect4066.jpg"
"1379";"/s/m/sm_dect4086.jpg"
"1380";"/s/m/sm_dect4096.jpg"
"1381";"/s/m/sm_kxtg4500b.jpg"
"1382";"/s/m/sm_kxtg6445t.jpg"
"1383";"/s/m/sm_kxtg7532b.jpg"
"1384";"/s/m/sm_kxtga401b.jpg"
"1385";"/s/m/sm_kxtga641t.jpg"
"1386";"/s/m/sm_kxtga651b.jpg"
"1387";"/s/m/sm_kxtga740b.jpg"
"1388";"/s/m/sm_kxtga750b.jpg"
"1389";"/s/m/sm_d16882.jpg"
"1390";"/s/m/sm_kxts105b.jpg"
"1391";"/s/m/sm_kxts105w.jpg"
"1392";"/s/m/sm_kxts108w.jpg"
"1393";"/s/m/sm_kxts208w.jpg"
"1394";"/s/m/sm_kxts3282b.jpg"
"1395";"/s/m/sm_kxts3282w.jpg"
"1396";"/s/m/sm_kxts4100b.jpg"
"1397";"/s/m/sm_kxts4200b.jpg"
"1398";"/s/m/sm_kxts4300b.jpg"
"1399";"/s/m/sm_kxts500b.jpg"
"1400";"/s/m/sm_kxts500w.jpg"
"1401";"/s/m/sm_kxts550b.jpg"
"1402";"/s/m/sm_kxts550w.jpg"
"1403";"/s/m/sm_kxts620b.jpg"
"1404";"/s/m/sm_kxts620w.jpg"
"1405";"/s/m/sm_kxts880w.jpg"
"1406";"/s/m/sm_kxtsc11b.jpg"
"1407";"/s/m/sm_kxtsc11w.jpg"
"1408";"/s/m/sm_1380bk.jpg"
"1409";"/s/m/sm_cez260w.jpg"
"1410";"/s/m/sm_kxfa103.jpg"
"1411";"/s/m/sm_kxfa135.jpg"
"1412";"/s/m/sm_kxfa136.jpg"
"1413";"/s/m/sm_kxfa83.jpg"
"1414";"/s/m/sm_kxfa84.jpg"
"1415";"/s/m/sm_kxfa85.jpg"
"1416";"/s/m/sm_kxfa87.jpg"
"1417";"/s/m/sm_kxfa91.jpg"
"1418";"/s/m/sm_kxfa92.jpg"
"1419";"/s/m/sm_kxfa93.jpg"
"1420";"/s/m/sm_kxfab318.jpg"
"1421";"/s/m/sm_kxfad452.jpg"
"1422";"/s/m/sm_kxfad93.jpg"
"1423";"/s/m/sm_kxfadc510.jpg"
"1424";"/s/m/sm_kxfadk511.jpg"
"1425";"/s/m/sm_kxfap106.jpg"
"1426";"/s/m/sm_kxfap317.jpg"
"1427";"/s/m/sm_kxfat92.jpg"
"1428";"/s/m/sm_kxfatc501.jpg"
"1429";"/s/m/sm_kxfatc506.jpg"
"1430";"/s/m/sm_kxfatk504.jpg"
"1431";"/s/m/sm_kxfatk509.jpg"
"1432";"/s/m/sm_kxfatm502.jpg"
"1433";"/s/m/sm_kxfatm507.jpg"
"1434";"/s/m/sm_kxfaty503.jpg"
"1435";"/s/m/sm_kxfaty508.jpg"
"1436";"/s/m/sm_kxfaw505.jpg"
"1437";"/s/m/sm_kxfl511.jpg"
"1438";"/s/m/sm_kxfp205.jpg"
"1439";"/s/m/sm_kxfp215.jpg"
"1442";"/s/m/sm_kxmb2000.jpg"
"1443";"/s/m/sm_kxmb2010.jpg"
"1444";"/s/m/sm_kxmb2030.jpg"
"1445";"/s/m/sm_kxmb2061.jpg"
"1446";"/s/m/sm_kxmb3020.jpg"
"1447";"/s/m/sm_kxmc6040.jpg"
"1450";"/s/m/sm_eramidnight.jpg"
"1451";"/s/m/sm_erashadowbox.jpg"
"1452";"/s/m/sm_erasilverlining.jpg"
"1453";"/s/m/sm_erasmokescreen.jpg"
"1454";"/s/m/sm_iconhdthinkerblack.jpg"
"1455";"/s/m/sm_jbg06blvhd.jpg"
"1456";"/s/m/sm_bt110.jpg"
"1457";"/s/m/sm_blpa300a.jpg"
"1458";"/s/m/sm_blpa300kta.jpg"
"1459";"/s/m/sm_hhr4dpa.jpg"
"1460";"/s/m/sm_hhrp104a.jpg"
"1461";"/s/m/sm_hhrp105a.jpg"
"1462";"/s/m/sm_hhrp402a.jpg"
"1463";"/s/m/sm_kxtca400.jpg"
"1464";"/s/m/sm_kxtca430.jpg"
"1465";"/s/m/sm_kxtca60.jpg"
"1467";"/s/m/sm_kxtga101s.jpg"
"1468";"/s/m/sm_kxtga106m.jpg"
"1469";"/s/m/sm_kxtga405b.jpg"
"1470";"/s/m/sm_kxtga410b.jpg"
"1471";"/s/m/sm_kxtga410m.jpg"
"1472";"/s/m/sm_kxtga430b.jpg"
"1473";"/s/m/sm_kxtga450b.jpg"
"1476";"/s/m/sm_kxtga630s.jpg"
"1478";"/s/m/sm_kxtga660b.jpg"
"1479";"/s/m/sm_kxtga660m.jpg"
"1480";"/s/m/sm_kxtga930t.jpg"
"1481";"/p/-/p-p301pa-1b_2.jpg"
"1482";"/s/m/sm_dcx220.jpg"
"1483";"/s/m/sm_dcx320.jpg"
"1484";"/s/m/sm_dcx400.jpg"
"1485";"/s/m/sm_mid10458.jpg"
"1486";"/s/m/sm_mid11254g.jpg"
"1487";"/s/m/sm_mid70124g.jpg"
"1489";"/s/m/sm_mid70144g.jpg"
"1490";"/s/m/sm_mid70164g.jpg"
"1493";"/s/m/sm_mid71274g.jpg"
"1495";"/s/m/sm_mid81254g.jpg"
"1497";"/s/m/sm_streak716gray.jpg"
"1501";"/s/m/sm_streak716grayutmo.jpg"
"1502";"/s/m/sm_gtp1010cw16arb.jpg"
"1503";"/s/m/sm_gtp6210ma16arb.jpg"
"1504";"/s/m/sm_gtp7510ma16arb.jpg"
"1506";"/s/m/sm_gtp7510ma32arb.jpg"
"1508";"/s/m/sm_gtp7510uw16arb.jpg"
"1509";"/s/m/sm_gtp7510uw32arb.jpg"
"1512";"/m/p/mpa-kit10-1_2.jpg"
"1513";"/m/p/mpa-kit8-1_2.jpg"
"1514";"/s/m/sm_iad529blk.jpg"
"1515";"/s/m/sm_iss1110.jpg"
"1516";"/s/m/sm_iss1312.jpg"
"1521";"/s/m/sm_deh1300mp.jpg"
"1522";"/s/m/sm_deh2400ub.jpg"
"1523";"/s/m/sm_deh3400ub.jpg"
"1524";"/s/m/sm_deh4400hd.jpg"
"1525";"/s/m/sm_deh6400bt.jpg"
"1526";"/s/m/sm_deh80prs.jpg"
"1527";"/s/m/sm_dehp7400hd.jpg"
"1528";"/s/m/sm_dehp8400bh.jpg"
"1529";"/s/m/sm_dehp9400bh.jpg"
"1530";"/c/d/cdxp680_2.jpg"
"1531";"/s/m/sm_gm3500t.jpg"
"1532";"/s/m/sm_gm5500t.jpg"
"1533";"/s/m/sm_gm6500f.jpg"
"1534";"/s/m/sm_gmd7500m.jpg"
"1535";"/s/m/sm_gmd8500m.jpg"
"1536";"/s/m/sm_gmd9500f.jpg"
"1537";"/s/m/sm_prsd800.jpg"
"1538";"/h/b/hbx-10_2.jpg"
"1539";"/s/m/sm_tssw2501s2.jpg"
"1540";"/t/s/ts-sw2501s4_2.jpg"
"1541";"/s/m/sm_tssw251.jpg"
"1542";"/s/m/sm_tssw3001s2.jpg"
"1543";"/s/m/sm_tssw3001s4.jpg"
"1545";"/s/m/sm_tssw841d.jpg"
"1546";"/s/m/sm_tsswx251.jpg"
"1547";"/s/m/sm_tsswx310.jpg"
"1548";"/s/m/sm_tsw2502d2.jpg"
"1549";"/s/m/sm_tsw2502d4.jpg"
"1550";"/s/m/sm_tsw253r.jpg"
"1551";"/t/s/ts-w254r_2.jpg"
"1552";"/s/m/sm_tsw259d4.jpg"
"1553";"/s/m/sm_tsw259s4.jpg"
"1554";"/s/m/sm_tsw3002d2.jpg"
"1555";"/s/m/sm_tsw3002d4.jpg"
"1556";"/t/s/ts-w304r_2.jpg"
"1557";"/s/m/sm_tsw309d4.jpg"
"1558";"/s/m/sm_tsw309s4.jpg"
"1559";"/s/m/sm_tsa1072r.jpg"
"1560";"/t/s/ts-a1302c_2.jpg"
"1561";"/s/m/sm_tsa1304c.jpg"
"1562";"/s/m/sm_tsa1374r.jpg"
"1563";"/s/m/sm_tsa1604c.jpg"
"1564";"/s/m/sm_tsa1674r.jpg"
"1565";"/s/m/sm_tsa1684r.jpg"
"1566";"/t/s/ts-a1702c_2.jpg"
"1567";"/s/m/sm_tsa4103.jpg"
"1568";"/s/m/sm_tsa4674r.jpg"
"1569";"/s/m/sm_tsa6874r.jpg"
"1570";"/s/m/sm_tsa6964r.jpg"
"1571";"/s/m/sm_tsa6974r.jpg"
"1572";"/s/m/sm_tsa6984r.jpg"
"1573";"/s/m/sm_tsa6994r.jpg"
"1574";"/t/s/tsa878_2.jpg"
"1575";"/s/m/sm_tsd1002r.jpg"
"1576";"/s/m/sm_tsd1302r.jpg"
"1577";"/t/s/ts-d1320c_2.jpg"
"1578";"/s/m/sm_tsd1602r.jpg"
"1579";"/s/m/sm_tsd1702r.jpg"
"1580";"/s/m/sm_tsd1720c.jpg"
"1581";"/s/m/sm_tsd6802r.jpg"
"1582";"/s/m/sm_tsd6902r.jpg"
"1583";"/t/s/ts-g1044r_2.jpg"
"1584";"/t/s/ts-g1344r_2.jpg"
"1585";"/t/s/ts-g1644r_2.jpg"
"1586";"/t/s/ts-g4644r_2.jpg"
"1587";"/t/s/ts-g6844r_2.jpg"
"1588";"/t/s/tsp462_2.jpg"
"1589";"/s/m/sm_tst110.jpg"
"1590";"/s/m/sm_tst15.jpg"
"1591";"/s/m/sm_tsx150.jpg"
"1592";"/s/m/sm_tsx200.jpg"
"1593";"/t/s/tsmr1600_2.jpg"
"1594";"/t/s/tsmr1640_2.jpg"
"1595";"/t/s/ts-mr2040_2.jpg"
"1596";"/s/m/sm_cdib100ii.jpg"
"1597";"/s/m/sm_cdsb10.jpg"
"1598";"/s/m/sm_cdxmpcar1.jpg"
"1599";"/s/m/sm_gexp20hd.jpg"
"1600";"/s/m/sm_gexp920xm.jpg"
"1601";"/d/e/deq-7600_2.jpg"
"1602";"/d/e/deq9200_2.jpg"
"1603";"/a/d/admr92_2.jpg"
"1604";"/s/m/sm_adtva133.jpg"
"1605";"/c/d/cdar600_2.jpg"
"1606";"/s/m/sm_cdi200.jpg"
"1607";"/s/m/sm_cdiu200v.jpg"
"1608";"/s/m/sm_cdiu201s.jpg"
"1609";"/s/m/sm_cdiu201v.jpg"
"1610";"/s/m/sm_cdiu205v.jpg"
"1611";"/s/m/sm_cdiu230v.jpg"
"1612";"/s/m/sm_cdiu50v.jpg"
"1613";"/s/m/sm_cdiu51.jpg"
"1614";"/s/m/sm_cdiu51v.jpg"
"1615";"/s/m/sm_cdmc20.jpg"
"1616";"/s/m/sm_cdmr70.jpg"
"1617";"/c/d/cd-mr80d_2.jpg"
"1618";"/s/m/sm_cdrb10.jpg"
"1619";"/s/m/sm_cdrb20.jpg"
"1620";"/s/m/sm_cdrgb26p.jpg"
"1621";"/c/d/cdrgb31e_2.jpg"
"1623";"/s/m/sm_cdsc300e.jpg"
"1624";"/s/m/sm_cdts36.jpg"
"1625";"/s/m/sm_cdu150e.jpg"
"1626";"/s/m/sm_cdu50e.jpg"
"1627";"/s/m/sm_jd1212s.jpg"
"1628";"/s/m/sm_jd612v.jpg"
"1629";"/s/m/sm_jdt1212.jpg"
"1630";"/s/m/sm_jdt612.jpg"
"1633";"/s/m/sm_udg258.jpg"
"1634";"/s/m/sm_udg308.jpg"
"1635";"/u/d/ud-sw100d_2.jpg"
"1636";"/u/d/ud-sw100t_2.jpg"
"1637";"/s/m/sm_udsw10u.jpg"
"1638";"/u/d/udsw120d_2.jpg"
"1639";"/u/d/ud-sw80d_2.jpg"
"1640";"/s/m/sm_ndbc20pa.jpg"
"1641";"/s/m/sm_ndbc5.jpg"
"1642";"/s/m/sm_cdbtb200.jpg"
"1643";"/s/m/sm_cdr510.jpg"
"1645";"/s/m/sm_cld700.jpg"
"1646";"/c/l/cld902_2.png"
"1647";"/c/l/cls-700_2_1.jpg"
"1648";"/c/l/cls902_2.jpg"
"1652";"/s/m/sm_avhp1400dvd.jpg"
"1653";"/s/m/sm_avhp2400bt.jpg"
"1654";"/s/m/sm_avhp3400bh.jpg"
"1655";"/s/m/sm_avhp4400bh.jpg"
"1656";"/s/m/sm_avhp6300bt.jpg"
"1657";"/s/m/sm_avhp8400bh.jpg"
"1658";"/s/m/sm_mvhp7300.jpg"
"1659";"/s/m/sm_mvhp8200bt.jpg"
"1660";"/s/m/sm_sphda01.jpg"
"1662";"/s/m/sm_sphda100.jpg"
"1663";"/s/m/sm_xdvp6.jpg"
"1664";"/a/d/adrm6000g_2.jpg"
"1666";"/s/m/sm_cdcir10.jpg"
"1667";"/c/f/cfd101_2.jpg"
"1668";"/c/f/cfd-133_2.jpg"
"1669";"/s/m/sm_adga10.jpg"
"1670";"/s/m/sm_cdr55.jpg"
"1671";"/s/m/sm_cdsr100.jpg"
"1672";"/s/m/sm_cdsr11.jpg"
"1673";"/s/m/sm_dezl560lmt.jpg"
"1674";"/s/m/sm_dezl560lt.jpg"
"1675";"/s/m/sm_nuvi1200cs.jpg"
"1677";"/s/m/sm_nuvi1260t.jpg"
"1678";"/s/m/sm_nuvi1300.jpg"
"1682";"/s/m/sm_nuvi1300lmbundle.jpg"
"1684";"/s/m/sm_nuvi1390lmt.jpg"
"1688";"/s/m/sm_nuvi1450lm.jpg"
"1690";"/s/m/sm_nuvi1490lmt.jpg"
"1696";"/s/m/sm_nuvi2455lt.jpg"
"1697";"/s/m/sm_nuvi2475lt.jpg"
"1698";"/s/m/sm_nuvi2555lt.jpg"
"1699";"/s/m/sm_nuvi30.jpg"
"1700";"/s/m/sm_nuvi30c.jpg"
"1701";"/s/m/sm_nuvi3450.jpg"
"1702";"/s/m/sm_nuvi3760lmt.jpg"
"1703";"/s/m/sm_nuvi3790lmt.jpg"
"1704";"/s/m/sm_nuvi40.jpg"
"1707";"/s/m/sm_nuvi40c.jpg"
"1709";"/s/m/sm_nuvi40lm.jpg"
"1712";"/s/m/sm_nuvi40lmc.jpg"
"1714";"/s/m/sm_nuvi465lmt.jpg"
"1715";"/s/m/sm_nuvi465t.jpg"
"1716";"/s/m/sm_nuvi50.jpg"
"1719";"/s/m/sm_nuvi500.jpg"
"1720";"/s/m/sm_nuvi50c.jpg"
"1722";"/s/m/sm_nuvi50lm.jpg"
"1725";"/s/m/sm_nuvi50lmc.jpg"
"1727";"/s/m/sm_nuvi550.jpg"
"1729";"/s/m/sm_edge305refurb.jpg"
"1730";"/s/m/sm_nuvi1100refurb.jpg"
"1731";"/s/m/sm_nuvi1370trefurb.jpg"
"1732";"/s/m/sm_nuvi1390lmtrefurb.jpg"
"1733";"/s/m/sm_nuvi1490lmtrefurb.jpg"
"1734";"/s/m/sm_nuvi1490trefurb.jpg"
"1735";"/s/m/sm_nuvi1690refurb.jpg"
"1737";"/s/m/sm_nuvi265trefurb.jpg"
"1738";"/s/m/sm_nuvi3790lmtrefurb.jpg"
"1739";"/s/m/sm_nuvi3790trefurb.jpg"
"1740";"/s/m/sm_nuvi50lmrefurb.jpg"
"1741";"/s/m/sm_nuvi50refurb.jpg"
"1742";"/s/m/sm_nuvi765trefurb.jpg"
"1743";"/s/m/sm_avicu220.jpg"
"1744";"/s/m/sm_avicx940bt.jpg"
"1745";"/s/m/sm_avicz140bh.jpg"
"1746";"/s/m/sm_approachg3.jpg"
"1747";"/s/m/sm_approachg5.jpg"
"1748";"/s/m/sm_astrobundle.jpg"
"1749";"/s/m/sm_dakota10.jpg"
"1750";"/s/m/sm_dakota10bundle.jpg"
"1751";"/s/m/sm_dakota20.jpg"
"1752";"/s/m/sm_etrex10.jpg"
"1754";"/s/m/sm_etrex20.jpg"
"1755";"/s/m/sm_etrex30.jpg"
"1756";"/s/m/sm_etrexh.jpg"
"1757";"/s/m/sm_etrexlegendh.jpg"
"1758";"/s/m/sm_etrexlegendhcx.jpg"
"1759";"/s/m/sm_etrexvistah.jpg"
"1760";"/s/m/sm_foretrex401.jpg"
"1761";"/s/m/sm_gps72h.jpg"
"1762";"/s/m/sm_gps72hbundle.jpg"
"1763";"/s/m/sm_gpsmap62.jpg"
"1764";"/s/m/sm_gpsmap62s.jpg"
"1765";"/s/m/sm_gpsmap62sc.jpg"
"1766";"/s/m/sm_gpsmap62st.jpg"
"1771";"/s/m/sm_gtu10.jpg"
"1775";"/s/m/sm_oregon450.jpg"
"1776";"/s/m/sm_oregon450t.jpg"
"1777";"/s/m/sm_oregon550.jpg"
"1778";"/s/m/sm_oregon550t.jpg"
"1779";"/s/m/sm_rino120.jpg"
"1780";"/s/m/sm_rino130.jpg"
"1785";"/s/m/sm_approachs1.jpg"
"1787";"/s/m/sm_forerunner110womens.jpg"
"1788";"/s/m/sm_forerunner405usbantgrn.jpg"
"1793";"/s/m/sm_foretrex301.jpg"
"1801";"/s/m/sm_gpsmap431.jpg"
"1802";"/s/m/sm_gpsmap431s.jpg"
"1803";"/s/m/sm_gpsmap441.jpg"
"1804";"/s/m/sm_gpsmap441s.jpg"
"1805";"/s/m/sm_gpsmap441swotransduc.jpg"
"1806";"/s/m/sm_0101021504.jpg"
"1807";"/0/1/010-10317-00_2.jpg"
"1808";"/s/m/sm_0101046900.jpg"
"1809";"/s/m/sm_0101068050.jpg"
"1810";"/s/m/sm_0101069100.jpg"
"1811";"/s/m/sm_0101069102.jpg"
"1812";"/s/m/sm_0101069103.jpg"
"1813";"/s/m/sm_0101075500.jpg"
"1814";"/s/m/sm_0101075900.jpg"
"1815";"/s/m/sm_0101088700.jpg"
"1816";"/s/m/sm_0101094150.jpg"
"1818";"/s/m/sm_0101097800.jpg"
"1820";"/s/m/sm_0101100101.jpg"
"1821";"/0/1/010-11115-01_2.jpg"
"1823";"/s/m/sm_0101131400.jpg"
"1824";"/s/m/sm_0101131500.jpg"
"1825";"/s/m/sm_0101131600.jpg"
"1826";"/s/m/sm_0101131700.jpg"
"1827";"/s/m/sm_0101131800.jpg"
"1828";"/s/m/sm_0101142300.jpg"
"1829";"/s/m/sm_0101155100.jpg"
"1830";"/s/m/sm_010c094800.jpg"
"1831";"/s/m/sm_010c094900.jpg"
"1832";"/s/m/sm_010c095000.jpg"
"1833";"/s/m/sm_010c095100.jpg"
"1834";"/s/m/sm_010c095200.jpg"
"1835";"/s/m/sm_010c095300.jpg"
"1836";"/s/m/sm_010c095400.jpg"
"1837";"/s/m/sm_010c095700.jpg"
"1838";"/s/m/sm_010c102700.jpg"
"1839";"/s/m/sm_010c104200.jpg"
"1840";"/c/n/cndv-1000hd_2.jpg"
"1841";"/s/m/sm_cndv100mt.jpg"
"1842";"/c/n/cnsd-110fm_2.jpg"
"1843";"/s/m/sm_cnsd150fm.jpg"
"1844";"/c/n/cnsd-200fm_2.jpg"
"1845";"/s/m/sm_cnsdopu003.jpg"
"1846";"/s/m/sm_cnsdpn20a.jpg"
"1847";"/s/m/sm_0101011702.jpg"
"1848";"/s/m/sm_0101023101.jpg"
"1849";"/s/m/sm_0101031400.jpg"
"1850";"/s/m/sm_0101057800.jpg"
"1852";"/0/1/010-10850-20_2.jpg"
"1853";"/s/m/sm_0101093601.jpg"
"1854";"/s/m/sm_0101098700.jpg"
"1855";"/0/1/010-11143-02_2.jpg"
"1856";"/s/m/sm_0101130504.jpg"
"1857";"/s/m/sm_0101147804.jpg"
"1861";"/s/m/sm_0101008500.jpg"
"1862";"/s/m/sm_0101020300.jpg"
"1863";"/s/m/sm_0101020600.jpg"
"1864";"/0/1/010-10413-00_2.jpg"
"1866";"/s/m/sm_0101056300.jpg"
"1867";"/s/m/sm_0101072300.jpg"
"1868";"/s/m/sm_0101072306.jpg"
"1871";"/s/m/sm_0101074703.jpg"
"1873";"/s/m/sm_cm012.jpg"
"1874";"/s/m/sm_gn033.jpg"
"1875";"/s/m/sm_gn042.jpg"
"1876";"/g/n/gn047_2.jpg"
"1877";"/g/n/gn097usb_2.jpg"
"1878";"/0/1/010-10305-00_2.jpg"
"1879";"/s/m/sm_0101035400.jpg"
"1880";"/s/m/sm_0101045700.jpg"
"1881";"/s/m/sm_0101072303.jpg"
"1882";"/0/1/010-10723-04_2.jpg"
"1883";"/s/m/sm_0101072308.jpg"
"1884";"/s/m/sm_0101074700.jpg"
"1885";"/s/m/sm_0101075200.jpg"
"1886";"/s/m/sm_0101082300.jpg"
"1887";"/s/m/sm_0101082302.jpg"
"1888";"/s/m/sm_0101082303.jpg"
"1889";"/s/m/sm_0101088900.jpg"
"1890";"/s/m/sm_0101090802.jpg"
"1891";"/s/m/sm_0101093100.jpg"
"1895";"/s/m/sm_0101128000.jpg"
"1896";"/s/m/sm_0101128010.jpg"
"1897";"/s/m/sm_0101030900.jpg"
"1898";"/s/m/sm_0101034700.jpg"
"1899";"/s/m/sm_0101034900.jpg"
"1900";"/s/m/sm_0101064400.jpg"
"1901";"/s/m/sm_0101072900.jpg"
"1902";"/s/m/sm_0101080400.jpg"
"1903";"/s/m/sm_0101085110.jpg"
"1904";"/s/m/sm_0101099700.jpg"
"1905";"/s/m/sm_0101109200.jpg"
"1906";"/0/1/010-11143-07_2.jpg"
"1908";"/0/1/010-11305-12_2.jpg"
"1910";"/s/m/sm_dc40.jpg"
"1911";"/s/m/sm_gps16xhvs.jpg"
"1955";"/s/m/sm_dar0488w.jpg"
"1958";"/s/m/sm_dar195bl.jpg"
"1959";"/s/m/sm_dar259bl.jpg"
"1960";"/s/m/sm_dar259w.jpg"
"1961";"/s/m/sm_dar440bl.jpg"
"1962";"/s/m/sm_dar440w.jpg"
"1963";"/s/m/sm_dcr122bldd.jpg"
"1964";"/s/m/sm_dcr122bsldd.jpg"
"1965";"/s/m/sm_dcr122wdd.jpg"
"1966";"/s/m/sm_dcr88bldd.jpg"
"1967";"/s/m/sm_dcr88bsldd.jpg"
"1968";"/s/m/sm_dcr88wdd.jpg"
"1969";"/s/m/sm_dcr326bsl.jpg"
"2013";"/f/f/ffph25m4lb_2.jpg"
"2082";"/s/m/sm_dim1524w.jpg"
"2087";"/f/f/ffbc46f5ls_2.jpg"
"2097";"/s/m/sm_dwc1233blsc.jpg"
"2104";"/s/m/sm_dwc350blpa.jpg"
"2108";"/s/m/sm_dwc620plsc.jpg"
"2119";"/5/3/5305510264_2.jpg"
"2120";"/s/m/sm_afcb.jpg"
"2121";"/d/u/duotrimkitw_2_1.jpg"
"2122";"/p/a/paultra_2.jpg"
"2127";"/u/l/ultrawf_2.jpg"
"2128";"/w/f/wf1cb_2.jpg"
"2129";"/w/f/wf2cb_2.png"
"2130";"/w/f/wf3cb_2.jpg"
"2131";"/w/f/wfcb_2.jpg"
"2132";"/s/m/sm_im115.jpg"
"2176";"/s/m/sm_im501.jpg"
"2199";"/s/m/sm_snm610c.jpg"
"2225";"/s/m/sm_wlm2107fw.jpg"
"2281";"/s/m/sm_sem210c.jpg"
"2349";"/5/3/53055-1050_2.jpg"
"2350";"/8/0/80145410_2.jpg"
"2352";"/9/0/9011939011_2.jpg"
"2353";"/9/0/9011939014_2_1.jpg"
"2354";"/9/0/901193901s_2.jpg"
"2356";"/9/0/9030419010_2.jpg"
"2357";"/9/0/9030419011_2.jpg"
"2358";"/9/0/903041901s_2.jpg"
"2359";"/9/0/9030469010_2_1.jpg"
"2360";"/9/0/903046901s_2.jpg"
"2367";"/g/r/grlp2_2.jpg"
"2368";"/g/r/grlp3_2.jpg"
"2369";"/u/l/ultgridle_2.jpg"
"2370";"/s/m/sm_stl03.jpg"
"2373";"/s/m/sm_ttl03.jpg"
"2377";"/s/m/sm_wtl03.jpg"
"2378";"/w/t/wtl03-3_2.jpg"
"2380";"/s/m/sm_ztl03.jpg"
"2382";"/s/m/sm_ztl05.jpg"
"2383";"/s/m/sm_ztl053.jpg"
"2386";"/s/m/sm_ffgc3015lb.jpg"
"2389";"/s/m/sm_ffgc3025lb.jpg"
"2390";"/s/m/sm_ffgc3025ls.jpg"
"2391";"/s/m/sm_ffgc3025lw.jpg"
"2392";"/s/m/sm_ffgc3603lw.jpg"
"2394";"/s/m/sm_ffgc3613ls.jpg"
"2396";"/s/m/sm_ffgc3625lb.jpg"
"2397";"/s/m/sm_ffgc3625ls.jpg"
"2398";"/s/m/sm_ffgc3625lw.jpg"
"2401";"/s/m/sm_fggc3045ks.jpg"
"2402";"/s/m/sm_fggc3045kw.jpg"
"2406";"/s/m/sm_fggc3645kb.jpg"
"2411";"/s/m/sm_fggc3665kw.jpg"
"2412";"/s/m/sm_fpgc3085ks.jpg"
"2413";"/s/m/sm_fpgc3685ks.jpg"
"2414";"/s/m/sm_ffec2605ls.jpg"
"2415";"/s/m/sm_ffec2605lw.jpg"
"2416";"/s/m/sm_ffec3005lb.jpg"
"2417";"/s/m/sm_ffec3005ls.jpg"
"2418";"/s/m/sm_ffec3005lw.jpg"
"2419";"/s/m/sm_ffec3024lb.jpg"
"2420";"/s/m/sm_ffec3024lw.jpg"
"2421";"/s/m/sm_ffec3025lb.jpg"
"2422";"/s/m/sm_ffec3025ls.jpg"
"2423";"/s/m/sm_ffec3025lw.jpg"
"2424";"/s/m/sm_ffec3205ls.jpg"
"2425";"/s/m/sm_ffec3205lw.jpg"
"2426";"/s/m/sm_ffec3603lw.jpg"
"2427";"/s/m/sm_ffec3605lb.jpg"
"2428";"/s/m/sm_ffec3605ls.jpg"
"2429";"/s/m/sm_ffec3605lw.jpg"
"2431";"/s/m/sm_ffec3625ls.jpg"
"2433";"/s/m/sm_fgec3045kb.jpg"
"2434";"/s/m/sm_fgec3045ks.jpg"
"2435";"/s/m/sm_fgec3045kw.jpg"
"2436";"/s/m/sm_fgec3067mb.jpg"
"2437";"/s/m/sm_fgec3067ms.jpg"
"2438";"/s/m/sm_fgec3645kb.jpg"
"2439";"/s/m/sm_fgec3645ks.jpg"
"2440";"/s/m/sm_fgec3645kw.jpg"
"2441";"/s/m/sm_fgec3665kb.jpg"
"2442";"/s/m/sm_fgec3665ks.jpg"
"2443";"/s/m/sm_fgec3665kw.jpg"
"2444";"/s/m/sm_fpec3085ks.jpg"
"2445";"/s/m/sm_fpec3685ks.jpg"
"2446";"/s/m/sm_fgic3067mb.jpg"
"2447";"/s/m/sm_fgic3667mb.jpg"
"2448";"/s/m/sm_fpic3095ms.jpg"
"2449";"/s/m/sm_fpic3695ms.jpg"
"2537";"/s/m/sm_fgds3075kb.jpg"
"2541";"/s/m/sm_ffed3005lw.jpg"
"2547";"/s/m/sm_fpwd2785kf.jpg"
"2548";"/s/m/sm_fpwd3085kf.jpg"
"2556";"/1/5/153604_2.jpg"
"2557";"/1/5/153623_2.jpg"
"2560";"/2/8/283003_2.jpg"
"2562";"/3/3/331h_2.jpg"
"2563";"/3/3/332h_2.jpg"
"2564";"/3/3/335_2.jpg"
"2565";"/3/3/336_2.jpg"
"2566";"/3/7/373001_2.jpg"
"2567";"/3/7/373002_2.jpg"
"2568";"/4/0/402402_2.jpg"
"2569";"/4/0/403001_2.jpg"
"2570";"/4/0/403002_2.jpg"
"2571";"/s/m/sm_403004.jpg"
"2572";"/s/m/sm_403023.jpg"
"2573";"/4/0/403601_2.jpg"
"2574";"/4/0/404201_2.jpg"
"2575";"/4/1/412101_2.jpg"
"2576";"/4/1/412102_2.jpg"
"2577";"/s/m/sm_412401.jpg"
"2578";"/4/1/412402_2.jpg"
"2579";"/s/m/sm_412404.jpg"
"2580";"/4/1/412408_2.jpg"
"2581";"/4/1/412423_2.jpg"
"2582";"/s/m/sm_413001.jpg"
"2583";"/4/1/413002_2.jpg"
"2584";"/s/m/sm_413004.jpg"
"2585";"/4/1/413008_2.jpg"
"2586";"/s/m/sm_413023.jpg"
"2587";"/s/m/sm_413601.jpg"
"2588";"/4/1/413602_2.jpg"
"2589";"/4/1/413604_2.jpg"
"2590";"/4/1/413623_2.jpg"
"2591";"/4/1/414201_2.jpg"
"2593";"/4/2/422401_2.jpg"
"2594";"/4/2/422402_2.jpg"
"2595";"/4/2/423001_2.jpg"
"2596";"/4/2/423004_2.jpg"
"2599";"/4/2/424204_2.jpg"
"2600";"/4/2/424208_2.jpg"
"2601";"/s/m/sm_433004.jpg"
"2602";"/4/3/433011_2.jpg"
"2603";"/s/m/sm_433023.jpg"
"2604";"/4/6/462401_2.jpg"
"2605";"/4/6/462404_2.jpg"
"2606";"/4/6/462423_2.jpg"
"2607";"/4/6/463001_2.jpg"
"2609";"/4/6/463002_2.jpg"
"2610";"/4/6/463004_2.jpg"
"2611";"/4/6/463011_2.jpg"
"2612";"/4/6/463023_2.jpg"
"2613";"/4/6/463601_2.jpg"
"2614";"/4/6/463602_2.jpg"
"2615";"/4/6/463604_2.jpg"
"2616";"/4/6/463623_2.jpg"
"2617";"/4/6/464201_2.jpg"
"2618";"/4/6/464202_2.jpg"
"2619";"/s/m/sm_464204.jpg"
"2620";"/4/6/464208_2.jpg"
"2621";"/5/2/523001_2.jpg"
"2622";"/5/2/523002_2.jpg"
"2623";"/6/1/613004_2.jpg"
"2627";"/8/8/883004_2.jpg"
"2629";"/8/8/883604_2.jpg"
"2631";"/8/8/883611_2.jpg"
"2632";"/8/8/883623_2.jpg"
"2633";"/8/8/883901_2.jpg"
"2634";"/8/8/883904_2.jpg"
"2635";"/8/8/884204_2.jpg"
"2636";"/8/8/884801_2.jpg"
"2638";"/8/8/884823_2.jpg"
"2639";"/8/8/885bl_2.jpg"
"2640";"/8/9/893001_2.jpg"
"2641";"/8/9/893004_2.jpg"
"2642";"/8/9/893011_2.jpg"
"2643";"/8/9/893023_2.jpg"
"2644";"/8/9/893601_2.jpg"
"2645";"/8/9/893604_2.jpg"
"2646";"/8/9/893623_2.jpg"
"2647";"/8/9/893901_2.jpg"
"2648";"/8/9/893904_2.jpg"
"2649";"/8/9/894204_2.jpg"
"2651";"/8/9/894804_2.jpg"
"2653";"/s/m/sm_f402401.jpg"
"2654";"/f/4/f402404_2.jpg"
"2655";"/f/4/f402408_2.jpg"
"2656";"/f/4/f402411_2.jpg"
"2657";"/f/4/f402422_2.jpg"
"2658";"/f/4/f402423_2.jpg"
"2659";"/f/4/f403001_2.jpg"
"2660";"/s/m/sm_f403004.jpg"
"2661";"/f/4/f403008_2.jpg"
"2662";"/s/m/sm_f403011.jpg"
"2663";"/f/4/f403022_2.jpg"
"2664";"/s/m/sm_f403023.jpg"
"2665";"/f/4/f403601_2.jpg"
"2666";"/f/4/f403604_2.jpg"
"2667";"/f/4/f403611_2.jpg"
"2668";"/f/4/f403622_2.jpg"
"2669";"/f/4/f403623_2.jpg"
"2670";"/f/4/f404204_2.jpg"
"2671";"/s/m/sm_f404211.jpg"
"2672";"/f/4/f404222_2.jpg"
"2673";"/f/4/f404223_2.jpg"
"2674";"/m/p/mp280_2.jpg"
"2675";"/s/m/sm_pm390.jpg"
"2676";"/q/d/qde30bl_2.jpg"
"2677";"/q/d/qde30ss_2.jpg"
"2678";"/q/d/qde30ww_2.jpg"
"2679";"/s/m/sm_qp130bl.jpg"
"2680";"/s/m/sm_qp130ss.jpg"
"2681";"/s/m/sm_qp130ww.jpg"
"2682";"/q/p/qp130wwdp_2.jpg"
"2683";"/q/p/qp136bl_2.jpg"
"2684";"/q/p/qp136ss_2.jpg"
"2685";"/q/p/qp136ww_2.jpg"
"2686";"/q/p/qp142bl_2.jpg"
"2687";"/q/p/qp142ss_2.jpg"
"2688";"/q/p/qp142ww_2.jpg"
"2689";"/q/p/qp230bc_2.jpg"
"2690";"/s/m/sm_qp230bl.jpg"
"2691";"/q/p/qp230bldp_2.jpg"
"2692";"/s/m/sm_qp230ss.jpg"
"2693";"/q/p/qp230ww_2.jpg"
"2694";"/q/p/qp236bc_2.jpg"
"2695";"/q/p/qp236bl_2.jpg"
"2696";"/q/p/qp236ss_2.jpg"
"2697";"/q/p/qp236ww_2.jpg"
"2698";"/q/p/qp242bc_2.jpg"
"2699";"/q/p/qp242bl_2.jpg"
"2700";"/q/p/qp242ss_2.jpg"
"2701";"/q/p/qp242ww_2.jpg"
"2702";"/s/m/sm_qp330bl.jpg"
"2703";"/s/m/sm_qp330ss.jpg"
"2704";"/q/p/qp330ssdp_2.jpg"
"2705";"/q/p/qp330ww_2.jpg"
"2706";"/q/p/qp336bl_2.jpg"
"2707";"/q/p/qp336ss_2.jpg"
"2708";"/q/p/qp336ww_2.jpg"
"2709";"/q/p/qp342ss_2.jpg"
"2710";"/q/p/qp430ss_2.jpg"
"2711";"/q/s/qs130bc_2.jpg"
"2712";"/s/m/sm_qs130bl.jpg"
"2713";"/s/m/sm_qs130ss.jpg"
"2714";"/s/m/sm_qs130ww.jpg"
"2715";"/q/s/qs136bc_2.jpg"
"2716";"/q/s/qs136bl_2.jpg"
"2717";"/q/s/qs136ss_2.jpg"
"2718";"/q/s/qs136ww_2.jpg"
"2719";"/q/s/qs142bc_2.jpg"
"2720";"/q/s/qs142bl_2.jpg"
"2721";"/s/m/sm_qs142ss.jpg"
"2722";"/q/s/qs142ww_2.jpg"
"2723";"/q/s/qs230aa_2.jpg"
"2724";"/q/s/qs230bc_2.jpg"
"2725";"/q/s/qs230bl_2_1_1.jpg"
"2726";"/s/m/sm_qs230ss.jpg"
"2727";"/s/m/sm_qs230ww.jpg"
"2728";"/q/s/qs236bc_2.jpg"
"2729";"/q/s/qs236bl_2.jpg"
"2730";"/q/s/qs236ss_2.jpg"
"2731";"/q/s/qs236ww_2.jpg"
"2732";"/q/s/qs242bc_2.jpg"
"2733";"/q/s/qs242bl_2.jpg"
"2734";"/q/s/qs242ss_2.jpg"
"2735";"/q/s/qs242ww_2.jpg"
"2736";"/q/s/qs330aa_2.jpg"
"2737";"/q/s/qs330bc_2.jpg"
"2738";"/q/s/qs330bl_2.jpg"
"2739";"/s/m/sm_qs330ss.jpg"
"2740";"/q/s/qs330ww_2.jpg"
"2741";"/q/s/qs336bl_2.jpg"
"2742";"/q/s/qs336ss_2.jpg"
"2743";"/q/s/qs336ww_2.jpg"
"2744";"/q/s/qs342bc_2.jpg"
"2745";"/q/s/qs342bl_2.jpg"
"2746";"/q/s/qs342ss_2.jpg"
"2748";"/q/t/qt230bc_2.jpg"
"2749";"/q/t/qt230bl_2.jpg"
"2750";"/q/t/qt230ss_2.jpg"
"2751";"/q/t/qt230ww_2.jpg"
"2752";"/q/t/qt236bc_2.jpg"
"2753";"/q/t/qt236bl_2.jpg"
"2754";"/q/t/qt236ss_2.jpg"
"2755";"/q/t/qt242bc_2.jpg"
"2756";"/q/t/qt242bl_2.jpg"
"2757";"/q/t/qt242ss_2.jpg"
"2758";"/q/t/qt242ww_2.jpg"
"2759";"/q/t/qtr080_2.jpg"
"2760";"/q/t/qtr080f_2.jpg"
"2762";"/r/m/rm503001_2.jpg"
"2763";"/s/m/sm_rm503004.jpg"
"2764";"/r/m/rm503023_2.jpg"
"2771";"/r/m/rm533604_2.jpg"
"2774";"/r/m/rmdd3004_2.jpg"
"2775";"/r/m/rmdd3004ex_2.jpg"
"2780";"/r/m/rme5030ss_2.jpg"
"2781";"/s/m/sm_f30wr01es.jpg"
"2782";"/s/m/sm_f30wv16eb.jpg"
"2783";"/s/m/sm_f30wv16es.jpg"
"2784";"/s/m/sm_f36wc19eb.jpg"
"2785";"/s/m/sm_f36wc19es.jpg"
"2786";"/1/1/113023_2.jpg"
"2787";"/a/e/aee60302ss_2.jpg"
"2788";"/a/e/aee60362ss_2.jpg"
"2789";"/a/e/aee60422ss_2.jpg"
"2790";"/a/e/aee60482ss_2.jpg"
"2791";"/a/n/anke60302ss_2.jpg"
"2792";"/a/n/anke60362ss_2.jpg"
"2793";"/a/n/anke60422ss_2.jpg"
"2794";"/a/n/anke60482ss_2.jpg"
"2799";"/e/6/e60e30ss_2.jpg"
"2801";"/e/6/e60e42ss_2.jpg"
"2804";"/e/6/e6430ss_2.jpg"
"2805";"/e/6/e6436ss_2.jpg"
"2806";"/e/6/e6442ss_2.jpg"
"2807";"/e/6/e6448ss_2.jpg"
"2808";"/e/6/e6448tss_2.jpg"
"2809";"/e/6/e64e30ss_2_1.jpg"
"2810";"/e/6/e64e36ss_2.jpg"
"2811";"/e/6/e64e42ss_2_1.jpg"
"2813";"/e/6/e66130bl_2.jpg"
"2814";"/e/6/e66130ss_2_1.jpg"
"2815";"/e/6/e66130wh_2.jpg"
"2816";"/e/6/e66136ss_2.jpg"
"2817";"/e/6/e66142ss_2.jpg"
"2818";"/e/6/e66242ss_2.jpg"
"2819";"/s/m/sm_ei5936ss.jpg"
"2820";"/s/m/sm_ew5630ss.jpg"
"2821";"/s/m/sm_ew5636ss.jpg"
"2822";"/s/m/sm_ew5830ss.jpg"
"2823";"/s/m/sm_ew5836ss.jpg"
"2824";"/s/m/sm_fhpc3660ls.jpg"
"2825";"/s/m/sm_fhpc4260ls.jpg"
"2826";"/s/m/sm_fhwc3055ls.jpg"
"2827";"/s/m/sm_fhwc3060ls.jpg"
"2828";"/s/m/sm_fhwc3655ls.jpg"
"2829";"/s/m/sm_fhwc3660ls.jpg"
"2830";"/a/p/ap130bl_2.jpg"
"2831";"/a/p/ap130ss_2.jpg"
"2833";"/a/p/ap130ww_2_1.jpg"
"2834";"/a/p/ap136bl_2.jpg"
"2835";"/a/p/ap136ss_2.jpg"
"2836";"/a/p/ap136ww_2.jpg"
"2838";"/r/m/rm523604_2.jpg"
"2839";"/r/m/rmip33_2.jpg"
"2840";"/r/m/rmip45_2.jpg"
"2841";"/r/m/rml3342_2.jpg"
"2842";"/r/p/rp136ss_2.jpg"
"2843";"/s/m/sm_pl30wc41ec.jpg"
"2844";"/s/m/sm_pl36dd50ec.jpg"
"2846";"/s/m/sm_rh30wc55gs.jpg"
"2855";"/1/0/1006_2.jpg"
"2857";"/1/0/103023_2.jpg"
"2858";"/1/0/103123_2.jpg"
"2859";"/2/7/273001c_2.jpg"
"2860";"/2/7/273002c_2.jpg"
"2861";"/2/7/273023c_2.jpg"
"2862";"/2/7/273601c_2.jpg"
"2863";"/2/7/273602c_2.jpg"
"2864";"/2/7/273623c_2.jpg"
"2865";"/3/3/332kr_2.jpg"
"2867";"/3/5/355ndk_2.jpg"
"2868";"/3/5/356ndk_2.jpg"
"2869";"/3/5/357ndk_2.jpg"
"2870";"/3/7/376ul_2.jpg"
"2871";"/3/8/3808be_2.jpg"
"2872";"/3/9/391_2.jpg"
"2873";"/3/9/392_2_4.jpg"
"2874";"/4/1/410_2.jpg"
"2875";"/4/1/411_2.jpg"
"2876";"/4/1/413_2.jpg"
"2877";"/4/1/414_2.jpg"
"2878";"/4/1/418_2.jpg"
"2879";"/4/1/41f_2.jpg"
"2880";"/4/2/421_2.jpg"
"2881";"/4/2/421bc_2.jpg"
"2882";"/4/2/423_2.jpg"
"2883";"/4/2/424_2.jpg"
"2884";"/4/2/427_2.jpg"
"2885";"/4/2/428_2.jpg"
"2886";"/4/2/429_2.jpg"
"2887";"/4/4/441_2.jpg"
"2888";"/4/5/453_2.jpg"
"2889";"/4/5/454_2.jpg"
"2891";"/4/5/459_2.jpg"
"2892";"/5/7/57w_2.jpg"
"2894";"/6/3/634_2.jpg"
"2895";"/6/3/634m_2.jpg"
"2896";"/6/3/636_2.jpg"
"2899";"/6/3/639_2.jpg"
"2901";"/6/4/643_2.jpg"
"2902";"/6/4/644_2.jpg"
"2905";"/6/4/649_2.jpg"
"2907";"/7/2/72w_2_1.jpg"
"2908";"/8/6/86w_2.jpg"
"2909";"/9/7/97_2.jpg"
"2910";"/9/9/99010299_2.jpg"
"2911";"/b/0/b08999040_2.jpg"
"2912";"/b/p/bp57_2.jpg"
"2913";"/b/p/bp87_2.jpg"
"2914";"/b/p/bppf30_2.jpg"
"2915";"/b/p/bppf36_2.jpg"
"2916";"/b/p/bppf42_2.jpg"
"2917";"/b/p/bpqtf_2.jpg"
"2918";"/b/p/bps1fa36_2.jpg"
"2919";"/b/p/bps3fa30_2.jpg"
"2920";"/b/p/bpsf30_2.jpg"
"2921";"/b/p/bpsf36_2_1.jpg"
"2923";"/c/f/cf365_2.jpg"
"2924";"/c/f/cf367_2.jpg"
"2925";"/c/f/cf377_2.jpg"
"2926";"/c/f/cf382_2.jpg"
"2927";"/c/f/cf383_2.jpg"
"2928";"/c/f/cf385_2.jpg"
"2929";"/c/f/cf386_2.jpg"
"2930";"/c/i/ci390v_2.jpg"
"2931";"/c/i/ci390w_2.jpg"
"2932";"/c/i/ci395rk_2_1.jpg"
"2933";"/c/k/ck355_2.jpg"
"2935";"/e/p/ep300108_2.jpg"
"2936";"/f/i/filtereb40_2.jpg"
"2937";"/g/u/gu10_2.jpg"
"2938";"/h/d/hd80l_2.jpg"
"2939";"/h/l/hlb11_2.jpg"
"2940";"/h/l/hlb3_2.jpg"
"2941";"/h/l/hlb6_2_2.jpg"
"2942";"/h/l/hlb9_2.jpg"
"2945";"/l/3/l300kmg_2.jpg"
"2946";"/l/4/l400_2.jpg"
"2947";"/l/4/l400k_2.jpg"
"2948";"/l/a/laf2_2.jpg"
"2949";"/l/b/lb30_2.jpg"
"2950";"/l/b/lb36_2.jpg"
"2951";"/l/t/lt30_2.jpg"
"2952";"/l/t/lt36_2.jpg"
"2953";"/m/c/mcb2_2.jpg"
"2954";"/m/d/md6t_2.jpg"
"2955";"/m/d/md8t_2.jpg"
"2958";"/n/d/ndk35830bl_2.jpg"
"2959";"/n/d/ndk35830ss_2.jpg"
"2960";"/n/d/ndk35836bl_2_1.jpg"
"2961";"/n/d/ndk35836ss_2.jpg"
"2968";"/p/5/p5_2.jpg"
"2969";"/p/8/p8_2.jpg"
"2970";"/p/a/par20_2.jpg"
"2972";"/p/m/pm250_2.jpg"
"2973";"/p/m/pme300_2.jpg"
"2974";"/q/t/qt236ww_2.jpg"
"2975";"/r/b/rbf6060_2.jpg"
"2976";"/r/b/rbfip33_2.jpg"
"2977";"/r/b/rbfip45_2_1.jpg"
"2978";"/r/f/rfx5004_2.jpg"
"2979";"/r/f/rfx5023_2.jpg"
"2980";"/r/f/rfx5104_2.jpg"
"2983";"/r/f/rfx6104_2.jpg"
"2984";"/r/f/rfx6104ex_2.jpg"
"2986";"/r/f/rfxn5004_2.jpg"
"2987";"/r/f/rfxn5204_2.jpg"
"2988";"/r/k/rk54_2.jpg"
"2989";"/r/k/rke56_2.jpg"
"2991";"/r/m/rm325h_2.jpg"
"2992";"/r/m/rm326h_2.jpg"
"2993";"/r/m/rmddrbk_2.jpg"
"2995";"/r/m/rml3336s_2.jpg"
"2996";"/r/m/rml4548s_2.jpg"
"2997";"/r/m/rml4560s_2.jpg"
"2998";"/r/m/rml7030l_2.jpg"
"2999";"/r/m/rml7030s_2.jpg"
"3000";"/r/m/rml7036l_2.jpg"
"3001";"/r/m/rml7036s_2.jpg"
"3002";"/r/m/rml7048l_2.jpg"
"3003";"/r/m/rml7048s_2.jpg"
"3004";"/r/m/rmn4204_2.jpg"
"3006";"/r/m/rmn6604_2.jpg"
"3007";"/r/m/rmp17004_2.jpg"
"3008";"/r/m/rmp3004_2.jpg"
"3013";"/r/m/rmpe7004_2.jpg"
"3014";"/r/o/roundfilter_2.jpg"
"3015";"/r/r/rrk51_2.jpg"
"3018";"/s/p/sp240108_2.jpg"
"3022";"/s/p/sp3004_2.jpg"
"3028";"/t/4/t460_2.jpg"
"3029";"/t/4/t461_2.jpg"
"3030";"/t/l/tlf3020_2.jpg"
"3031";"/w/a/wa65f_2.jpg"
"3032";"/w/c/wc638_2.jpg"
"3103";"/1/3/137067300_2.jpg"
"3109";"/5/3/530901020_2.jpg"
"3110";"/5/3/530901024_2.jpg"
"3111";"/5/3/530901060_2.jpg"
"3114";"/d/r/drfsb_2.jpg"
"3115";"/p/c/pck2003_2.jpg"
"3116";"/p/c/pck3100_2_1.jpg"
"3117";"/s/m/sm_pck4200.jpg"
"3118";"/s/t/stackit2_2.jpg"
"3119";"/s/m/sm_stackit2e.jpg"
"3120";"/s/t/stackit3g_2.jpg"
"3121";"/s/t/stackit4x_2.jpg"
"3122";"/s/m/sm_cfpwd15a.jpg"
"3124";"/s/m/sm_cfpwd15n.jpg"
"3128";"/s/m/sm_ddw611wled.jpg"
"3177";"/s/m/sm_1001.jpg"
"3178";"/s/m/sm_111.jpg"
"3179";"/s/m/sm_2600.jpg"
"3180";"/s/m/sm_3200.jpg"
"3181";"/s/m/sm_3300.jpg"
"3182";"/s/m/sm_5000tc.jpg"
"3183";"/s/m/sm_8000.jpg"
"3184";"/s/m/sm_8000tc.jpg"
"3185";"/s/m/sm_9900tc.jpg"
"3186";"/s/m/sm_9910.jpg"
"3187";"/s/m/sm_9920.jpg"
"3188";"/s/m/sm_9930.jpg"
"3189";"/s/m/sm_9940.jpg"
"3190";"/s/m/sm_9950.jpg"
"3191";"/s/m/sm_9980.jpg"
"3192";"/s/m/sm_9980tc.jpg"
"3197";"/1/5/15tcbb_2.jpg"
"3198";"/1/5/15tcbl_2.jpg"
"3209";"/1/5/15xewt_2.jpg"
"3210";"/s/m/sm_fgbm185kb.jpg"
"3211";"/s/m/sm_fgbm185kw.jpg"
"3212";"/s/m/sm_fgbm187kb.jpg"
"3213";"/s/m/sm_fgbm187kw.jpg"
"3214";"/s/m/sm_fgmv173kb.jpg"
"3215";"/s/m/sm_fgmv173kq.jpg"
"3216";"/s/m/sm_fgmv173kw.jpg"
"3217";"/s/m/sm_fgmv174kf.jpg"
"3218";"/s/m/sm_fgmv174km.jpg"
"3219";"/s/m/sm_fgmv205kb.jpg"
"3220";"/s/m/sm_fgmv205kf.jpg"
"3221";"/s/m/sm_fgmv205kw.jpg"
"3222";"/s/m/sm_fpmv189kf.jpg"
"3223";"/s/m/sm_mwv150kb.jpg"
"3224";"/s/m/sm_mwv150kw.jpg"
"3225";"/s/m/sm_r1405t.jpg"
"3226";"/s/m/sm_r1406t.jpg"
"3227";"/s/m/sm_r1514t.jpg"
"3228";"/s/m/sm_fgbm205kb.jpg"
"3229";"/s/m/sm_fgbm205kf.jpg"
"3230";"/s/m/sm_fgbm205kw.jpg"
"3231";"/s/m/sm_fpbm189kf.jpg"
"3234";"/s/m/sm_r1214t.jpg"
"3237";"/s/m/sm_ffmv154cls.jpg"
"3243";"/s/m/sm_ffmv164ls.jpg"
"3244";"/s/m/sm_fgmv153clb.jpg"
"3245";"/s/m/sm_fgmv153clw.jpg"
"3249";"/s/m/sm_r1874t.jpg"
"3252";"/s/m/sm_dmw7700bldb.jpg"
"3253";"/s/m/sm_dmw7700wdb.jpg"
"3254";"/s/m/sm_ffcm0724lb.jpg"
"3255";"/s/m/sm_ffcm0724lw.jpg"
"3256";"/s/m/sm_ffcm0734ls.jpg"
"3257";"/s/m/sm_ffcm0934lb.jpg"
"3258";"/s/m/sm_ffcm0934ls.jpg"
"3259";"/s/m/sm_ffcm0934lw.jpg"
"3261";"/s/m/sm_dmw111kbldb.jpg"
"3262";"/s/m/sm_dmw111kwdb.jpg"
"3263";"/f/f/ffce1439lb_2.jpg"
"3264";"/f/f/ffce1439lw_2.jpg"
"3265";"/s/m/sm_ffcm1134lb.jpg"
"3266";"/s/m/sm_ffcm1134ls.jpg"
"3267";"/s/m/sm_ffcm1134lw.jpg"
"3268";"/s/m/sm_nnh765wf.jpg"
"3269";"/s/m/sm_nnh965bf.jpg"
"3270";"/s/m/sm_r309yk.jpg"
"3271";"/s/m/sm_r309yv.jpg"
"3272";"/s/m/sm_r323tkc.jpg"
"3273";"/s/m/sm_r323twc.jpg"
"3274";"/s/m/sm_ffce1638lb.jpg"
"3275";"/s/m/sm_ffce1638ls.jpg"
"3276";"/s/m/sm_ffce1638lw.jpg"
"3277";"/s/m/sm_ffce2238lb.jpg"
"3278";"/s/m/sm_ffce2238lw.jpg"
"3279";"/s/m/sm_ffce2278ls.jpg"
"3280";"/s/m/sm_ffmo1611lw.jpg"
"3281";"/s/m/sm_nnh765bf.jpg"
"3282";"/s/m/sm_nnh965wf.jpg"
"3283";"/n/n/nnsd681s_2.jpg"
"3285";"/s/m/sm_nnsd767s.jpg"
"3286";"/s/m/sm_nnsd797s.jpg"
"3288";"/s/m/sm_nnsd967s.jpg"
"3289";"/s/m/sm_nnsd997s.jpg"
"3292";"/n/n/nnsn651b_2.jpg"
"3293";"/n/n/nnsn651w_2.jpg"
"3294";"/n/n/nnsn661s_2.jpg"
"3295";"/s/m/sm_r403tkc.jpg"
"3296";"/s/m/sm_r403twc.jpg"
"3297";"/s/m/sm_r423tkc.jpg"
"3298";"/s/m/sm_r423twc.jpg"
"3299";"/s/m/sm_r426ls.jpg"
"3300";"/s/m/sm_r530ekt.jpg"
"3301";"/s/m/sm_r530est.jpg"
"3302";"/s/m/sm_r530ewt.jpg"
"3303";"/s/m/sm_ffct1278ls.jpg"
"3304";"/s/m/sm_nncd989s.jpg"
"3305";"/s/m/sm_r520kst.jpg"
"3306";"/s/m/sm_r520lkt.jpg"
"3307";"/s/m/sm_r520lwt.jpg"
"3308";"/s/m/sm_r820bk.jpg"
"3309";"/s/m/sm_r820bw.jpg"
"3310";"/s/m/sm_r820js.jpg"
"3311";"/s/m/sm_r930ak.jpg"
"3312";"/s/m/sm_r930aw.jpg"
"3313";"/s/m/sm_r930cs.jpg"
"3329";"/s/m/sm_fgmo205kb.jpg"
"3330";"/s/m/sm_fgmo205kf.jpg"
"3331";"/s/m/sm_fgmo205kw.jpg"
"3332";"/s/m/sm_fpmo209kf.jpg"
"3333";"/s/m/sm_ax1100r.jpg"
"3334";"/s/m/sm_ax1100s.jpg"
"3338";"/m/w/mwfilktbk_2.jpg"
"3339";"/m/w/mwfilktss_2.jpg"
"3340";"/m/w/mwfilktwh_2.jpg"
"3341";"/m/w/mwtk27kb_2.jpg"
"3342";"/m/w/mwtk27kf_2.jpg"
"3343";"/m/w/mwtk27kw_2.jpg"
"3344";"/m/w/mwtk30kb_2.jpg"
"3345";"/m/w/mwtk30kf_2.jpg"
"3346";"/m/w/mwtk30kw_2.jpg"
"3347";"/m/w/mwtkp27kf_2.jpg"
"3348";"/m/w/mwtkp30kf_2.jpg"
"3349";"/m/w/mwtrmkt27q_2.jpg"
"3350";"/m/w/mwtrmkt27s_2.jpg"
"3351";"/m/w/mwtrmkt30b_2.jpg"
"3353";"/m/w/mwtrmkt30s_2.jpg"
"3356";"/n/n/nntk903s_2_1.jpg"
"3357";"/s/m/sm_nntk913s.jpg"
"3358";"/s/m/sm_nntk929s.jpg"
"3360";"/t/k/tk729sa_2.jpg"
"3361";"/t/k/tk739sa_2.jpg"
"3362";"/t/k/tk929sa_2.jpg"
"3363";"/t/k/tk939sa_2.jpg"
"3364";"/r/k/rk220_2.jpg"
"3365";"/r/k/rk240_2.jpg"
"3366";"/r/k/rk250_2.jpg"
"3369";"/r/k/rk44s24_2.jpg"
"3370";"/r/k/rk46k24_2.jpg"
"3371";"/r/k/rk46s24_2.jpg"
"3372";"/r/k/rk46w24_2.jpg"
"3373";"/r/k/rk51_2.jpg"
"3374";"/r/k/rk51k30_2.jpg"
"3375";"/r/k/rk51s27_2.jpg"
"3376";"/r/k/rk51s30_2.jpg"
"3377";"/r/k/rk51w_2_1.jpg"
"3378";"/r/k/rk51w30_2.jpg"
"3379";"/r/k/rk66a_2.jpg"
"3380";"/r/k/rk82k_2.jpg"
"3381";"/r/k/rk93s27_2_1.jpg"
"3382";"/r/k/rk93s30_2_1.jpg"
"3383";"/r/k/rkotc120_2.jpg"
"3384";"/s/m/sm_sdrd250.jpg"
"3385";"/s/m/sm_sdyd250.jpg"
"3386";"/a/v/avd40kn_2.jpg"
"3387";"/s/m/sm_avd40n.jpg"
"3388";"/a/v/avd50n_2.jpg"
"3389";"/a/v/avdcpn_2.jpg"
"3390";"/a/v/avdmfpnh_2.jpg"
"3392";"/a/v/avdorpn_2.jpg"
"3393";"/n/i/nie300tr_2.jpg"
"3394";"/s/m/sm_nil70sr.jpg"
"3395";"/s/m/sm_nis300tr.jpg"
"3396";"/s/m/sm_niw450ts.jpg"
"3397";"/s/m/sm_niw750ts.jpg"
"3398";"/s/m/sm_niwl600.jpg"
"3399";"/s/m/sm_nceh22pc.jpg"
"3400";"/s/m/sm_nceh30pc.jpg"
"3401";"/s/m/sm_nceh40pc.jpg"
"3402";"/s/m/sm_mkg20nrw.jpg"
"3403";"/s/m/sm_sr3nas.jpg"
"3404";"/s/m/sm_sr42fz.jpg"
"3405";"/s/m/sm_sr42hp.jpg"
"3406";"/s/m/sm_srde103.jpg"
"3407";"/s/m/sm_srdg182.jpg"
"3408";"/s/m/sm_srg06fg.jpg"
"3409";"/s/m/sm_srg10g.jpg"
"3410";"/s/m/sm_srg18fg.jpg"
"3411";"/s/m/sm_srga721.jpg"
"3412";"/s/m/sm_srms183.jpg"
"3413";"/s/m/sm_srteg10.jpg"
"3414";"/s/m/sm_srteg18.jpg"
"3415";"/s/m/sm_mcug471.jpg"
"3416";"/s/m/sm_mcul810.jpg"
"3417";"/s/m/sm_mcul815.jpg"
"3418";"/s/m/sm_mcul915.jpg"
"3419";"/s/m/sm_mcv5210.jpg"
"3420";"/s/m/sm_mcv5504.jpg"
"3421";"/s/m/sm_mccg301.jpg"
"3422";"/s/m/sm_mccg901.jpg"
"3423";"/s/m/sm_mccg902.jpg"
"3424";"/s/m/sm_mccl485.jpg"
"3426";"/s/m/sm_mc115pt.jpg"
"3427";"/s/m/sm_mc150pf.jpg"
"3428";"/s/m/sm_mcv145m.jpg"
"3429";"/m/c/mcv150m_2.jpg"
"3430";"/m/c/mcv193h_2.jpg"
"3431";"/m/c/mcv196h_2.jpg"
"3439";"/s/m/sm_ddr5009ree.jpg"
"3440";"/s/m/sm_ddr6009ree.jpg"
"3441";"/s/m/sm_ddr7009ree.jpg"
"3442";"/s/m/sm_dd45.jpg"
"3443";"/s/m/sm_dd45p.jpg"
"3444";"/s/m/sm_dd50p.jpg"
"3445";"/s/m/sm_ddse30.jpg"
"3446";"/s/m/sm_ddse40.jpg"
"3447";"/s/m/sm_1115.jpg"
"3448";"/s/m/sm_1128.jpg"
"3449";"/s/m/sm_170.jpg"
"3450";"/s/m/sm_174.jpg"
"3451";"/s/m/sm_dch1030.jpg"
"3452";"/s/m/sm_dch2590er.jpg"
"3453";"/s/m/sm_dch4590er.jpg"
"3454";"/s/m/sm_dch5090er.jpg"
"3455";"/d/f/dfh132_2.jpg"
"3456";"/s/m/sm_duh500.jpg"
"3457";"/s/m/sm_ew6507w.jpg"
"3458";"/s/m/sm_ew7507eb.jpg"
"3459";"/s/m/sm_ew7707cb.jpg"
"3460";"/s/m/sm_ew7707cm.jpg"
"3461";"/h/m/hmp1500_2.png"
"3462";"/s/m/sm_hvy1030.jpg"
"3463";"/s/m/sm_hvy1030bl.jpg"
"3464";"/s/m/sm_hvy1030or.jpg"
"3465";"/s/m/sm_mg7307cm.jpg"
"3466";"/s/m/sm_tch7090er.jpg"
"3467";"/s/m/sm_tch7590eb.jpg"
"3468";"/s/m/sm_tch7690er.jpg"
"3469";"/s/m/sm_trd0715t.jpg"
"3470";"/s/m/sm_trh0715.jpg"
"3471";"/s/m/sm_trh0715sh.jpg"
"3472";"/s/m/sm_trn0812t.jpg"
"3473";"/s/m/sm_trv0715t.jpg"
"3474";"/t/r/trv0715tb_2.jpg"
"3475";"/s/m/sm_100.jpg"
"3476";"/s/m/sm_5129.jpg"
"3477";"/5/3/5307_2_3.jpg"
"3478";"/s/m/sm_5309.jpg"
"3479";"/5/3/5365_2_3.jpg"
"3480";"/s/m/sm_5395.jpg"
"3481";"/5/4/5429_2_3.jpg"
"3482";"/s/m/sm_5511.jpg"
"3483";"/s/m/sm_5570.jpg"
"3484";"/s/m/sm_5620.jpg"
"3485";"/s/m/sm_5624.jpg"
"3486";"/s/m/sm_5775.jpg"
"3487";"/s/m/sm_5812.jpg"
"3488";"/s/m/sm_6221.jpg"
"3489";"/s/m/sm_6356.jpg"
"3490";"/s/m/sm_6405.jpg"
"3491";"/6/4/6435_2_3.jpg"
"3492";"/6/4/6462_2_3.jpg"
"3493";"/6/7/675919_2_3.jpg"
"3494";"/7/5/751320_2_3.jpg"
"3495";"/7/5/754200_2_3.jpg"
"3496";"/7/5/755320_2_3.jpg"
"3497";"/7/5/758000_2_3.jpg"
"3498";"/7/6/760000_2_3.jpg"
"3499";"/s/m/sm_1646.jpg"
"3500";"/s/m/sm_1820.jpg"
"3501";"/s/m/sm_1825.jpg"
"3502";"/s/m/sm_1843.jpg"
"3503";"/1/8/1850_2_3.jpg"
"3504";"/s/m/sm_2002w.jpg"
"3505";"/s/m/sm_2137.jpg"
"3506";"/2/1/2155a_2_3.jpg"
"3507";"/2/5/2510_2_3.jpg"
"3508";"/s/m/sm_2511.jpg"
"3509";"/s/m/sm_2520.jpg"
"3510";"/2/5/2521_2_3.jpg"
"3511";"/2/5/2535_2_3.jpg"
"3512";"/2/5/2554_2_3.jpg"
"3513";"/3/0/3016_2_3.jpg"
"3514";"/s/m/sm_3135.jpg"
"3515";"/s/m/sm_3515.jpg"
"3516";"/s/m/sm_3520.jpg"
"3517";"/s/m/sm_3540.jpg"
"3518";"/s/m/sm_3542.jpg"
"3519";"/3/6/3635_2.jpg"
"3520";"/3/6/3637_2.jpg"
"3521";"/s/m/sm_3720.jpg"
"3522";"/s/m/sm_3733.jpg"
"3523";"/s/m/sm_3755.jpg"
"3524";"/4/0/4000_2_3.jpg"
"3525";"/s/m/sm_4305.jpg"
"3526";"/4/4/4443_2.jpg"
"3527";"/s/m/sm_4820.jpg"
"3528";"/s/m/sm_4890.jpg"
"3529";"/4/9/4910_2_3.jpg"
"3530";"/s/m/sm_4916.jpg"
"3531";"/4/9/4917_2.jpg"
"3532";"/4/9/4924_2_3.jpg"
"3533";"/6/5/655650_2.jpg"
"3534";"/6/5/655702_2_3.jpg"
"3535";"/7/0/7050_2.jpg"
"3536";"/s/m/sm_13001.jpg"
"3537";"/s/m/sm_18001.jpg"
"3539";"/s/m/sm_ah780ul.jpg"
"3540";"/s/m/sm_h510uch.jpg"
"3541";"/s/m/sm_mp2012gblk_1.jpg"
"3542";"/s/m/sm_mp6012g_2.jpg"
"3543";"/s/m/sm_mp6202g_2.jpg"
"3544";"/s/m/sm_mp6204gblk_2.jpg"
"3545";"/s/m/sm_mp6204gblu_2.jpg"
"3546";"/s/m/sm_mp6204gred_2.jpg"
"3547";"/s/m/sm_mp7074gblk_2.jpg"
"3548";"/s/m/sm_mp7074gblu_2.jpg"
"3549";"/s/m/sm_mp7074gred_2.jpg"
"3550";"/s/m/sm_mp7684g_2.jpg"
"3556";"/s/m/sm_mp8284g_2.jpg"
"3558";"/s/m/sm_mp8378g_1.jpg"
"3559";"/s/m/sm_cy0096cpmol_1.jpg"
"3560";"/s/m/sm_cy0097cpmol_1.jpg"
"3561";"/s/m/sm_cy0098cpmol_1.jpg"
"3562";"/s/m/sm_cy0140cijum_1.jpg"
"3563";"/s/m/sm_cy0157cijel_1.jpg"
"3564";"/s/m/sm_cy0158cijel_1.jpg"
"3565";"/s/m/sm_cy0159cijel_1.jpg"
"3566";"/s/m/sm_cy0160cijel_1.jpg"
"3567";"/s/m/sm_aipfmch250123892_1.jpg"
"3568";"/s/m/sm_ai1000cchgrv2129381_1.jpg"
"3569";"/s/m/sm_ai1000fmchv2129392_1.jpg"
"3570";"/s/m/sm_ai800fmch129363_1.jpg"
"3571";"/s/m/sm_ai800mini3129338_1.jpg"
"3572";"/s/m/sm_tf3dvd7019_2.jpg"
"3573";"/s/m/sm_tfdvd1029_2.jpg"
"3574";"/s/m/sm_tfdvd7009_2.jpg"
"3575";"/s/m/sm_tfdvd7011_2.jpg"
"3576";"/s/m/sm_tfdvd7389a_2.jpg"
"3577";"/s/m/sm_tfdvd7752_2.jpg"
"3578";"/s/m/sm_tfdvd9109_2.jpg"
"3579";"/s/m/sm_tfdvd9952_1.jpg"
"3580";"/s/m/sm_bt780b_1.jpg"
"3581";"/s/m/sm_td730b_1.jpg"
"3582";"/s/m/sm_td930bu_1.jpg"
"3583";"/s/m/sm_csmp105cha_1.jpg"
"3584";"/s/m/sm_cxcd109blk_1.jpg"
"3585";"/s/m/sm_cxcd109blu_1.jpg"
"3586";"/s/m/sm_cxcd109svr_1.jpg"
"3587";"/s/m/sm_csmp142_1.jpg"
"3588";"/s/m/sm_cxcd230blk_1.jpg"
"3589";"/s/m/sm_cxcd241red_1.jpg"
"3590";"/s/m/sm_cxcd248_1.jpg"
"3591";"/s/m/sm_cdra147_1.jpg"
"3593";"/s/m/sm_cra79_1.jpg"
"3594";"/s/m/sm_ca745_1.jpg"
"3595";"/s/m/sm_atr2500usb_1.jpg"
"3596";"/s/m/sm_atr6550_1.jpg"
"3597";"/s/m/sm_atw251gt2_1.jpg"
"3598";"/s/m/sm_atw251gt3_1.jpg"
"3599";"/s/m/sm_atw251gt8_1.jpg"
"3600";"/s/m/sm_atw251ht2_1.jpg"
"3601";"/s/m/sm_atw251ht3_1.jpg"
"3602";"/s/m/sm_atw251ht8_1.jpg"
"3603";"/s/m/sm_atw252t2_1.jpg"
"3604";"/s/m/sm_atw252t3_1.jpg"
"3605";"/s/m/sm_atw252t8_1.jpg"
"3606";"/s/m/sm_pro24cm_1.jpg"
"3607";"/s/m/sm_athckp300bk_2.jpg"
"3608";"/r/p/rp_hje350a_2.jpg"
"3609";"/r/p/rp_hje350s_2.jpg"
"3610";"/r/p/rp_hv21a_2.jpg"
"3611";"/r/p/rp_hv21g_2.jpg"
"3612";"/r/p/rp_hv21k_2.jpg"
"3613";"/r/p/rp_hv21p_2.jpg"
"3614";"/r/p/rp_hv21w_2.jpg"
"3615";"/a/t/ath_cp300bk_2.jpg"
"3616";"/r/p/rp_ht21_2.jpg"
"3617";"/a/t/ath_a700_2.jpg"
"3618";"/a/t/ath_w5000_2.jpg"
"3619";"/a/t/ath_anc7b_2.jpg"
"3620";"/a/t/ath_bt03brd_2.jpg"
"3621";"/a/t/ath_pro700mk2_2.jpg"
"3622";"/a/o/ao1000_2_3.jpg"
"3623";"/a/o/ao3000_2_3.jpg"
"3624";"/a/o/ao5000_2_3.jpg"
"3625";"/a/o/aombl175b_2_3.jpg"
"3626";"/a/o/aombl175w_2_3.jpg"
"3627";"/a/o/aombl250b_2_3.jpg"
"3631";"/a/r/arc-743-1ngr_2_3.jpg"
"3632";"/a/r/arc-747-1ng_2_3.jpg"
"3633";"/a/r/arc-914s_2_3.jpg"
"3634";"/a/r/arc-930sb_2_3.jpg"
"3639";"/b/c/bc200dc_2_3.jpg"
"3640";"/b/c/bc58000_2_3.jpg"
"3641";"/b/c/bc58001_2_3.jpg"
"3642";"/b/c/bc58003_2_3.jpg"
"3643";"/b/c/bc58004_2_3.jpg"
"3644";"/b/c/bc58005_2_3.jpg"
"3645";"/b/c/bc580056_2_3.jpg"
"3646";"/b/c/bc58007_2_3.jpg"
"3647";"/b/c/bc58008_2_3.jpg"
"3648";"/b/c/bc58009_2_3.jpg"
"3649";"/a/s/as75_2_3.jpg"
"3650";"/b/l/bl2010wp_2_3.jpg"
"3651";"/b/l/blc10650hb_2_3.jpg"
"3652";"/b/l/blc12650h_2_3.jpg"
"3653";"/b/l/blc12650hb_2_3.jpg"
"3654";"/c/b/cbg100s_2_3.jpg"
"3655";"/c/j/cj625_2_3.jpg"
"3656";"/c/o/co1200_2_3.jpg"
"3657";"/c/o/co1200b_2_3.jpg"
"3658";"/c/o/co95_2_3.jpg"
"3659";"/c/t/cto4300w_2_3.jpg"
"3660";"/c/t/cto4500s_2_3.jpg"
"3661";"/c/t/cto6120b_2_3.jpg"
"3662";"/c/t/cto6301_2_3.jpg"
"3663";"/d/c/dcm100b_2_3.jpg"
"3664";"/d/c/dcm18s_2_3.jpg"
"3665";"/d/c/dcm2000b_2_3.jpg"
"3666";"/d/c/dcm2160b_2_3.jpg"
"3667";"/d/c/dcm600b_2_3.jpg"
"3668";"/d/l/dlx1050b_2_3.jpg"
"3669";"/d/l/dlx1050w_2_3.jpg"
"3670";"/e/h/ehc650b_2_3.jpg"
"3671";"/e/k/ek700_2_3.jpg"
"3672";"/f/1/f1000_2_3.jpg"
"3673";"/f/1/f1055_2_3.jpg"
"3674";"/f/2/f210_2_3.jpg"
"3675";"/f/6/f67e_2_3.jpg"
"3676";"/f/9/f975_2_3.jpg"
"3677";"/f/p/fp2500_2_3.jpg"
"3678";"/f/p/fp2500b_2_3.jpg"
"3679";"/g/4/g48td_2_3.jpg"
"3680";"/h/c/hc306_2_3.jpg"
"3681";"/h/s/hs1050_2_3.jpg"
"3682";"/i/c/icr505_2_3.jpg"
"3683";"/i/c/icr517_2_3.jpg"
"3684";"/j/k/jkc650_2_3.jpg"
"3685";"/m/x/mx300_2_3.jpg"
"3686";"/r/c/rc3303_2_3.jpg"
"3687";"/r/c/rc3406_2_3.jpg"
"3688";"/r/c/rc436_2_3.jpg"
"3689";"/t/2/t2030_2_3.jpg"
"3690";"/t/2/t2569b_2_3.jpg"
"3691";"/t/2/t2707s_2_3.jpg"
"3692";"/t/4/t4030_2_3.jpg"
"3693";"/t/4/t4569b_2_3.jpg"
"3695";"/t/r/tr1200sb_2_3.jpg"
"3696";"/t/r/tr1400sb_2_3.jpg"
"3697";"/t/r/tro420_2_3.jpg"
"3698";"/t/r/tro480bs_2_3.jpg"
"3699";"/t/r/tro490w_2_3.jpg"
"3700";"/t/r/tro700b_2_3.jpg"
"3701";"/t/r/tros1500_2_3.jpg"
"3702";"/t/r/tros1500b_2_3.jpg"
"3703";"/w/m/wmb500_2_3.jpg"
"3704";"/t/r/tr2500bc_2_3.jpg"
"3705";"/t/r/tr520_2_3.jpg"
"3715";"/4/2/42683_2_3.jpg"
"3716";"/6/1/6100_2_3.jpg"
"3717";"/6/1/6101_2_3.jpg"
"3718";"/a/-/a-10_2_3.jpg"
"3721";"/b/c/bcf100-b_2_3.jpg"
"3722";"/b/c/bcf250_2_3.jpg"
"3723";"/b/t/bt_2_3.jpg"
"3724";"/b/t/btd_2_3.jpg"
"3725";"/b/x/bxb_2_3.jpg"
"3726";"/b/x/bxbd_2_3.jpg"
"3727";"/b/x/bxw_2_3.jpg"
"3728";"/b/x/bxwd_2_3.jpg"
"3730";"/g/1/g1hd_2_3.jpg"
"3732";"/g/r/grb_2_3.jpg"
"3733";"/g/r/grbd_2_3.jpg"
"3734";"/g/r/grw_2_3.jpg"
"3735";"/g/r/grwd_2_3.jpg"
"3736";"/h/g/hg_2_3.jpg"
"3737";"/h/g/hgd_2_3.jpg"
"3738";"/h/t/ht_2_3.jpg"
"3739";"/h/t/htd_2_3.jpg"
"3741";"/l/p/lpg2e_2_3.jpg"
"3742";"/m/c/mc_2_3.jpg"
"3743";"/m/c/mca_2_3.jpg"
"3744";"/m/c/mcp_2_3.jpg"
"3745";"/m/c/mcpc_2_3.jpg"
"3746";"/a/u/autopod_2_3.jpg"
"3747";"/n/c/ncd_2_3.jpg"
"3748";"/n/h/nhbb_2_3.jpg"
"3749";"/n/h/nhbbd_2_3.jpg"
"3750";"/n/h/nhbw_2_3.jpg"
"3751";"/s/t/st_2_3.jpg"
"3752";"/t/b/tb3q_2_3.jpg"
"3753";"/t/d/tdo-4_2_3.jpg"
"3754";"/u/l/ultra-1_2_3.jpg"
"3755";"/v/l/vlpf_2_3.jpg"
"3768";"/v/p/vps_2_3.jpg"
"3769";"/1/7/17500_2_3.jpg"
"3770";"/1/7/17505_2_3.jpg"
"3771";"/1/7/17510_2_3.jpg"
"3772";"/1/7/17515_2_3.jpg"
"3773";"/1/7/17520_2_3.jpg"
"3774";"/1/7/17525_2_3.jpg"
"3775";"/1/7/17530_2_3.jpg"
"3776";"/1/7/17535_2_3.jpg"
"3777";"/1/7/17590_2_3.jpg"
"3778";"/1/7/175906_2_3.jpg"
"3779";"/1/7/17603_2_3.jpg"
"3780";"/1/7/17606_2_3.jpg"
"3781";"/1/7/17612_2_3.jpg"
"3782";"/1/7/17618_2_3.jpg"
"3783";"/1/7/17621_2_3.jpg"
"3784";"/0/7/070rachnw_2_3.jpg"
"3785";"/w/c/wci215_2_3.jpg"
"3786";"/p/g/pgr69cfx_2_3.jpg"
"3787";"/p/g/pgr85cfx_2_3.jpg"
"3788";"/p/g/pgr88cfx_2_3.jpg"
"3789";"/p/g/pgr89cfx_2_3.jpg"
"3790";"/p/g/pgr96cfx_2_3.jpg"
"3791";"/p/g/pgrrb10p_2_3.jpg"
"3792";"/p/g/pgrrb15p_2_3.jpg"
"3793";"/p/g/pgrrb30p_2_3.jpg"
"3794";"/p/g/pgrrb40p_2_3.jpg"
"3795";"/c/p/cpg44_2_3.jpg"
"3796";"/c/p/cpg50_2_3.jpg"
"3797";"/c/p/cpg60_2_3.jpg"
"3798";"/c/p/cpg70_2_3.jpg"
"3799";"/c/p/cpl_2_3.jpg"
"3800";"/c/p/cppw_2_3.jpg"
"3801";"/p/g/pgrd075_2_3.jpg"
"3802";"/p/g/pgrd240_2_3.jpg"
"3803";"/p/g/pgrd420_2_3.jpg"
"3804";"/p/g/pgrd44_2_3.jpg"
"3805";"/p/g/pgrdpwr_2_3.jpg"
"3811";"/7/6/7600_2_3.jpg"
"3812";"/8/2/8230_2_3.jpg"
"3813";"/b/d/bd10050red_2_3.jpg"
"3814";"/b/d/bd10100_2_3.jpg"
"3815";"/b/d/bd10165_2_3.jpg"
"3816";"/b/d/bd20045_2_3.jpg"
"3817";"/m/0/m0100_2_3.jpg"
"3818";"/m/0/m083410red_2_3.jpg"
"3819";"/m/0/m085590_2_3.jpg"
"3820";"/m/0/m088160red_2_3.jpg"
"3821";"/p/d/pd20000_2_3.jpg"
"3822";"/s/d/sd40010_2_3.jpg"
"3823";"/u/d/ud40275_2_3.jpg"
"3824";"/e/p/ep1026_2_3.jpg"
"3825";"/e/r/er011708_2_3.jpg"
"3826";"/e/g/eg011724_2_3.jpg"
"3827";"/b/l/bl125d004_2_3.jpg"
"3828";"/c/b/cb6530003_2_3.jpg"
"3829";"/f/r/fr7009001_2_3.jpg"
"3830";"/f/r/fr702d001_2_3.jpg"
"3831";"/o/w/ow5005001_2_3.jpg"
"3832";"/s/d/sd5000001_2_3.jpg"
"3833";"/t/g/tg8000002_2_3.jpg"
"3834";"/e/c/ec011104_2_3.jpg"
"3835";"/e/z/ez011106_2_3.jpg"
"3836";"/f/c/fcp240_2_3.jpg"
"3837";"/f/c/fcp280_2_3.jpg"
"3838";"/f/c/fcp412_2_3.jpg"
"3839";"/f/b/fb-1000_2_3.jpg"
"3840";"/5/0/50024_2_3.jpg"
"3841";"/5/0/50025_2_3.jpg"
"3842";"/f/s/fsfsbf0116-000_2_3.jpg"
"3843";"/f/s/fsfsbf0216-000_2_3.jpg"
"3844";"/f/s/fsfsbf0316-000_2_3.jpg"
"3845";"/f/s/fsfsbf0516-000_2_3.jpg"
"3846";"/f/s/fsfsbf0526-000_2_3.jpg"
"3847";"/f/s/fsfsbf0534-000_2_3.jpg"
"3848";"/f/s/fsfsbf0616-000_2_3.jpg"
"3849";"/f/s/fsfsbf0626-000_2_3.jpg"
"3850";"/f/s/fsfsbf0634-000_2_3.jpg"
"3851";"/f/s/fsfssl2244_2_3.jpg"
"3852";"/f/s/fsfssl3040-000_2_3.jpg"
"3853";"/v/3/v3440_2_3.jpg"
"3854";"/f/a/falm-gb_2_3.jpg"
"3855";"/f/a/faln-s10_2_3.jpg"
"3856";"/f/n/fnsh-p_2_3.jpg"
"3857";"/g/f/gfsp3_2_3.jpg"
"3858";"/g/g/ggr50b_2_3.jpg"
"3859";"/g/r/gr0030p_2_3.jpg"
"3861";"/g/r/gr0060w_2_3.jpg"
"3862";"/g/r/gr100v_2_3.jpg"
"3863";"/g/r/gr10b_2_3.jpg"
"3864";"/g/r/gr10wsp_2_3.jpg"
"3865";"/g/r/gr144_2_3.jpg"
"3866";"/g/r/gr36p_2_3.jpg"
"3867";"/g/r/grp4_2_3.jpg"
"3868";"/g/r/grp72ctts_2_3.jpg"
"3869";"/g/r/grp99_2_3.jpg"
"3870";"/g/r/grv80_2_3.jpg"
"3871";"/g/b/gb-1000_2_3.jpg"
"3872";"/0/4/04531gm_2_3.jpg"
"3873";"/1/1/11550_2_3.jpg"
"3874";"/1/4/14977z_2_3.jpg"
"3875";"/2/2/22408_2_3.jpg"
"3876";"/2/2/22708_2_3.jpg"
"3877";"/2/4/24600_2_3.jpg"
"3878";"/2/5/25331_2_3.jpg"
"3879";"/2/5/25332_2_3.jpg"
"3880";"/2/9/29881_2_3.jpg"
"3881";"/3/1/31136_2_3.jpg"
"3882";"/3/1/31409_2_3.jpg"
"3883";"/3/1/31508_2_3.jpg"
"3884";"/3/3/33162rz_2_3.jpg"
"3885";"/3/3/33181_2_3.jpg"
"3886";"/4/0/40870_2_3.jpg"
"3887";"/4/5/45237r_2_3.jpg"
"3888";"/4/8/48465_2_3.jpg"
"3889";"/4/9/49970_2_3.jpg"
"3890";"/4/9/49990_2_3.jpg"
"3891";"/5/0/50242n_2_3.jpg"
"3892";"/5/1/51101_2_3.jpg"
"3893";"/5/2/52282wv_2_3.jpg"
"3894";"/5/9/59765_2_3.jpg"
"3895";"/5/9/59785r_2_3.jpg"
"3896";"/6/3/63220_2_3.jpg"
"3897";"/6/3/63221_2_3.jpg"
"3898";"/6/3/63227_2_3.jpg"
"3899";"/6/3/63232_2_3.jpg"
"3900";"/6/4/64650_2_3.jpg"
"3901";"/6/7/67800_2_3.jpg"
"3902";"/6/8/68321_2_3.jpg"
"3903";"/7/0/70450_2_3.jpg"
"3904";"/7/2/72705_2_3.jpg"
"3905";"/7/3/73300_2_3.jpg"
"3906";"/7/6/76606z_2_3.jpg"
"3907";"/0/7/077-3075_2_3.jpg"
"3908";"/4/0/4010001a_2_3.jpg"
"3909";"/4/0/4010100a_2_3.jpg"
"3910";"/4/0/4010100y_2_3.jpg"
"3911";"/4/0/4010100z_2_3.jpg"
"3912";"/4/0/40110001_2_3.jpg"
"3913";"/4/0/40140201_2_3.jpg"
"3914";"/a/h/ah30100_2_3.jpg"
"3915";"/a/h/ah30130_2_3.jpg"
"3916";"/a/h/ah30160_2_3.jpg"
"3917";"/a/h/ah30165_2_3.jpg"
"3918";"/a/h/ah30185_2_3.jpg"
"3919";"/a/h/ah30210_2_3.jpg"
"3920";"/b/h/bh20090_2_3.jpg"
"3921";"/f/5/f5810-900_2_3.jpg"
"3922";"/f/5/f5914-900_2_3.jpg"
"3923";"/f/7/f7412-900_2_3.jpg"
"3924";"/f/7/f7452-900_2_3.jpg"
"3925";"/f/h/fh10025_2_3.jpg"
"3926";"/f/h/fh40010b_2_3.jpg"
"3928";"/f/h/fh50240_2_3.jpg"
"3929";"/l/2/l2310_2_3.jpg"
"3930";"/a/h/ah10000_2_3.jpg"
"3931";"/a/h/ah10005_2_3.jpg"
"3932";"/a/h/ah30030_2_3.jpg"
"3933";"/a/h/ah30035_2_3.jpg"
"3934";"/f/8/f8100-900_2_3.jpg"
"3935";"/s/1/s1120_2_3.jpg"
"3936";"/s/2/s2200_2_3.jpg"
"3937";"/s/2/s2220_2_3.jpg"
"3938";"/s/3/s3755_2_3.jpg"
"3939";"/s/h/sh40060_2_3.jpg"
"3940";"/u/5/u5140-900_2_3.jpg"
"3941";"/u/5/u5491-900_2_3.jpg"
"3942";"/u/6/u6485-900_2_3.jpg"
"3943";"/u/h/uh20040_2_3.jpg"
"3944";"/u/h/uh30300_2_3.jpg"
"3945";"/u/h/uh30600_2_3.jpg"
"3946";"/u/h/uh60010_2_3.jpg"
"3947";"/u/h/uh70085_2_3.jpg"
"3948";"/u/h/uh70105_2_3.jpg"
"3949";"/u/h/uh70120_2_3.jpg"
"3950";"/u/h/uh70210_2_3.jpg"
"3951";"/u/h/uh70400_2_3.jpg"
"3952";"/u/h/uh70600_2_3.jpg"
"3953";"/w/h/wh20100_2_3.jpg"
"3954";"/w/h/wh20200_2_3.jpg"
"3955";"/w/h/wh20300_2_3.jpg"
"3956";"/9/0/90ip1rcmb1_2_3.jpg"
"3957";"/9/0/90ip1rcmb2_2_3.jpg"
"3958";"/9/0/90ip01ta01_2_3.jpg"
"3959";"/2/1/2138_2_3.jpg"
"3960";"/2/5/2551_2_3.jpg"
"3961";"/4/0/4006_2_3.jpg"
"3962";"/5/5/5572_2_3.jpg"
"3963";"/6/4/6410_2_3.jpg"
"3965";"/m/f/mf-2001_2_3.jpg"
"3966";"/m/p/mp1000_2_3.jpg"
"3967";"/9/1/91m3rbxst2_2_3.jpg"
"3968";"/9/2/92116_2_3.jpg"
"3969";"/9/2/92122_2_3.jpg"
"3970";"/9/2/92140a_2_3.jpg"
"3971";"/9/2/92160a_2_3.jpg"
"3972";"/9/2/92180_2_3.jpg"
"3973";"/a/7/a796sa64_2_3.jpg"
"3974";"/a/7/a7978264_2_3.jpg"
"3975";"/a/7/a797sa64_2_3.jpg"
"3983";"/f/t/ftx43_2_3.jpg"
"3988";"/t/m/tm75_2_3.jpg"
"3989";"/v/b/vb13_2_3.jpg"
"3990";"/v/b/vbx23_2_3.jpg"
"3991";"/0/7/0773065_2_3.jpg"
"3992";"/b/l/bl700_2_3.jpg"
"3993";"/n/j/nj600_2_3.jpg"
"3994";"/q/b/qb1004_2_3.jpg"
"3995";"/q/b/qb900b_2_3.jpg"
"3997";"/b/c/bcd-332_2_3.jpg"
"3998";"/b/c/bcd-992_2_3.jpg"
"4001";"/b/s/bsm-300_2_3.jpg"
"4002";"/b/t/btg-100blk_2_3.jpg"
"4007";"/c/c/ccm-600_2_3.jpg"
"4010";"/c/c/ccp-510_2_3.jpg"
"4011";"/c/c/ccp-600_2_3.jpg"
"4012";"/c/c/ccp-610_2_3.jpg"
"4017";"/c/f/cff-552_2_3.jpg"
"4018";"/c/f/cff-965_2_3.jpg"
"4019";"/c/f/cff-986_2_3.jpg"
"4023";"/c/k/ckm-100_2_3.jpg"
"4027";"/e/q/eqm-200_2_3.jpg"
"4030";"/f/c/fck-800_2_3.jpg"
"4032";"/f/p/fps-200_2_3.jpg"
"4037";"/h/d/hdc-701_2_3.jpg"
"4038";"/h/d/hdr-565_2_3.jpg"
"4040";"/h/d/hdt-600retrored_2_3.jpg"
"4041";"/h/k/hkp-200_2_3.jpg"
"4042";"/h/s/hsb-590_2_3.jpg"
"4043";"/i/c/ick-200_2_3.jpg"
"4044";"/i/c/icmp-400blue_2_3.jpg"
"4046";"/i/c/icmw-400_2_3.jpg"
"4048";"/j/f/jfd-100_2_3.jpg"
"4050";"/k/p/kpk-400_2_3.jpg"
"4051";"/k/p/kpm-508_2_3.jpg"
"4052";"/k/p/kpp-24_2_3.jpg"
"4056";"/k/r/krs-2150_2_3.jpg"
"4057";"/k/r/krs-6100ss_2_3.jpg"
"4059";"/l/p/lpf-210_2_3.jpg"
"4060";"/m/d/mdf-200_2_3.jpg"
"4061";"/m/s/msb-64_2_3.jpg"
"4064";"/n/g/ngd-200_2_3.jpg"
"4065";"/o/f/ofp-501_2_3.jpg"
"4066";"/p/c/pcm-805_2_3.jpg"
"4068";"no_selection"
"4069";"/p/n/pnb-900_2_3.jpg"
"4071";"/p/p/ppb-600_2_3.jpg"
"4073";"/r/h/rhd-800_2_3.jpg"
"4074";"/r/h/rhp-310_2_3.jpg"
"4076";"/r/h/rhp-625_2_3.jpg"
"4081";"/r/k/rkp-630_2_3.jpg"
"4083";"/r/m/rmo-400blk_2_3.jpg"
"4084";"/r/m/rmo-400red_2_3.jpg"
"4085";"/r/r/rrf-325cr_2_3.jpg"
"4086";"/r/r/rrf-325hnblk_2_3.jpg"
"4087";"/r/s/rsm-602_2_3.jpg"
"4088";"/r/s/rsm-650_2_3.jpg"
"4089";"/r/s/rsm-702_2_3.jpg"
"4091";"/s/c/scc-200_2_3.jpg"
"4092";"/s/c/sck-800_2_3.jpg"
"4093";"/s/c/scm-502_2_3.jpg"
"4094";"/s/m/smm-100_2_3.jpg"
"4096";"/s/p/spf-200_2_3.jpg"
"4097";"/s/p/spk-300_2_3.jpg"
"4099";"/t/p/tpm-100_2_3.jpg"
"4100";"/t/p/tpm-100red_2_3.jpg"
"4101";"/t/s/tsc-250blk_2_3.jpg"
"4102";"/1/-/1-clnr-fr-6_2_3.jpg"
"4103";"/1/-/1-clnr-hz-6_2_3.jpg"
"4104";"/2/-/2-bf111-cb-6_2_3.jpg"
"4105";"/2/-/2-bf215-cb-6_2_3.jpg"
"4106";"/1/-/1-exp100-bl-4_2_3.jpg"
"4107";"/2/-/2-gf214-cb-6_2_3.jpg"
"4108";"/1/-/1-gl200-w-4_2_3.jpg"
"4109";"/1/-/1-gl204-bl-4_2_3.jpg"
"4110";"/1/-/1-gl204-w-4_2_3.jpg"
"4111";"/1/-/1-gl210-bl-4_2_3.jpg"
"4112";"/1/-/1-gl212-bl-6_2_3.jpg"
"4113";"/1/-/1-gl220-bl-4_2_3.jpg"
"4114";"/1/-/1-gl220-w-4_2_3.jpg"
"4115";"/1/-/1-gl312-bl-4_2_3.jpg"
"4116";"/2/-/2-kf111-bl-6_2_3.jpg"
"4117";"/1/-/1-pk008-bl-6_2_3.jpg"
"4118";"/r/k/rk101_2_3.jpg"
"4119";"/r/k/rk202cb12_2_3.jpg"
"4120";"/1/-/1-ss404-ss6_2_3.jpg"
"4121";"/1/-/1-wk112-bl-4_2_3.jpg"
"4122";"/2/9/29109_2_3.jpg"
"4124";"/o/r/or101h_2_3.jpg"
"4125";"/o/r/or102_2_3.jpg"
"4126";"/p/r/pr9100nm_2_3.jpg"
"4127";"/u/2/u2000rb_2_3.jpg"
"4128";"/o/r/org5010_2_3.jpg"
"4129";"/o/r/org5020_2_3.jpg"
"4130";"/o/r/org5025_2_3.jpg"
"4131";"/o/r/org5035_2_3.jpg"
"4145";"/o/g/ogb81101_2_3.jpg"
"4147";"/o/g/ogg3701_2_3.jpg"
"4148";"/o/g/ogg61403_2_3.jpg"
"4153";"/p/e/pe011106_2_3.jpg"
"4154";"/g/l/gl2jbc-y_2_3.jpg"
"4155";"/g/l/gl2jbr-y_2_3.jpg"
"4156";"/g/l/gl2jcb-y_2_3.jpg"
"4157";"/g/l/gl2jcc-y_2_3.jpg"
"4158";"/g/l/gl2jld-y_2_3.jpg"
"4159";"/g/l/gl2jll-y_2_3.jpg"
"4160";"/g/l/gl2jmh-y_2_3.jpg"
"4161";"/g/l/gl2jnk-y_2_3.jpg"
"4162";"/g/l/gl2jnm-y_2_3.jpg"
"4163";"/g/l/gl2jny-y_2_3.jpg"
"4164";"/g/l/gl2jom-y_2_3.jpg"
"4165";"/g/l/gl2jpp-y_2_3.jpg"
"4166";"/g/l/gl2jsg-y_2_3.jpg"
"4167";"/r/i/ri58001_2_3.jpg"
"4169";"/r/i/ri58011_2_3.jpg"
"4170";"/r/i/ri58012_2_3.jpg"
"4171";"/r/i/ri58201_2_3.jpg"
"4172";"/r/i/ri58302_2_3.jpg"
"4173";"/r/i/ri58306_2_3.jpg"
"4174";"/r/i/ri58551_2_3.jpg"
"4175";"/r/i/ri585516_2_3.jpg"
"4176";"/f/d/fd1005whgen_2_3.jpg"
"4177";"/f/d/fd5000blgen_2_3.jpg"
"4178";"/f/s/fs100200gen_2_3.jpg"
"4186";"/s/t/st5000plgen_2_3.jpg"
"4188";"/r/h/rh13552_2_3.jpg"
"4189";"/m/v/mv2010_2_3.jpg"
"4190";"/n/v/nv100_2_3.jpg"
"4191";"/n/v/nv22l_2_3.jpg"
"4192";"/n/v/nv352_2_3.jpg"
"4193";"/n/v/nv356e_2_3.jpg"
"4194";"/s/3/s3101n_2_3.jpg"
"4195";"/s/3/s3251_2_3.jpg"
"4196";"/s/3/s3501n_2_3.jpg"
"4197";"/s/3/s3601_2_3.jpg"
"4198";"/s/3/s3901_2_3.jpg"
"4199";"/s/c/sc630_2_3.jpg"
"4200";"/s/c/sc630d_2_3.jpg"
"4201";"/s/v/sv1100_2_3.jpg"
"4202";"/s/v/sv75_2_3.jpg"
"4203";"/s/v/sv780_2_3.jpg"
"4204";"/v/1/v1930_2_3.jpg"
"4205";"/v/1/v1950_2_3.jpg"
"4206";"/x/t/xt2010_2_3.jpg"
"4207";"/x/t/xt3101_2_3.jpg"
"4208";"/x/t/xt3601_2_3.jpg"
"4209";"/x/t/xt630_2_3.jpg"
"4210";"/s/d/sd011104_2_3.jpg"
"4211";"/2/7/27500_2_3.jpg"
"4212";"/2/7/275006_2_3.jpg"
"4213";"/s/n/sn611106_2_3.jpg"
"4214";"/s/n/sn621106_2_3.jpg"
"4215";"/0/7/0772104_2_3.jpg"
"4216";"/s/t/st011708_2_3.jpg"
"4217";"/s/g/sgs90701b_2_3.jpg"
"4218";"/s/g/sgs90701w_2_3.jpg"
"4220";"/s/v/sv011106_2_3.jpg"
"4221";"/1/4/14201_2_3.jpg"
"4222";"/8/7/8746002_2_3.jpg"
"4225";"/a/8/a8162564_2_3.jpg"
"4226";"/a/8/a8168264_2_3.jpg"
"4227";"/a/8/a821sa94_2_3.jpg"
"4228";"/a/8/a8481562_2_3.jpg"
"4230";"/a/8/a8579784_2_3.jpg"
"4231";"/a/9/a9099694_2_3.jpg"
"4234";"/a/9/a9227974_2_3.jpg"
"4235";"/a/9/a9228064_2_3.jpg"
"4236";"/b/f/bf6520003_2_3.jpg"
"4237";"/c/1/c1075464_2_3.jpg"
"4238";"/c/1/c1076564_2_3.jpg"
"4246";"/c/3/c306sc64_2_3.jpg"
"4247";"/c/8/c811sa64_2_3.jpg"
"4248";"no_selection"
"4250";"/c/8/c839sa64_2_3.jpg"
"4251";"/c/8/c8888164_2_3.jpg"
"4252";"/d/0/d0500872_2_3.jpg"
"4253";"/d/9/d9130764_2_3.jpg"
"4254";"/d/9/d9131364_2_3.jpg"
"4255";"/d/9/d9133364_2_3.jpg"
"4256";"/d/9/d913sc64_2_3.jpg"
"4257";"/e/6/e6140864_2_3.jpg"
"4258";"/e/9/e9180764_2_3.jpg"
"4259";"/e/9/e9189764_2_3.jpg"
"4260";"/e/9/e918sc64_2_3.jpg"
"4262";"/e/9/e9389764_2_3.jpg"
"4264";"/e/9/e9429764_2_3.jpg"
"4265";"/f/f/ff1038002_2_3.jpg"
"4266";"/f/r/fr1014002_2_3.jpg"
"4267";"/f/r/fr4049001_2_3.jpg"
"4268";"/f/r/fr7008002_2_3.jpg"
"4271";"/f/z/fz7000251_2_3.jpg"
"4273";"/s/w/sw6100004_2_3.jpg"
"4274";"/t/l/tl6802002_2_3.jpg"
"4275";"/t/t/tt7061002a_2_3.jpg"
"4276";"/t/t/tt7461002a_2_3.jpg"
"4277";"/y/s/ys2h3664_2_3.jpg"
"4278";"/t/t/ttplr_2_3.jpg"
"4280";"/u/g/ug101r_2_3.jpg"
"4281";"/v/o/vowr-2_2_3.jpg"
"4282";"/w/p/wp-100_2_3.jpg"
"4283";"/w/p/wp-360_2_3.jpg"
"4284";"/w/p/wp-60_2_3.jpg"
"4285";"/a/8/a8018274_2_3.jpg"
"4286";"/a/8/a801sa64_2_3.jpg"
"4287";"/a/8/a8167764_2_3.jpg"
"4289";"/a/8/a8342465_2_3.jpg"
"4292";"/c/9/c9638264_2_3.jpg"
"4293";"/c/9/c963sc64_2_3.jpg"
"4294";"/w/p/wp79101_2_3.jpg"
"4295";"/w/p/wp791016_2_3.jpg"
"4296";"/w/p/wp79106_2_3.jpg"
"4297";"/w/p/wp79108_2_3.jpg"
"4298";"/w/p/wp79109_2_3.jpg"
"4299";"/w/p/wp791096_2_3.jpg"
"4300";"/w/p/wp79110_2_3.jpg"
"4301";"/w/p/wp79112_2_3.jpg"
"4302";"/d/9/d921sa64_2_3.jpg"
"4305";"/f/i/fit800-500x500.png"
"4306";"/s/u/surround-air-xj-3800-intelli-pro-air-purifier-500x500.jpg"
"4307";"/t/8/t800-500x500.png"
"4308";"/a/m/amblack-500x500.jpg"
"4309";"/l/r/lr_jr_white_1-500x500.jpg"
"4310";"/l/r/lr_jr_blue-500x500.jpg"
"4311";"/4/0/400hmsandstone_1-500x500.jpg"
"4312";"/l/r/lr_std_black_1_1-500x500.jpg"
"4313";"/l/r/lr_jr_ss-500x500.jpg"
"4314";"/4/0/400hmblack-500x500.jpg"
"4315";"/2/0/2000_platinum-500x500.jpg"
"4316";"/4/0/400hmwhite-500x500.jpg"
"4317";"/3/0/3000onix_light_on-500x500.jpg"
"4318";"/1/0/1000_airfree-500x500.gif"
"4319";"/t/h/the-cloud-home-and-office-air-purifier-500x500.png"
"4320";"/t/h/the-summit-home-and-office-air-purifier-500x500.png"
"4321";"/t/h/the-peak-in-duct-pco-air-500x500.png"
"4322";"/t/h/the-peak-in-duct-pco-air-500x500_1.png"
"4323";"/x/j/xj3100a-500x500.jpg"