"entity_id";"big_image"
"100";"/m/p/mp3152g_4.jpg"
"101";"/m/p/mp3154g_4.jpg"
"102";"/c/y/cy0039ciski_4.jpg"
"103";"/c/y/cy0040ciski_9.jpg"
"104";"/c/y/cy0043ciagd_9.jpg"
"105";"/c/y/cy0069cppri_9.jpg"
"106";"/c/y/cy0070cppri_9.jpg"
"107";"/c/y/cy0071cppri_9.jpg"
"108";"/c/y/cy0088cplav_9.jpg"
"109";"/c/y/cy0089cplav_9.jpg"
"110";"/c/y/cy0091cplav_9.jpg"
"111";"/c/y/cy0092cpgla_9.jpg"
"112";"/c/y/cy0105accar_9.jpg"
"113";"/c/y/cy0106cpsnd_9.jpg"
"114";"/c/y/cy0109cpsnd_9.jpg"
"115";"/c/y/cy0110cpsnd_9.jpg"
"116";"/c/y/cy0111cpsnd_9.jpg"
"117";"/c/y/cy0161acfle_10.jpg"
"118";"/c/y/cy0169ctfro_9.jpg"
"119";"/c/y/cy0170ctfro_9.jpg"
"120";"/c/y/cy0172ctfro_9.jpg"
"121";"/c/y/cy0173ctfro_9.jpg"
"122";"/c/y/cy0174ctmer_9.jpg"
"123";"/c/y/cy0177ctpri_9.jpg"
"124";"/c/y/cy0179ctpri_9.jpg"
"125";"/c/y/cyas2_9.jpg"
"126";"/i/c/icc756blk_4.jpg"
"127";"/i/c/icc818blk_4.jpg"
"128";"/i/c/icc818wht_4.jpg"
"129";"/a/i/ai1000ysplt129341_4.jpg"
"130";"/a/i/ai300fm_ch_1.jpg"
"131";"/a/i/ai500fmch129345_5.jpg"
"132";"/a/i/ai600_cchgr1_1.jpg"
"133";"/a/i/ai800cchgr_4.jpg"
"134";"/a/i/ai800mini7129339_4.jpg"
"135";"/a/i/ai_cly_mbt100_1.jpg"
"136";"/m/b/mbl_cly_mbt100_1.jpg"
"138";"/c/s/csmp145_4.jpg"
"140";"/c/x/cx39_4.jpg"
"141";"/c/x/cx49_4.jpg"
"142";"/c/x/cx73blk_4.jpg"
"143";"/c/x/cx73blu_4.jpg"
"144";"/c/x/cx73red_4.jpg"
"145";"/c/x/cx73svr_4.jpg"
"146";"/c/x/cx789_4.jpg"
"147";"/c/x/cxcd329svr_4.jpg"
"148";"/c/x/cxr60_4.jpg"
"149";"/c/y/cy3mp_4.jpg"
"150";"/i/s/isp191b_4.jpg"
"151";"/i/s/isp209b_4.jpg"
"152";"/r/f/rfp50_4.jpg"
"153";"/c/x/cxcd250_4.jpg"
"156";"/b/c/bcd2306dp_4.jpg"
"157";"/i/b/ibp181b_4.jpg"
"158";"/i/b/ibp301b_4.jpg"
"159";"/c/r/cra108blk_4.jpg"
"161";"/c/s/csmp125_4.jpg"
"163";"/c/2/c280_4.jpg"
"164";"/i/c/icp101b_4.jpg"
"165";"/i/c/icp211b_4.jpg"
"166";"/i/c/icp360_4.jpg"
"167";"/i/c/icp601b_4.jpg"
"168";"/r/c/rcdc1_4.jpg"
"169";"/d/k/dkcl3p_4.jpg"
"171";"/a/t/atmp100_4.jpg"
"176";"/j/a/jamboxblackdiamond_4.jpg"
"178";"/j/a/jamboxbluewave_4.jpg"
"180";"/j/a/jamboxgreyhex_4.jpg"
"182";"/j/a/jamboxreddot_4.jpg"
"184";"/a/t/atr1100_4.jpg"
"185";"/a/t/atr1200_4.jpg"
"186";"/a/t/atr1205_4.jpg"
"187";"/a/t/atr1500_4.jpg"
"188";"/a/t/atr2100usb_4.jpg"
"189";"/a/t/atr288w_4.jpg"
"190";"/a/t/atr3350_4.jpg"
"191";"/a/t/atr4697_4.jpg"
"192";"/a/t/atr4750_4.jpg"
"193";"/a/t/atr5200_4.jpg"
"194";"/a/t/atr6250_4.jpg"
"195";"/a/t/atw251lt2_4.jpg"
"196";"/a/t/atw251lt3_4.jpg"
"197";"/a/t/atw251lt8_4.jpg"
"198";"/p/r/pro88wr35_4.jpg"
"199";"/a/t/athck303mbk_3.jpg"
"200";"/a/t/athck303mbl_3.jpg"
"201";"/a/t/athck303mbpk_3.jpg"
"202";"/a/t/athck303mbrd_3.jpg"
"203";"/a/t/athck303mpk_3.jpg"
"204";"/a/t/athck303msv_3.jpg"
"205";"/a/t/athck400ibk_3.jpg"
"206";"/a/t/athckf300dpk_3.jpg"
"207";"/a/t/athckf300gd_3.jpg"
"208";"/a/t/athckf300lgr_3.jpg"
"209";"/a/t/athckf300lpk_3.jpg"
"210";"/a/t/athckf300mgr_3.jpg"
"211";"/a/t/athckf300pk_3.jpg"
"212";"/a/t/athckf300pl_3.jpg"
"213";"/a/t/athckf300wh_3.jpg"
"214";"/a/t/athckf500bk_3.jpg"
"215";"/a/t/athckf500bw_3.jpg"
"216";"/a/t/athckf500iv_3.jpg"
"217";"/a/t/athckf500lpk_3.jpg"
"218";"/a/t/athckf500pgd_3.jpg"
"219";"/a/t/athckf500pk_3.jpg"
"220";"/a/t/athckf500tbl_3.jpg"
"221";"/a/t/athckf500wh_3.jpg"
"222";"/c/v/cve52pink_3.jpg"
"223";"/c/v/cve52red_3.jpg"
"224";"/c/v/cve52silver_3.jpg"
"244";"/c/v/cve91white_1.jpg"
"245";"/c/v/cvem79black_1.jpg"
"246";"/c/v/cvem79blue_1.jpg"
"247";"/c/v/cvem79green_1.jpg"
"248";"/c/v/cvem79orange_1.jpg"
"249";"/c/v/cvem79pink_1.jpg"
"250";"/c/v/cvem79purple_1.jpg"
"251";"/c/v/cvem79red_1.jpg"
"252";"/c/v/cvem79silver_1.jpg"
"253";"/c/v/cvem79yellow_1.jpg"
"254";"/c/v/cvem87_1.jpg"
"255";"/t/e/tep201pnk_1.jpg"
"256";"/t/e/tep201red_1.jpg"
"257";"/r/p/rphjc120k_1.jpg"
"258";"/r/p/rphjc120w_1.jpg"
"259";"/r/p/rphje270a_1.jpg"
"260";"/r/p/rphje270g_1.jpg"
"261";"/r/p/rphje270p_1.jpg"
"262";"/r/p/rphje450k_1.jpg"
"263";"/r/p/rphje450r_1.jpg"
"264";"/r/p/rphje450w_1.jpg"
"265";"/r/p/rphv094k_1.jpg"
"266";"/r/p/rp_hv21r_1.jpg"
"267";"/r/p/rphs200d_1.jpg"
"268";"/r/p/rphs200k_1.jpg"
"269";"/r/p/rphs33d_1.jpg"
"270";"/r/p/rphs33g_1.jpg"
"271";"/r/p/rphsc200k_1.jpg"
"272";"/r/p/rphsc200w_1.jpg"
"273";"/a/t/athes33bk_1.jpg"
"274";"/a/t/athes3awh_1.jpg"
"275";"/a/t/athes55bk_1.jpg"
"276";"/a/t/athfw3bk_1.jpg"
"277";"/a/t/athfw3pk_1.jpg"
"278";"/a/t/athfw3wh_1.jpg"
"279";"/c/v/cvh42_1.jpg"
"280";"/c/v/cvh89_1.jpg"
"281";"/r/p/rphx40a_1.jpg"
"282";"/r/p/rphx40g_1.jpg"
"283";"/r/p/rphx40k_1.jpg"
"284";"/r/p/rphx40pk_1.jpg"
"285";"/r/p/rphx40pw_1.jpg"
"286";"/r/p/rphx40w_1.jpg"
"287";"/r/p/rphxc40k_1.jpg"
"288";"/r/p/rphxc40w_1.jpg"
"289";"/a/t/atha900_1.jpg"
"290";"/a/t/athad700_1.jpg"
"291";"/a/t/athad900_1.jpg"
"292";"/a/t/athre70bk_1.jpg"
"293";"/a/t/athre70wh_1.jpg"
"294";"/a/t/athsj11bk_1.jpg"
"295";"/a/t/atht200_1.jpg"
"296";"/a/t/atht300_1.jpg"
"297";"/a/t/atht400_1.jpg"
"298";"/a/t/athw1000x_2.jpg"
"299";"/a/t/athwm5_2.jpg"
"300";"/a/t/athws70_1.jpg"
"301";"/c/v/cv195_1.jpg"
"302";"/c/v/cv215black_1.jpg"
"303";"/c/v/cv215blue_1.jpg"
"304";"/c/v/cv215red_1.jpg"
"305";"/c/v/cv215silver_1.jpg"
"306";"/c/v/cv720_1.jpg"
"307";"/r/p/rpht227_1.jpg"
"308";"/r/p/rphtf600s_1.jpg"
"309";"/r/p/rphtf890s_1.jpg"
"310";"/r/p/rphtx7g1_1.jpg"
"311";"/r/p/rphtx7k1_1.jpg"
"312";"/r/p/rphtx7p1_1.jpg"
"313";"/r/p/rphtx7r1_1.jpg"
"314";"/r/p/rphtx7w1_1.jpg"
"315";"/a/t/athanc27_1.jpg"
"316";"/r/p/rphc101k_1.jpg"
"317";"/r/p/rphc55s_1.jpg"
"318";"/r/p/rphc720k_1.jpg"
"319";"/a/t/athpro500bk_1.jpg"
"320";"/r/p/rpdjs400a_1.jpg"
"321";"/r/p/rpdjs400g_1.jpg"
"322";"/r/p/rpdjs400k_1.jpg"
"323";"/r/p/rpdjs400r_1.jpg"
"324";"/r/p/rpdjs400w_1.jpg"
"325";"/k/c/kcd150.jpg"
"326";"/a/t/at301ep.jpg"
"327";"/a/t/at311ep.jpg"
"328";"/a/t/at440mla.jpg"
"329";"/a/t/at6012.jpg"
"330";"/a/t/at634.jpg"
"331";"/a/t/atlp120usb.jpg"
"332";"/a/t/atlp240usb.jpg"
"333";"/a/t/atlp60.jpg"
"334";"/a/t/atlp60usb.jpg"
"335";"/a/t/atp2xn.jpg"
"336";"/c/x/cxcd377blk.jpg"
"337";"/c/x/cxcd400blk.jpg"
"338";"/i/h/ihp310b.jpg"
"339";"/i/s/is208b.jpg"
"341";"/s/c/sc_ap01_1.jpg"
"342";"/s/c/schc05.jpg"
"343";"/s/c/schc25.jpg"
"344";"/s/c/sc_hc27_1.jpg"
"345";"/s/c/sc_hc37_1.jpg"
"346";"/s/c/sc_hc57_1.jpg"
"347";"/s/c/sc_mc07_1.jpg"
"348";"/c/d/cddh950p.jpg"
"349";"/c/d/cddhs1050p.jpg"
"350";"/d/k/dkkp80p.jpg"
"351";"/d/k/dk_kp95p_1.jpg"
"352";"/x/l/xldh229p.jpg"
"353";"/x/l/xldh259p.jpg"
"354";"/x/l/xlhf200p.jpg"
"356";"/d/v/dvd765.jpg"
"357";"/d/v/dvd938.jpg"
"358";"/s/c/scbtt190.jpg"
"359";"/s/c/scbtt195.jpg"
"360";"/s/c/sc_btt490_1.jpg"
"361";"/s/c/scxh170.jpg"
"362";"/s/h/shfx71.jpg"
"363";"/h/t/htc650w_1.jpg"
"364";"/h/t/ht_d550_1.jpg"
"369";"/i/t/itp180b.jpg"
"370";"/i/t/itp280b.jpg"
"371";"/s/c/sc_htb20_1.jpg"
"372";"/s/c/sc_htb350_1.jpg"
"373";"/s/c/sc_htb550_1.jpg"
"374";"/h/t/htsb600.jpg"
"376";"/h/t/ht_sl75_1.jpg"
"377";"/h/t/htsl77_1.jpg"
"378";"/a/c/ac5w.jpg"
"379";"/a/c/ac6cd.jpg"
"380";"/a/t/atc6dm.jpg"
"381";"/b/i/bi8.jpg"
"382";"/d/v/dvd209blk.jpg"
"384";"/d/v/dvd288.jpg"
"385";"/d/v/dvd298.jpg"
"387";"/d/h/dh300b.jpg"
"388";"/d/v/dv225mg9.jpg"
"389";"/m/d/mdv2100f7.jpg"
"390";"/m/d/mdv3000f7.jpg"
"391";"/d/v/dvdls92.jpg"
"392";"/d/v/dvds48.jpg"
"393";"/d/v/dvds68.jpg"
"394";"/d/v/dvp3560f7.jpg"
"395";"/b/l/bluray_dongle_bundle_1.jpg"
"396";"/d/m/dmp_bbt01_1.jpg"
"397";"/d/m/dmpbd75.jpg"
"398";"/d/m/dmpbd77.jpg"
"399";"/d/m/dmp_bd87_1.jpg"
"400";"/d/m/dmpbdt220.jpg"
"401";"/d/m/dmpbdt310.jpg"
"402";"/d/m/dmp_bdt320_1.jpg"
"403";"/d/m/dmp_bdt500_1.jpg"
"404";"/d/y/dywl10.jpg"
"405";"/b/d/bd-c5500_xaarb_1.jpg"
"406";"/b/d/bdams20u_1.jpg"
"407";"/b/d/bdhp25u.jpg"
"409";"/b/d/bdhp35u.jpg"
"410";"/z/v/zv427mg9.jpg"
"411";"/a/y/ay_dvm60ej_1.jpg"
"412";"/a/y/aydvm60xj_1.jpg"
"413";"/a/y/ay_dvm80ej_1.jpg"
"414";"/l/m/lm_rf30v_1.jpg"
"415";"/r/t/rt602mc_1.jpg"
"416";"/r/t/rt604mc_1.jpg"
"417";"/3/5/3508b001.jpg"
"418";"/3/5/3508b0014kit.jpg"
"419";"/4/3/4342b001.jpg"
"420";"/4/3/4342b001kit.jpg"
"421";"/4/3/4342b0014kit.jpg"
"422";"/4/9/4925b0013kit.jpg"
"423";"/4/9/4925b0014kit.jpg"
"424";"/4/9/4926b0013kit.jpg"
"425";"/4/9/4926b0014kit.jpg"
"426";"/4/9/4927b0013kit.jpg"
"427";"/4/9/4927b0014kit.jpg"
"428";"/4/9/4941b0013kit.jpg"
"429";"/4/9/4941b0014kit.jpg"
"430";"/4/9/4942b0013kit.jpg"
"431";"/4/9/4942b0014kit.jpg"
"432";"/4/9/4944b0013kit.jpg"
"433";"/4/9/4944b0014kit.jpg"
"434";"/5/0/5030b001kit.jpg"
"435";"/5/0/5030b001pkit.jpg"
"436";"/5/0/5032b021.jpg"
"437";"/5/0/5033b0014kit.jpg"
"438";"/5/0/5035b001.jpg"
"439";"/5/0/5035b0014kit.jpg"
"440";"/5/0/5037b001.jpg"
"441";"/5/0/5037b0014kit.jpg"
"442";"/5/0/5038b001.jpg"
"443";"/5/0/5038b0014kit.jpg"
"444";"/5/0/5043b001.jpg"
"445";"/5/0/5043b0014kit.jpg"
"446";"/5/0/5044b001.jpg"
"447";"/5/0/5044b001kit.jpg"
"448";"/5/0/5044b0014kit.jpg"
"449";"/5/0/5045b001.jpg"
"450";"/5/0/5045b0014kit.jpg"
"451";"/5/1/5130b001.jpg"
"452";"/5/2/5244b001.jpg"
"453";"/5/2/5244b0014kit.jpg"
"454";"/5/2/5245b001.jpg"
"455";"/5/2/5245b0014kit.jpg"
"456";"/5/2/5249b001.jpg"
"457";"/5/2/5251b001.jpg"
"458";"/5/2/5251b0013kit.jpg"
"459";"/5/2/5251b0014kit.jpg"
"460";"/5/2/5266b001.jpg"
"461";"/5/2/5266b0014kit.jpg"
"462";"/5/2/5269b001.jpg"
"463";"/5/2/5269b0014kit.jpg"
"464";"/5/6/5663b001.jpg"
"465";"/5/6/5663b0014kit.jpg"
"466";"/5/6/5664b001.jpg"
"467";"/5/6/5664b0014kit.jpg"
"468";"/5/6/5685b001.jpg"
"469";"/5/6/5685b0014kit.jpg"
"470";"/5/6/5688b001.jpg"
"471";"/5/6/5688b0014kit.jpg"
"472";"/5/7/5704b001.jpg"
"473";"/5/7/5704b0014kit.jpg"
"474";"/5/9/5900b001.jpg"
"475";"/5/9/5900b0013kit.jpg"
"476";"/6/0/6021b001.jpg"
"477";"/6/0/6021b0013kit.jpg"
"478";"/6/0/6024b001.jpg"
"479";"/6/0/6027b001.jpg"
"480";"/6/0/6027b0013kit.jpg"
"481";"/6/0/6030b001.jpg"
"482";"/6/0/6036b001.jpg"
"483";"/6/0/6039b001.jpg"
"484";"/6/0/6039b0013kit.jpg"
"485";"/6/0/6042b001.jpg"
"486";"/6/0/6042b0013kit.jpg"
"487";"/6/0/6045b001.jpg"
"488";"/6/0/6045b0013kit.jpg"
"489";"/6/0/6048b001.jpg"
"490";"/6/0/6048b0013kit.jpg"
"491";"/6/0/6051b001.jpg"
"492";"/6/1/6145b001.jpg"
"494";"/6/1/6148b001.jpg"
"495";"/6/1/6149b001.jpg"
"496";"/6/1/6150b001.jpg"
"497";"/6/1/6151b001.jpg"
"498";"/6/1/6152b001.jpg"
"499";"/6/1/6160b001.jpg"
"500";"/6/1/6163b001.jpg"
"501";"/6/1/6166b001.jpg"
"502";"/6/1/6169b001.jpg"
"503";"/6/1/6171b001.jpg"
"504";"/6/1/6174b001.jpg"
"505";"/6/1/6177b001.jpg"
"506";"/6/1/6178b001.jpg"
"507";"/6/1/6179b001.jpg"
"508";"/6/1/6180b001.jpg"
"509";"/6/1/6181b001.jpg"
"510";"/6/1/6182b001.jpg"
"511";"/6/1/6183b001.jpg"
"512";"/6/1/6184b001.jpg"
"513";"/6/1/6185b001.jpg"
"514";"/6/1/6186b001.jpg"
"515";"/6/1/6187b001.jpg"
"516";"/6/1/6188b001.jpg"
"517";"/6/1/6189b001.jpg"
"518";"/6/1/6190b001.jpg"
"519";"/6/1/6191b001.jpg"
"520";"/6/1/6192b001.jpg"
"521";"/6/1/6193b001.jpg"
"522";"/6/1/6195b001.jpg"
"524";"/6/1/6196b001.jpg"
"525";"/1/5/15777309.jpg"
"526";"/1/5/15940255.jpg"
"527";"/1/5/15940255kit.jpg"
"528";"/1/5/15973721.jpg"
"529";"/1/5/15975858.jpg"
"530";"/1/5/15975858jcpkit_1.jpg"
"531";"/1/6/16117300.jpg"
"532";"/1/6/16117300kit.jpg"
"533";"/1/6/16124456.jpg"
"534";"/1/6/16124456kit.jpg"
"535";"/1/6/16124573.jpg"
"536";"/1/6/16124573kit.jpg"
"537";"/1/6/16130716.jpg"
"538";"/1/6/16130716kit.jpg"
"539";"/1/6/16190089.jpg"
"540";"/1/6/16199188.jpg"
"541";"/1/6/16201333.jpg"
"542";"/1/6/16201333kit.jpg"
"543";"/1/6/16202014.jpg"
"544";"/1/6/162020144kit.jpg"
"545";"/1/6/16206450.jpg"
"546";"/1/6/162064504kit.jpg"
"547";"/1/6/16209581.jpg"
"548";"/1/6/162095813kit.jpg"
"549";"/1/6/16215102.jpg"
"550";"/1/6/16215102kit.jpg"
"551";"/1/6/16218221.jpg"
"552";"/1/6/162182213kit.jpg"
"553";"/1/6/16219902.jpg"
"554";"/1/6/162199023kit.jpg"
"555";"/1/6/16221589.jpg"
"556";"/1/6/16221589kit.jpg"
"557";"/1/6/16223422.jpg"
"558";"/1/6/162234223kit.jpg"
"559";"/1/6/16227480.jpg"
"560";"/1/6/162274803kit.jpg"
"561";"/1/6/16228111.jpg"
"562";"/1/6/162281113kit.jpg"
"563";"/1/6/16229347.jpg"
"564";"/1/6/162293474kit.jpg"
"565";"/1/6/16229490.jpg"
"566";"/1/6/162294903kit.jpg"
"567";"/1/6/16229646.jpg"
"568";"/1/6/162296463kit.jpg"
"569";"/1/6/16229799.jpg"
"570";"/1/6/162297993kit.jpg"
"571";"/1/6/16229945.jpg"
"572";"/1/6/162299453kit.jpg"
"573";"/1/6/16230243.jpg"
"574";"/1/6/162302433kit.jpg"
"575";"/1/6/16233130.jpg"
"576";"/1/6/16233130kit.jpg"
"577";"/1/6/16233283.jpg"
"578";"/1/6/162332833kit.jpg"
"579";"/1/6/16233439.jpg"
"580";"/1/6/162334393kit.jpg"
"581";"/1/6/16233582.jpg"
"582";"/1/6/162335823kit.jpg"
"583";"/1/6/16233738.jpg"
"584";"/1/6/162337383kit.jpg"
"585";"/1/6/16238037.jpg"
"586";"/1/6/162380373kit.jpg"
"587";"/1/6/16243252.jpg"
"588";"/1/6/162432524kit.jpg"
"589";"/6/0/600009114.jpg"
"591";"/v/8/v8025sblkkit.jpg"
"592";"/v/x/vx029blk.jpg"
"593";"/2/7/2764b0034kit.jpg"
"594";"/2/7/2764b004.jpg"
"595";"/3/8/3814b004.jpg"
"596";"/3/8/3814b0044kit.jpg"
"597";"/3/8/3814b004l1kit.jpg"
"598";"/3/8/3814b004l2kit.jpg"
"599";"/3/8/3814b010.jpg"
"600";"/3/8/3814b0104kit.jpg"
"601";"/3/8/3814b010l1kit.jpg"
"602";"/3/8/3814b010l2kit.jpg"
"603";"/3/8/3814b016.jpg"
"604";"/3/8/3814b0164kit.jpg"
"605";"/3/8/3814b016l1kit.jpg"
"606";"/3/8/3814b016l2kit.jpg"
"607";"/4/4/4460b003.jpg"
"608";"/4/4/4460b0034kit.jpg"
"609";"/4/4/4460b003l1kit.jpg"
"610";"/4/4/4460b003l2kit.jpg"
"611";"/4/4/4460b004.jpg"
"612";"/4/4/4460b0044kit.jpg"
"613";"/4/4/4460b004l1kit.jpg"
"614";"/4/4/4460b004l2kit.jpg"
"615";"/4/4/4462b001.jpg"
"616";"/4/4/4462b0014kit.jpg"
"617";"/4/4/4462b003.jpg"
"618";"/4/4/4462b0033kit.jpg"
"620";"/4/4/4462b0034kit.jpg"
"621";"/4/4/4462b0035kit.jpg"
"622";"/4/4/4462b0036kit.jpg"
"623";"/4/4/4462b003l14kit.jpg"
"624";"/4/4/4462b003l1kit.jpg"
"625";"/4/4/4462b003l23kit.jpg"
"626";"/4/4/4462b003l24kit.jpg"
"627";"/4/4/4462b003l2kit.jpg"
"628";"/4/4/4462b005.jpg"
"629";"/4/4/4462b005l14kit.jpg"
"630";"/4/4/4462b005l1kit.jpg"
"631";"/4/4/4462b005l24kit.jpg"
"632";"/4/4/4462b005l2kit.jpg"
"633";"/5/1/5157b002.jpg"
"634";"/5/1/5157b0023kit.jpg"
"635";"/5/1/5157b0024kit.jpg"
"636";"/5/1/5157b002l14kit.jpg"
"637";"/5/1/5157b002l1kit.jpg"
"638";"/5/1/5157b002l24kit.jpg"
"639";"/5/1/5157b002l2kit.jpg"
"640";"/5/1/5169b001.jpg"
"641";"/5/1/5169b0014kit.jpg"
"642";"/5/1/5169b003.jpg"
"643";"/5/1/5169b003kit.jpg"
"644";"/5/1/5169b0034kit.jpg"
"645";"/5/1/5169b003l14kit.jpg"
"646";"/5/1/5169b003l1kit.jpg"
"647";"/5/1/5169b003l24kit.jpg"
"648";"/5/1/5169b003l2kit.jpg"
"649";"/5/1/5169b005.jpg"
"650";"/5/1/5169b0054kit.jpg"
"651";"/5/1/5169b005l14kit.jpg"
"652";"/5/1/5169b005l1kit.jpg"
"653";"/5/1/5169b005l24kit.jpg"
"654";"/5/1/5169b005l2kit.jpg"
"655";"/1/5/15989158.jpg"
"656";"/0/2/0284b002.jpg"
"657";"/0/3/0344b002.jpg"
"658";"/0/3/0345b002.jpg"
"659";"/1/0/1056b002.jpg"
"660";"/1/2/1257b002.jpg"
"661";"/1/2/1258b002.jpg"
"662";"/1/9/1910b002.jpg"
"663";"/2/0/2042b002.jpg"
"664";"/2/0/2044b002.jpg"
"665";"/2/0/2045b002.jpg"
"666";"/2/2/2297b002.jpg"
"667";"/2/5/2512a002.jpg"
"668";"/2/5/2514a002_1.jpg"
"669";"/2/5/2515a003.jpg"
"670";"/2/5/2520a004.jpg"
"671";"/2/5/2539a007.jpg"
"672";"/2/5/2569a004.jpg"
"673";"/2/5/2577a002.jpg"
"674";"/2/7/2751b002.jpg"
"675";"/2/7/2752b002.jpg"
"676";"/4/6/4657a006.jpg"
"677";"/6/4/6473a003.jpg"
"678";"/9/3/9321a002.jpg"
"679";"/9/5/9517a002.jpg"
"680";"/r/p/rpsdn02gu1a_1.jpg"
"681";"/r/p/rpsdn04gu1a_1.jpg"
"682";"/r/p/rp_sdp02gu1k_1.jpg"
"683";"/9/6/9612a001_1.jpg"
"684";"/2/5/2570b001.jpg"
"685";"/3/0/3089b001_1.jpg"
"686";"/3/5/3527b001.jpg"
"687";"/3/5/3528b001.jpg"
"688";"/3/6/3601b001.jpg"
"689";"/4/0/4042b001.jpg"
"690";"/4/7/4712b001.jpg"
"692";"/6/0/600006990.jpg"
"693";"/6/0/600007019.jpg"
"694";"/6/0/600007991.jpg"
"695";"/6/5/650000836_1.jpg"
"697";"/v/s/vs10c_1.jpg"
"698";"/b/l/bl304blk.jpg"
"699";"/d/c/dc115r.jpg"
"701";"/d/c/dc125_1.jpg"
"702";"/d/c/dc401.jpg"
"703";"/d/c/dc54_1.jpg"
"704";"/t/r/tr036cl8.jpg"
"705";"/v/i/vivrgc7.jpg"
"706";"/v/i/vivsk100.jpg"
"707";"/v/i/vivsk401.jpg"
"708";"/v/i/vivvt6blu.jpg"
"709";"/4/1/4103b022.jpg"
"710";"/4/8/4894b002.jpg"
"711";"/4/8/4895b002.jpg"
"712";"/c/a/cam3002.jpg"
"713";"/c/a/cam3002kit.jpg"
"714";"/c/a/cam3005.jpg"
"715";"/c/a/cam4002.jpg"
"717";"/c/a/cam4002kit.jpg"
"718";"/c/a/cam5002.jpg"
"720";"/c/a/cam5002kit.jpg"
"721";"/c/a/cam5005.jpg"
"722";"/d/v/dvr380blk.jpg"
"723";"/d/v/dvr380red.jpg"
"724";"/d/v/dvr411black.jpg"
"725";"/d/v/dvr411blackkit_1.jpg"
"726";"/d/v/dvr411grape.jpg"
"727";"/d/v/dvr411grapekit_1.jpg"
"728";"/d/v/dvr411silver.jpg"
"729";"/d/v/dvr411silverkit_1.jpg"
"730";"/d/v/dvr411straw.jpg"
"731";"/d/v/dvr411strawkit_1.jpg"
"732";"/d/v/dvr850wblk_1.jpg"
"733";"/d/p/dp10421g.jpg"
"734";"/d/p/dp1052.jpg"
"735";"/d/p/dp1452.jpg"
"736";"/d/p/dp151blk.jpg"
"737";"/d/p/dp151wht.jpg"
"738";"/d/p/dp700blk.jpg"
"739";"/d/p/dp700wd.jpg"
"740";"/d/p/dp730.jpg"
"741";"/d/p/dp750.jpg"
"742";"/d/p/dp843.jpg"
"744";"/d/p/dp860.jpg"
"745";"/d/p/dp862.jpg"
"746";"/2/8/2897a002.jpg"
"747";"/1/9/1950b001.jpg"
"748";"/2/4/2478a002.jpg"
"749";"/2/8/2805b002.jpg"
"750";"/6/2/6243b001_1.jpg"
"751";"/6/0/600004447_1.jpg"
"752";"/2/7/2764b003.jpg"
"753";"/2/7/2764b003l2kit.jpg"
"754";"/l/e/ledtv1526_2.jpg"
"755";"/l/e/ledtv1926_2.jpg"
"756";"/l/e/ledtv2326_2.jpg"
"758";"/l/e/ledtv3226_2.jpg"
"760";"/1/9/19me402v_f7_1.jpg"
"761";"/t/c/tcl32e5_2.jpg"
"762";"/t/c/tcl37e5_2.jpg"
"763";"/t/c/tcl42d30_2.jpg"
"764";"/t/c/tcl42e30_2.jpg"
"765";"/t/c/tcl42e50_2.jpg"
"766";"/t/c/tcl42et5_2.jpg"
"772";"/l/c/lc42le540u_2.jpg"
"800";"/t/f/tf_tv1225_1.jpg"
"802";"/t/f/tftv3227_2.jpg"
"804";"/t/f/tftv3229_2.jpg"
"805";"/t/f/tftv4025_2.jpg"
"806";"/t/f/tftv992_2.jpg"
"807";"/1/9/19mf301bf7_2.jpg"
"808";"/2/6/26md301bf7_2.jpg"
"809";"/2/6/26mf301bf7_2.jpg"
"810";"/3/2/32mf301bf7_2.jpg"
"811";"/t/c/tcl32c3_2.jpg"
"812";"/t/c/tcl32c5_2.jpg"
"813";"/t/c/tcl32x30_2.jpg"
"814";"/t/c/tcl32x5_2.jpg"
"815";"/t/c/tcl42u5_2.jpg"
"816";"/1/9/19pfl3505df7_2.jpg"
"817";"/3/2/32pfl3506df7_2.jpg"
"818";"/4/0/40pfl5706df7_2.jpg"
"821";"/l/c/lc32b56_2.jpg"
"822";"/s/c/sc261fs_2.jpg"
"826";"/l/c/lc42sv50u_2.jpg"
"828";"/l/e/ledvd1596_2.jpg"
"829";"/l/e/ledvd1996_2.jpg"
"830";"/l/e/ledvd2396_2.jpg"
"832";"/t/f/tfdvd2395_2.jpg"
"834";"/t/f/tfdvd3295_2.jpg"
"836";"/1/9/19md301bf7_2.jpg"
"837";"/3/2/32md301bf7_2.jpg"
"838";"/k/t/ktfdvd1093svr_2.jpg"
"839";"/k/t/ktfdvd1560svr_2.jpg"
"840";"/k/t/ktfdvd7093svr_2.jpg"
"841";"/a/n/an_k15lp_1.jpg"
"842";"/t/y/ty_ep3d10_1.jpg"
"843";"/t/y/tyer3d4mu_2.jpg"
"844";"/a/n/an3dg20b_2.jpg"
"845";"/a/n/ant806_2.jpg"
"846";"/r/c/rcr6473n_2.jpg"
"847";"/r/c/rcr812n_2.jpg"
"848";"/r/c/rcrf03b_2.jpg"
"849";"/r/c/rcrp05b_2.jpg"
"850";"/r/c/rcrv06gr_2.jpg"
"851";"/c/y/cyagpd_2.jpg"
"852";"/c/y/cymgpd_2.jpg"
"853";"/d/y/dywl5_1.jpg"
"854";"/t/y/ty_cc20w_1.jpg"
"855";"/t/y/ty_wl20u_1.jpg"
"883";"/d/s/ds40_1.jpg"
"884";"/p/s/ps200_1.jpg"
"886";"/s/c/scs221_1.jpg"
"887";"/v/f/vf2012-b1_1.jpg"
"897";"/a/c/acc925_1.jpg"
"898";"/a/c/acc931_1.jpg"
"899";"/a/c/acc932_1.jpg"
"902";"/c/m/cm50.jpg"
"903";"/c/m/cm60.jpg"
"905";"/d/s/ds135_1.jpg"
"927";"/m/s/msa101_1.jpg"
"930";"/p/f/pf632_1.jpg"
"931";"/p/f/pf640.jpg"
"932";"/p/f/pf650.jpg"
"933";"/p/f/pf660.jpg"
"934";"/p/l/plck-unl_1.jpg"
"935";"/s/f/sf16d_1.jpg"
"936";"/s/f/sf24d_1.jpg"
"938";"/s/f/sf630p.jpg"
"939";"/s/f/sf632p_1.jpg"
"940";"/t/v/tvf2x2.jpg"
"941";"/l/l/ll22b1.jpg"
"943";"/s/f/sf640_1.jpg"
"944";"/s/f/sf640p.jpg"
"945";"/s/f/sf650p_1.jpg"
"946";"/s/f/sf660p.jpg"
"947";"/s/f/sf670p.jpg"
"948";"/s/f/sf680_1.jpg"
"949";"/s/f/sf680p_1.jpg"
"950";"/s/u/suf640p.jpg"
"951";"/s/u/suf650p.jpg"
"952";"/s/u/suf660p.jpg"
"953";"/l/l/ll11-b1_1.jpg"
"954";"/l/t/lt25b1.jpg"
"955";"/m/l/mll10b1.jpg"
"956";"/m/l/mll12b1.jpg"
"957";"/m/m/mml12b1.jpg"
"958";"/m/t/mt25b1.jpg"
"959";"/v/l/vll10-b1_1.jpg"
"960";"/v/l/vlt14-b1_1.jpg"
"961";"/v/l/vlt15-b1_1.jpg"
"962";"/v/m/vmfl1b.jpg"
"963";"/v/m/vml10-b1_1.jpg"
"964";"/v/m/vmpl3b.jpg"
"965";"/v/m/vmt14-b1_1.jpg"
"966";"/v/m/vmt15-b1_1.jpg"
"970";"/o/n/onetp.jpg"
"973";"/p/f/pft640.jpg"
"974";"/p/f/pft660.jpg"
"975";"/p/s/ps-1_1.jpg"
"977";"/p/t/pt632.jpg"
"978";"/p/t/pt640.jpg"
"979";"/p/t/pt650.jpg"
"980";"/p/t/pt660.jpg"
"981";"/r/t/rtfpt2-320_1.jpg"
"983";"/s/p/sp850-unlp_1_1.jpg"
"984";"/s/p/sp850-unlp-s_1.jpg"
"986";"/s/t/st630p.jpg"
"987";"/s/t/st632.jpg"
"988";"/s/t/st632p.jpg"
"989";"/s/t/st635_1.jpg"
"990";"/s/t/st635p_1.jpg"
"991";"/s/t/st640_1.jpg"
"992";"/s/t/st640p.jpg"
"993";"/s/t/st650_1.jpg"
"994";"/s/t/st650p_1.jpg"
"995";"/s/t/st660_1.jpg"
"996";"/s/t/st660p.jpg"
"997";"/s/t/st670.jpg"
"998";"/s/t/st670p_1.jpg"
"999";"/s/t/st680p.jpg"
"1000";"/s/u/sut632p.jpg"
"1001";"/s/u/sut645p.jpg"
"1002";"/s/u/sut660p.jpg"
"1004";"/m/l/mlt13b1.jpg"
"1005";"/m/l/mlt15b1.jpg"
"1006";"/m/m/mmt15b1.jpg"
"1007";"/m/s/mst15b1.jpg"
"1008";"/v/m/vmfb.jpg"
"1009";"/v/m/vmpl50a-b1_1.jpg"
"1010";"/v/s/vst15-b1_1.jpg"
"1012";"/p/a/pa730.jpg"
"1014";"/p/a/pa740.jpg"
"1016";"/p/a/pa760_1.jpg"
"1017";"/p/l/pla50-unl_1.jpg"
"1018";"/p/l/pla50-unlp-gb_1.jpg"
"1021";"/p/l/pla60-unl-s_1.jpg"
"1022";"/s/a/sa730p.jpg"
"1023";"/s/a/sa740p.jpg"
"1026";"/s/a/sa752pu_1.jpg"
"1027";"/s/a/sa760p.jpg"
"1029";"/s/a/sa761pu.jpg"
"1030";"/s/a/sa763pu.jpg"
"1031";"/s/a/sa770pu.jpg"
"1032";"/s/a/sa770pus.jpg"
"1034";"/s/p/sp730p_1.jpg"
"1035";"/s/p/sp740p_1.jpg"
"1037";"/s/u/sua750pu.jpg"
"1040";"/t/v/tva2x2.jpg"
"1041";"/l/f/lf228b1.jpg"
"1042";"/m/f/mf202-b1_1.jpg"
"1043";"/m/f/mf215-b1_1.jpg"
"1044";"/m/l/mlf10b1.jpg"
"1045";"/m/l/mlf20b1.jpg"
"1046";"/m/m/mmf10b1.jpg"
"1047";"/m/m/mmf15b1.jpg"
"1048";"/m/s/msf07b1.jpg"
"1049";"/s/f/sf203-b1_1.jpg"
"1050";"/s/f/sf213-b1_1.jpg"
"1051";"/v/l/vlf210b1.jpg"
"1052";"/v/l/vlf220b1.jpg"
"1054";"/v/m/vmaa26b01.jpg"
"1055";"/v/m/vmf220_1.jpg"
"1056";"/v/x/vxf220-b1_1.jpg"
"1057";"/x/f/xf228b1.jpg"
"1058";"/l/a/la112b1_1.jpg"
"1061";"/v/l/vlmf109-b1_1.jpg"
"1063";"/i/m/im760p.jpg"
"1064";"/l/r/lr1a-b1_1.jpg"
"1065";"/l/r/lr1aw1.jpg"
"1066";"/l/r/lrf118-b1_1.jpg"
"1068";"/p/a/pag-unv_1_1.jpg"
"1071";"/p/j/pjf2unv.jpg"
"1072";"/p/j/pjf2-unv-s_1.jpg"
"1073";"/p/p/ppa_1.jpg"
"1074";"/p/p/ppa-w_1.jpeg"
"1077";"/p/r/prgexa.jpg"
"1080";"/p/r/prg-unv-w_1.jpg"
"1081";"/p/r/prskit0811_1.jpg"
"1084";"/p/r/prsunv_1.jpg"
"1086";"/p/r/prs-unv-w_1.jpg"
"1087";"/p/s/psta-2955-w_1.jpg"
"1088";"/p/s/pstk-028_1.jpg"
"1089";"/p/s/pstk-2955-w_1.jpg"
"1092";"/a/c/acc050_1.jpg"
"1093";"/a/c/acc109_1.jpg"
"1097";"/a/c/acc550_1.jpg"
"1098";"/a/c/acc556_1.jpg"
"1099";"/a/c/acc557_1.jpg"
"1100";"/a/c/acc559_1.jpg"
"1106";"/a/c/acc640b_1.jpg"
"1110";"/a/c/acc845_1.jpg"
"1113";"/a/c/acc918_1.jpg"
"1114";"/a/c/acc919_1.jpg"
"1117";"/a/d/add0406_1.jpg"
"1119";"/a/d/adj0608_1.jpg"
"1120";"/a/d/adj0709_1.jpg"
"1121";"/a/d/adj0810_1.jpg"
"1123";"/a/e/aec006009w_1.jpg"
"1127";"/a/e/aec0305_1.jpg"
"1135";"/c/m/cmj310_1.jpg"
"1136";"/c/m/cmj450_1.jpg"
"1137";"/c/m/cmj455_1.jpg"
"1138";"/c/m/cmj470_1.jpg"
"1142";"/d/c/dct100_1.jpg"
"1144";"/e/x/ext102_1.jpg"
"1145";"/e/x/ext103_1.jpg"
"1147";"/e/x/ext110_1.jpg"
"1148";"/l/c/lcc18_1.jpg"
"1149";"/l/c/lcc_18c_1.jpg"
"1150";"/l/c/lcc36_1.jpg"
"1151";"/l/c/lcc36-c_1.jpg"
"1152";"/p/c/pc932a_1.jpg"
"1153";"/p/c/pc932b_1.jpg"
"1154";"/p/c/pc932c_1.jpg"
"1155";"/p/l/plb-1_1.jpg"
"1157";"/p/l/plcm-1cp_1.jpg"
"1158";"/p/l/plcm-2_1.jpg"
"1162";"/p/l/plcm-unl_1.jpg"
"1163";"/p/l/plcm-unl-cp_1.jpg"
"1164";"/l/c/lc1a_1.jpg"
"1165";"/l/c/lc2a_1.jpg"
"1166";"/l/c/lch-100_1.jpg"
"1169";"/m/d/md115-g1_1.jpg"
"1170";"/v/m/vmpo1b_1.jpg"
"1171";"/v/m/vmuc1s.jpg"
"1172";"/a/c/acc313_1.jpg"
"1173";"/a/c/acc314_1.jpg"
"1174";"/a/c/acc320_1.jpg"
"1175";"/a/c/acc322_1.jpg"
"1176";"/a/c/acc324_1.jpg"
"1177";"/s/r/sr560g_1.jpg"
"1178";"/s/r/sr560m_1.jpg"
"1179";"/s/t/st660p_1.jpg"
"1180";"/p/l/plp-un1_1.jpg"
"1181";"/p/l/plp-unl_1.jpg"
"1182";"/p/l/plp-unlp_1.jpg"
"1183";"/p/l/plp-unm_1.jpg"
"1184";"/p/l/plpunmp_1.jpg"
"1186";"/p/l/plp-v8x4_1.jpg"
"1189";"/w/s/wsp716gb_1.jpg"
"1191";"/a/i/aiclntchs.jpg"
"1192";"/a/i/aiiphiclnsv2129871.jpg"
"1193";"/f/s/fsclnkitsm1.jpg"
"1194";"/f/s/fsclnkitsm2127955.jpg"
"1195";"/m/c/mcclnkitltop_1.jpg"
"1196";"/m/c/mcclnkitptbl.jpg"
"1197";"/m/c/mcclntchpen_1.jpg"
"1198";"/t/v/tvclnkit126634.jpg"
"1199";"/a/c/acc415_1.jpg"
"1202";"/p/l/plt-blk_1.jpg"
"1203";"/v/p/vpm25-j_1.jpg"
"1204";"/v/p/vpm40-j_1.jpg"
"1206";"/w/m/wmj022_1.jpg"
"1207";"/f/s/fsavfl200120241.jpg"
"1208";"/f/s/fshtsst300_1.jpg"
"1209";"/f/s/fsmphts200109460.jpg"
"1210";"/f/s/fsmphts350121588_1.jpg"
"1211";"/h/p/hpmmdp650ges_1.png"
"1212";"/m/p/mpap200121507.jpg"
"1213";"/m/p/mpav200109345.jpg"
"1214";"/m/p/mpav600109300.jpg"
"1215";"/m/p/mpav800109301.jpg"
"1216";"/m/p/mphdp650.jpg"
"1217";"/m/p/mphdp850g_1.jpg"
"1218";"/m/p/mphdp900_1.jpg"
"1219";"/m/p/mpht200109354.jpg"
"1220";"/m/p/mpht800109302.jpg"
"1221";"/m/p/mphtfsiwhc125271.jpg"
"1222";"/m/p/mphts5100mkii.jpg"
"1223";"/m/p/mphts1000mkiii121533.jpg"
"1224";"/m/p/mphts700109315.jpg"
"1225";"/m/p/mphts800hp109305.jpg"
"1226";"/m/p/mphts850109358.jpg"
"1227";"/m/p/mphts950121515.jpg"
"1228";"/m/p/mpotg300usbefs121538.jpg"
"1229";"/m/p/mpotg300ltop_1.jpg"
"1230";"/m/p/mpotg400wh109162.jpg"
"1231";"/p/c/pchstat1r.jpg"
"1232";"/p/s/pswts6.jpg"
"1233";"/h/d/hdmi06.jpg"
"1234";"/h/d/hdmi12lt.jpg"
"1235";"/a/c/ac120fx1_1.png"
"1236";"/a/c/ac140fx1_1.jpg"
"1237";"/m/c/mc500hd1m127662.jpg"
"1238";"/m/c/mc500hd2m127663.jpg"
"1239";"/m/c/mc500hd4m127664.jpg"
"1240";"/m/c/mc800hd1m128074.jpg"
"1241";"/m/c/mc800hd2m128078.jpg"
"1242";"/m/c/mc800hd4m128079.jpg"
"1243";"/m/c/mc800hd6m128080.jpg"
"1244";"/m/c/mchdmib1m.jpg"
"1245";"/m/c/mchdmib2m.jpg"
"1246";"/v/a/vahdmicpl140320_1.jpg"
"1247";"/v/a/vahdmiradpt140321.jpg"
"1248";"/r/p/rpcdhf15k.jpg"
"1249";"/r/p/rpcdhf30k.jpg"
"1250";"/r/p/rpcdhs15w.jpg"
"1251";"/r/p/rp-chem15-k_1.jpg"
"1252";"/r/p/rp-chem30-k_1_1.jpg"
"1253";"/r/p/rp-ches15-k_1.jpg"
"1254";"/r/p/rp-ches30-k_1.jpg"
"1255";"/r/p/rp-ches50-k_1.jpg"
"1256";"/r/p/rp-cheu15-k_1.jpg"
"1257";"/d/h/dh12hh.jpg"
"1258";"/d/h/dh3hh.jpg"
"1259";"/d/h/dh6hh.jpg"
"1260";"/d/h/dh9hh.jpg"
"1261";"/p/r/pr384.jpg"
"1262";"/v/i/vivhdmimini.jpg"
"1263";"/b/s/bsv1r2m140184.jpg"
"1264";"/c/p/cprg6q-clez500_103417_1.jpg"
"1265";"/t/h/thxi100dcx4126030.jpg"
"1266";"/t/h/thxi100dcx8126031.jpg"
"1267";"/t/h/thxv100cv16126046.jpg"
"1268";"/t/h/thxv100cv4126044.jpg"
"1269";"/t/h/thxv100cv8126045.jpg"
"1270";"/t/h/thxv100r8126039.jpg"
"1271";"/t/h/thxv100sv8126042.jpg"
"1272";"/t/h/thxv100f-8_126035_1.jpg"
"1273";"/b/i/bi2001m140178.jpg"
"1274";"/b/i/bi2002m140179.jpg"
"1275";"/m/l/mlmt-h132083_1.png"
"1276";"/x/p/xpms20mkii127863.jpg"
"1277";"/x/p/xpms50mkii.jpg"
"1278";"/c/i/citmbk-16_1.jpg"
"1279";"/c/i/citmbk8129703.jpg"
"1280";"/f/s/fspackhdmi130421.jpg"
"1281";"/h/d/hdconnectionkit.jpg"
"1282";"/h/d/hdperformancekit.jpg"
"1283";"/h/d/hdstarterkit.jpg"
"1284";"/s/t/starterbundle.jpg"
"1285";"/b/b/bbhcm371a.jpg"
"1286";"/b/b/bbhcm511a.jpg"
"1287";"/b/b/bbhcm527a.jpg"
"1288";"/b/b/bbhcm531a.jpg"
"1289";"/b/b/bbhcm547a.jpg"
"1290";"/b/b/bbhcm580a.jpg"
"1291";"/b/b/bbhcm581a.jpg"
"1292";"/b/b/bbhcm701a.jpg"
"1293";"/b/b/bbhcm715a.jpg"
"1294";"/b/b/bbhcs301a.jpg"
"1295";"/b/l/blc101a.jpg"
"1296";"/b/l/blc121a.jpg"
"1297";"/b/l/blc140a.jpg"
"1298";"/b/l/blc160a.jpg"
"1299";"/b/l/blc210.jpg"
"1300";"/b/l/blc230.jpg"
"1301";"/u/d/udw10003.jpg"
"1302";"/u/d/udw20055.jpg"
"1303";"/s/w/sw211hty.jpg"
"1304";"/s/w/sw344dwd.jpg"
"1305";"/s/w/sw234pc2.jpg"
"1306";"/s/w/sw244bvd.jpg"
"1307";"/s/w/sw361obc.jpg"
"1308";"/s/w/sw361rmc.jpg"
"1309";"/s/w/sw361thc.jpg"
"1310";"/s/w/swadsdoorch.jpg"
"1311";"/s/w/swsacsportscam.jpg"
"1312";"/s/w/sw343dpm.jpg"
"1313";"/s/w/sw344dps.jpg"
"1314";"/s/w/sw3467mc.jpg"
"1315";"/s/w/swdvk425504us.jpg"
"1316";"/s/w/swdvk426004.jpg"
"1317";"/s/w/swdvk825504us.jpg"
"1318";"/s/w/swdvk825508us.jpg"
"1319";"/s/w/swdvk826008.jpg"
"1320";"/k/x/kxtg1061m.jpg"
"1321";"/k/x/kxtg1062m.jpg"
"1322";"/k/x/kxtg4011n.jpg"
"1323";"/k/x/kxtg4012n.jpg"
"1324";"/k/x/kxtg4013n.jpg"
"1325";"/k/x/kxtg4021n.jpg"
"1326";"/k/x/kxtg4022n.jpg"
"1327";"/k/x/kxtg4023n.jpg"
"1328";"/k/x/kxtg4024n.jpg"
"1329";"/k/x/kxtg4025n.jpg"
"1330";"/k/x/kxtg4032b.jpg"
"1331";"/k/x/kxtg4132m.jpg"
"1332";"/k/x/kxtg4132n.jpg"
"1333";"/k/x/kxtg4133n.jpg"
"1334";"/k/x/kxtg6511b.jpg"
"1335";"/k/x/kxtg6512b.jpg"
"1336";"/k/x/kxtg6513b.jpg"
"1337";"/k/x/kxtg6532b.jpg"
"1338";"/k/x/kxtg6533b.jpg"
"1339";"/k/x/kxtg6572c.jpg"
"1340";"/k/x/kxtg6572r.jpg"
"1341";"/k/x/kxtg6591t.jpg"
"1342";"/k/x/kxtg6592t.jpg"
"1343";"/k/x/kxtg6633b.jpg"
"1344";"/k/x/kxtg6641b.jpg"
"1345";"/k/x/kxtg6643b.jpg"
"1346";"/k/x/kxtg6644b.jpg"
"1347";"/k/x/kxtg6645b.jpg"
"1348";"/k/x/kxtg6671b.jpg"
"1349";"/k/x/kxtg6672b.jpg"
"1350";"/k/x/kxtg7622b.jpg"
"1351";"/k/x/kxtg7623b.jpg"
"1352";"/k/x/kxtg7642m.jpg"
"1353";"/k/x/kxtg7643m.jpg"
"1354";"/k/x/kxtg7644m.jpg"
"1355";"/k/x/kxtg7645m.jpg"
"1356";"/k/x/kxtg9321t.jpg"
"1357";"/k/x/kxtg9322t.jpg"
"1358";"/k/x/kxtg9381t.jpg"
"1359";"/k/x/kxtg9382t.jpg"
"1360";"/k/x/kxtg9391t.jpg"
"1361";"/k/x/kxtg9392t.jpg"
"1362";"/k/x/kxtg9471b.jpg"
"1363";"/k/x/kxtg9472b.jpg"
"1364";"/k/x/kxtga939t.jpg"
"1365";"/d/1/d1660.jpg"
"1366";"/d/1/d16602.jpg"
"1367";"/d/1/d16603.jpg"
"1368";"/d/1/d1680.jpg"
"1369";"/d/1/d16802.jpg"
"1370";"/d/1/d16803.jpg"
"1371";"/d/1/d16804.jpg"
"1372";"/d/1/d16852.jpg"
"1373";"/d/1/d16853.jpg"
"1374";"/d/2/d22802.jpg"
"1375";"/d/2/d2997.jpg"
"1376";"/d/3/d32802.jpg"
"1377";"/d/3/d32882.jpg"
"1378";"/d/e/dect4066.jpg"
"1379";"/d/e/dect4086.jpg"
"1380";"/d/e/dect4096.jpg"
"1381";"/k/x/kxtg4500b.jpg"
"1382";"/k/x/kxtg6445t.jpg"
"1383";"/k/x/kxtg7532b.jpg"
"1384";"/k/x/kxtga401b.jpg"
"1385";"/k/x/kxtga641t.jpg"
"1386";"/k/x/kxtga651b.jpg"
"1387";"/k/x/kxtga740b.jpg"
"1388";"/k/x/kxtga750b.jpg"
"1389";"/d/1/d16882.jpg"
"1390";"/k/x/kxts105b.jpg"
"1391";"/k/x/kxts105w.jpg"
"1392";"/k/x/kxts108w.jpg"
"1393";"/k/x/kxts208w.jpg"
"1394";"/k/x/kxts3282b.jpg"
"1395";"/k/x/kxts3282w.jpg"
"1396";"/k/x/kxts4100b.jpg"
"1397";"/k/x/kxts4200b.jpg"
"1398";"/k/x/kxts4300b.jpg"
"1399";"/k/x/kxts500b.jpg"
"1400";"/k/x/kxts500w.jpg"
"1401";"/k/x/kxts550b.jpg"
"1402";"/k/x/kxts550w.jpg"
"1403";"/k/x/kxts620b.jpg"
"1404";"/k/x/kxts620w.jpg"
"1405";"/k/x/kxts880w.jpg"
"1406";"/k/x/kxtsc11b.jpg"
"1407";"/k/x/kxtsc11w.jpg"
"1408";"/1/3/1380bk.jpg"
"1409";"/c/e/cez260w.jpg"
"1410";"/k/x/kxfa103.jpg"
"1411";"/k/x/kxfa135.jpg"
"1412";"/k/x/kxfa136.jpg"
"1413";"/k/x/kxfa83.jpg"
"1414";"/k/x/kxfa84.jpg"
"1415";"/k/x/kxfa85.jpg"
"1416";"/k/x/kxfa87.jpg"
"1417";"/k/x/kxfa91.jpg"
"1418";"/k/x/kxfa92.jpg"
"1419";"/k/x/kxfa93.jpg"
"1420";"/k/x/kxfab318.jpg"
"1421";"/k/x/kxfad452.jpg"
"1422";"/k/x/kxfad93.jpg"
"1423";"/k/x/kxfadc510.jpg"
"1424";"/k/x/kxfadk511.jpg"
"1425";"/k/x/kxfap106.jpg"
"1426";"/k/x/kxfap317.jpg"
"1427";"/k/x/kxfat92.jpg"
"1428";"/k/x/kxfatc501.jpg"
"1429";"/k/x/kxfatc506.jpg"
"1430";"/k/x/kxfatk504.jpg"
"1431";"/k/x/kxfatk509.jpg"
"1432";"/k/x/kxfatm502.jpg"
"1433";"/k/x/kxfatm507.jpg"
"1434";"/k/x/kxfaty503.jpg"
"1435";"/k/x/kxfaty508.jpg"
"1436";"/k/x/kxfaw505.jpg"
"1437";"/k/x/kxfl511.jpg"
"1438";"/k/x/kxfp205.jpg"
"1439";"/k/x/kxfp215.jpg"
"1442";"/k/x/kxmb2000.jpg"
"1443";"/k/x/kxmb2010.jpg"
"1444";"/k/x/kxmb2030.jpg"
"1445";"/k/x/kxmb2061.jpg"
"1446";"/k/x/kxmb3020.jpg"
"1447";"/k/x/kxmc6040.jpg"
"1450";"/e/r/eramidnight.jpg"
"1451";"/e/r/erashadowbox.jpg"
"1452";"/e/r/erasilverlining.jpg"
"1453";"/e/r/erasmokescreen.jpg"
"1454";"/i/c/iconhdthinkerblack.jpg"
"1455";"/j/b/jbg06blvhd.jpg"
"1456";"/b/t/bt110.jpg"
"1457";"/b/l/blpa300a.jpg"
"1458";"/b/l/blpa300kta.jpg"
"1459";"/h/h/hhr4dpa.jpg"
"1460";"/h/h/hhrp104a.jpg"
"1461";"/h/h/hhrp105a.jpg"
"1462";"/h/h/hhrp402a.jpg"
"1463";"/k/x/kxtca400.jpg"
"1464";"/k/x/kxtca430.jpg"
"1465";"/k/x/kxtca60.jpg"
"1467";"/k/x/kxtga101s.jpg"
"1468";"/k/x/kxtga106m.jpg"
"1469";"/k/x/kxtga405b.jpg"
"1470";"/k/x/kxtga410b.jpg"
"1471";"/k/x/kxtga410m.jpg"
"1472";"/k/x/kxtga430b.jpg"
"1473";"/k/x/kxtga450b.jpg"
"1476";"/k/x/kxtga630s.jpg"
"1478";"/k/x/kxtga660b.jpg"
"1479";"/k/x/kxtga660m.jpg"
"1480";"/k/x/kxtga930t.jpg"
"1481";"/p/-/p-p301pa-1b_1.jpg"
"1482";"/d/c/dcx220.jpg"
"1483";"/d/c/dcx320.jpg"
"1484";"/d/c/dcx400.jpg"
"1485";"/m/i/mid10458.jpg"
"1486";"/m/i/mid11254g.jpg"
"1487";"/m/i/mid70124g.jpg"
"1489";"/m/i/mid70144g.jpg"
"1490";"/m/i/mid70164g.jpg"
"1493";"/m/i/mid71274g.jpg"
"1495";"/m/i/mid81254g.jpg"
"1497";"/s/t/streak716gray.jpg"
"1501";"/s/t/streak716grayutmo.jpg"
"1502";"/g/t/gtp1010cw16arb.jpg"
"1503";"/g/t/gtp6210ma16arb.jpg"
"1504";"/g/t/gtp7510ma16arb.jpg"
"1506";"/g/t/gtp7510ma32arb.jpg"
"1508";"/g/t/gtp7510uw16arb.jpg"
"1509";"/g/t/gtp7510uw32arb.jpg"
"1512";"/m/p/mpa-kit10-1_1.jpg"
"1513";"/m/p/mpa-kit8-1_1.jpg"
"1514";"/i/a/iad529blk.jpg"
"1515";"/i/s/iss1110.jpg"
"1516";"/i/s/iss1312.jpg"
"1521";"/d/e/deh1300mp.jpg"
"1522";"/d/e/deh2400ub.jpg"
"1523";"/d/e/deh3400ub.jpg"
"1524";"/d/e/deh4400hd.jpg"
"1525";"/d/e/deh6400bt.jpg"
"1526";"/d/e/deh80prs.jpg"
"1527";"/d/e/dehp7400hd.jpg"
"1528";"/d/e/dehp8400bh.jpg"
"1529";"/d/e/dehp9400bh.jpg"
"1530";"/c/d/cdxp680_1.jpg"
"1531";"/g/m/gm3500t.jpg"
"1532";"/g/m/gm5500t.jpg"
"1533";"/g/m/gm6500f.jpg"
"1534";"/g/m/gmd7500m.jpg"
"1535";"/g/m/gmd8500m.jpg"
"1536";"/g/m/gmd9500f.jpg"
"1537";"/p/r/prsd800.jpg"
"1538";"/h/b/hbx-10_1.jpg"
"1539";"/t/s/tssw2501s2.jpg"
"1540";"/t/s/ts-sw2501s4_1.jpg"
"1541";"/t/s/tssw251.jpg"
"1542";"/t/s/tssw3001s2.jpg"
"1543";"/t/s/tssw3001s4.jpg"
"1545";"/t/s/tssw841d.jpg"
"1546";"/t/s/tsswx251.jpg"
"1547";"/t/s/tsswx310.jpg"
"1548";"/t/s/tsw2502d2.jpg"
"1549";"/t/s/tsw2502d4.jpg"
"1550";"/t/s/tsw253r.jpg"
"1551";"/t/s/ts-w254r_1.jpg"
"1552";"/t/s/tsw259d4.jpg"
"1553";"/t/s/tsw259s4.jpg"
"1554";"/t/s/tsw3002d2.jpg"
"1555";"/t/s/tsw3002d4.jpg"
"1556";"/t/s/ts-w304r_1.jpg"
"1557";"/t/s/tsw309d4.jpg"
"1558";"/t/s/tsw309s4.jpg"
"1559";"/t/s/tsa1072r.jpg"
"1560";"/t/s/ts-a1302c_1.jpg"
"1561";"/t/s/tsa1304c.jpg"
"1562";"/t/s/tsa1374r.jpg"
"1563";"/t/s/tsa1604c.jpg"
"1564";"/t/s/tsa1674r.jpg"
"1565";"/t/s/tsa1684r.jpg"
"1566";"/t/s/ts-a1702c_1.jpg"
"1567";"/t/s/tsa4103.jpg"
"1568";"/t/s/tsa4674r.jpg"
"1569";"/t/s/tsa6874r.jpg"
"1570";"/t/s/tsa6964r.jpg"
"1571";"/t/s/tsa6974r.jpg"
"1572";"/t/s/tsa6984r.jpg"
"1573";"/t/s/tsa6994r.jpg"
"1574";"/t/s/tsa878_1.jpg"
"1575";"/t/s/tsd1002r.jpg"
"1576";"/t/s/tsd1302r.jpg"
"1577";"/t/s/ts-d1320c_1.jpg"
"1578";"/t/s/tsd1602r.jpg"
"1579";"/t/s/tsd1702r.jpg"
"1580";"/t/s/tsd1720c.jpg"
"1581";"/t/s/tsd6802r.jpg"
"1582";"/t/s/tsd6902r.jpg"
"1583";"/t/s/ts-g1044r_1.jpg"
"1584";"/t/s/ts-g1344r_1.jpg"
"1585";"/t/s/ts-g1644r_1.jpg"
"1586";"/t/s/ts-g4644r_1.jpg"
"1587";"/t/s/ts-g6844r_1.jpg"
"1588";"/t/s/tsp462_1.jpg"
"1589";"/t/s/tst110.jpg"
"1590";"/t/s/tst15.jpg"
"1591";"/t/s/tsx150.jpg"
"1592";"/t/s/tsx200.jpg"
"1593";"/t/s/tsmr1600_1.jpg"
"1594";"/t/s/tsmr1640_1.jpg"
"1595";"/t/s/ts-mr2040_1.jpg"
"1596";"/c/d/cdib100ii.jpg"
"1597";"/c/d/cdsb10.jpg"
"1598";"/c/d/cdxmpcar1.jpg"
"1599";"/g/e/gexp20hd.jpg"
"1600";"/g/e/gexp920xm.jpg"
"1601";"/d/e/deq-7600_1.jpg"
"1602";"/d/e/deq9200_1.jpg"
"1603";"/a/d/admr92_1.jpg"
"1604";"/a/d/adtva133.jpg"
"1605";"/c/d/cdar600_1.jpg"
"1606";"/c/d/cdi200.jpg"
"1607";"/c/d/cdiu200v.jpg"
"1608";"/c/d/cdiu201s.jpg"
"1609";"/c/d/cdiu201v.jpg"
"1610";"/c/d/cdiu205v.jpg"
"1611";"/c/d/cdiu230v.jpg"
"1612";"/c/d/cdiu50v.jpg"
"1613";"/c/d/cdiu51.jpg"
"1614";"/c/d/cdiu51v.jpg"
"1615";"/c/d/cdmc20.jpg"
"1616";"/c/d/cdmr70.jpg"
"1617";"/c/d/cd-mr80d_1.jpg"
"1618";"/c/d/cdrb10.jpg"
"1619";"/c/d/cdrb20.jpg"
"1620";"/c/d/cdrgb26p.jpg"
"1621";"/c/d/cdrgb31e_1.jpg"
"1623";"/c/d/cdsc300e.jpg"
"1624";"/c/d/cdts36.jpg"
"1625";"/c/d/cdu150e.jpg"
"1626";"/c/d/cdu50e.jpg"
"1627";"/j/d/jd1212s.jpg"
"1628";"/j/d/jd612v.jpg"
"1629";"/j/d/jdt1212.jpg"
"1630";"/j/d/jdt612.jpg"
"1633";"/u/d/udg258.jpg"
"1634";"/u/d/udg308.jpg"
"1635";"/u/d/ud-sw100d_1.jpg"
"1636";"/u/d/ud-sw100t_1.jpg"
"1637";"/u/d/udsw10u.jpg"
"1638";"/u/d/udsw120d_1.jpg"
"1639";"/u/d/ud-sw80d_1.jpg"
"1640";"/n/d/ndbc20pa.jpg"
"1641";"/n/d/ndbc5.jpg"
"1642";"/c/d/cdbtb200.jpg"
"1643";"/c/d/cdr510.jpg"
"1645";"/c/l/cld700.jpg"
"1646";"/c/l/cld902_1.png"
"1647";"/c/l/cls-700_1_1.jpg"
"1648";"/c/l/cls902_1.jpg"
"1652";"/a/v/avhp1400dvd.jpg"
"1653";"/a/v/avhp2400bt.jpg"
"1654";"/a/v/avhp3400bh.jpg"
"1655";"/a/v/avhp4400bh.jpg"
"1656";"/a/v/avhp6300bt.jpg"
"1657";"/a/v/avhp8400bh.jpg"
"1658";"/m/v/mvhp7300.jpg"
"1659";"/m/v/mvhp8200bt.jpg"
"1660";"/s/p/sphda01.jpg"
"1662";"/s/p/sphda100.jpg"
"1663";"/x/d/xdvp6.jpg"
"1664";"/a/d/adrm6000g_1.jpg"
"1666";"/c/d/cdcir10.jpg"
"1667";"/c/f/cfd101_1.jpg"
"1668";"/c/f/cfd-133_1.jpg"
"1669";"/a/d/adga10.jpg"
"1670";"/c/d/cdr55.jpg"
"1671";"/c/d/cdsr100.jpg"
"1672";"/c/d/cdsr11.jpg"
"1673";"/d/e/dezl560lmt.jpg"
"1674";"/d/e/dezl560lt.jpg"
"1675";"/n/u/nuvi1200cs.jpg"
"1677";"/n/u/nuvi1260t.jpg"
"1678";"/n/u/nuvi1300.jpg"
"1682";"/n/u/nuvi1300lmbundle.jpg"
"1684";"/n/u/nuvi1390lmt.jpg"
"1688";"/n/u/nuvi1450lm.jpg"
"1690";"/n/u/nuvi1490lmt.jpg"
"1696";"/n/u/nuvi2455lt.jpg"
"1697";"/n/u/nuvi2475lt.jpg"
"1698";"/n/u/nuvi2555lt.jpg"
"1699";"/n/u/nuvi30.jpg"
"1700";"/n/u/nuvi30c.jpg"
"1701";"/n/u/nuvi3450.jpg"
"1702";"/n/u/nuvi3760lmt.jpg"
"1703";"/n/u/nuvi3790lmt.jpg"
"1704";"/n/u/nuvi40.jpg"
"1707";"/n/u/nuvi40c.jpg"
"1709";"/n/u/nuvi40lm.jpg"
"1712";"/n/u/nuvi40lmc.jpg"
"1714";"/n/u/nuvi465lmt.jpg"
"1715";"/n/u/nuvi465t.jpg"
"1716";"/n/u/nuvi50.jpg"
"1719";"/n/u/nuvi500.jpg"
"1720";"/n/u/nuvi50c.jpg"
"1722";"/n/u/nuvi50lm.jpg"
"1725";"/n/u/nuvi50lmc.jpg"
"1727";"/n/u/nuvi550.jpg"
"1729";"/e/d/edge305refurb.jpg"
"1730";"/n/u/nuvi1100refurb.jpg"
"1731";"/n/u/nuvi1370trefurb.jpg"
"1732";"/n/u/nuvi1390lmtrefurb.jpg"
"1733";"/n/u/nuvi1490lmtrefurb.jpg"
"1734";"/n/u/nuvi1490trefurb.jpg"
"1735";"/n/u/nuvi1690refurb.jpg"
"1737";"/n/u/nuvi265trefurb.jpg"
"1738";"/n/u/nuvi3790lmtrefurb.jpg"
"1739";"/n/u/nuvi3790trefurb.jpg"
"1740";"/n/u/nuvi50lmrefurb.jpg"
"1741";"/n/u/nuvi50refurb.jpg"
"1742";"/n/u/nuvi765trefurb.jpg"
"1743";"/a/v/avicu220.jpg"
"1744";"/a/v/avicx940bt.jpg"
"1745";"/a/v/avicz140bh.jpg"
"1746";"/a/p/approachg3.jpg"
"1747";"/a/p/approachg5.jpg"
"1748";"/a/s/astrobundle.jpg"
"1749";"/d/a/dakota10.jpg"
"1750";"/d/a/dakota10bundle.jpg"
"1751";"/d/a/dakota20.jpg"
"1752";"/e/t/etrex10.jpg"
"1754";"/e/t/etrex20.jpg"
"1755";"/e/t/etrex30.jpg"
"1756";"/e/t/etrexh.jpg"
"1757";"/e/t/etrexlegendh.jpg"
"1758";"/e/t/etrexlegendhcx.jpg"
"1759";"/e/t/etrexvistah.jpg"
"1760";"/f/o/foretrex401.jpg"
"1761";"/g/p/gps72h.jpg"
"1762";"/g/p/gps72hbundle.jpg"
"1763";"/g/p/gpsmap62.jpg"
"1764";"/g/p/gpsmap62s.jpg"
"1765";"/g/p/gpsmap62sc.jpg"
"1766";"/g/p/gpsmap62st.jpg"
"1771";"/g/t/gtu10.jpg"
"1775";"/o/r/oregon450.jpg"
"1776";"/o/r/oregon450t.jpg"
"1777";"/o/r/oregon550.jpg"
"1778";"/o/r/oregon550t.jpg"
"1779";"/r/i/rino120.jpg"
"1780";"/r/i/rino130.jpg"
"1785";"/a/p/approachs1.jpg"
"1787";"/f/o/forerunner110womens.jpg"
"1788";"/f/o/forerunner405usbantgrn.jpg"
"1793";"/f/o/foretrex301.jpg"
"1801";"/g/p/gpsmap431.jpg"
"1802";"/g/p/gpsmap431s.jpg"
"1803";"/g/p/gpsmap441.jpg"
"1804";"/g/p/gpsmap441s.jpg"
"1805";"/g/p/gpsmap441swotransduc.jpg"
"1806";"/0/1/0101021504.jpg"
"1807";"/0/1/010-10317-00_1.jpg"
"1808";"/0/1/0101046900.jpg"
"1809";"/0/1/0101068050.jpg"
"1810";"/0/1/0101069100.jpg"
"1811";"/0/1/0101069102.jpg"
"1812";"/0/1/0101069103.jpg"
"1813";"/0/1/0101075500.jpg"
"1814";"/0/1/0101075900.jpg"
"1815";"/0/1/0101088700.jpg"
"1816";"/0/1/0101094150.jpg"
"1818";"/0/1/0101097800.jpg"
"1820";"/0/1/0101100101.jpg"
"1821";"/0/1/010-11115-01_1.jpg"
"1823";"/0/1/0101131400.jpg"
"1824";"/0/1/0101131500.jpg"
"1825";"/0/1/0101131600.jpg"
"1826";"/0/1/0101131700.jpg"
"1827";"/0/1/0101131800.jpg"
"1828";"/0/1/0101142300.jpg"
"1829";"/0/1/0101155100.jpg"
"1830";"/0/1/010c094800.jpg"
"1831";"/0/1/010c094900.jpg"
"1832";"/0/1/010c095000.jpg"
"1833";"/0/1/010c095100.jpg"
"1834";"/0/1/010c095200.jpg"
"1835";"/0/1/010c095300.jpg"
"1836";"/0/1/010c095400.jpg"
"1837";"/0/1/010c095700.jpg"
"1838";"/0/1/010c102700.jpg"
"1839";"/0/1/010c104200.jpg"
"1840";"/c/n/cndv-1000hd_1.jpg"
"1841";"/c/n/cndv100mt.jpg"
"1842";"/c/n/cnsd-110fm_1.jpg"
"1843";"/c/n/cnsd150fm.jpg"
"1844";"/c/n/cnsd-200fm_1.jpg"
"1845";"/c/n/cnsdopu003.jpg"
"1846";"/c/n/cnsdpn20a.jpg"
"1847";"/0/1/0101011702.jpg"
"1848";"/0/1/0101023101.jpg"
"1849";"/0/1/0101031400.jpg"
"1850";"/0/1/0101057800.jpg"
"1852";"/0/1/010-10850-20_1.jpg"
"1853";"/0/1/0101093601.jpg"
"1854";"/0/1/0101098700.jpg"
"1855";"/0/1/010-11143-02_1.jpg"
"1856";"/0/1/0101130504.jpg"
"1857";"/0/1/0101147804.jpg"
"1861";"/0/1/0101008500.jpg"
"1862";"/0/1/0101020300.jpg"
"1863";"/0/1/0101020600.jpg"
"1864";"/0/1/010-10413-00_1.jpg"
"1866";"/0/1/0101056300.jpg"
"1867";"/0/1/0101072300.jpg"
"1868";"/0/1/0101072306.jpg"
"1871";"/0/1/0101074703.jpg"
"1873";"/c/m/cm012.jpg"
"1874";"/g/n/gn033.jpg"
"1875";"/g/n/gn042.jpg"
"1876";"/g/n/gn047_1.jpg"
"1877";"/g/n/gn097usb_1.jpg"
"1878";"/0/1/010-10305-00_1.jpg"
"1879";"/0/1/0101035400.jpg"
"1880";"/0/1/0101045700.jpg"
"1881";"/0/1/0101072303.jpg"
"1882";"/0/1/010-10723-04_1.jpg"
"1883";"/0/1/0101072308.jpg"
"1884";"/0/1/0101074700.jpg"
"1885";"/0/1/0101075200.jpg"
"1886";"/0/1/0101082300.jpg"
"1887";"/0/1/0101082302.jpg"
"1888";"/0/1/0101082303.jpg"
"1889";"/0/1/0101088900.jpg"
"1890";"/0/1/0101090802.jpg"
"1891";"/0/1/0101093100.jpg"
"1895";"/0/1/0101128000.jpg"
"1896";"/0/1/0101128010.jpg"
"1897";"/0/1/0101030900.jpg"
"1898";"/0/1/0101034700.jpg"
"1899";"/0/1/0101034900.jpg"
"1900";"/0/1/0101064400.jpg"
"1901";"/0/1/0101072900.jpg"
"1902";"/0/1/0101080400.jpg"
"1903";"/0/1/0101085110.jpg"
"1904";"/0/1/0101099700.jpg"
"1905";"/0/1/0101109200.jpg"
"1906";"/0/1/010-11143-07_1.jpg"
"1908";"/0/1/010-11305-12_1.jpg"
"1910";"/d/c/dc40.jpg"
"1911";"/g/p/gps16xhvs.jpg"
"1955";"/d/a/dar0488w.jpg"
"1958";"/d/a/dar195bl.jpg"
"1959";"/d/a/dar259bl.jpg"
"1960";"/d/a/dar259w.jpg"
"1961";"/d/a/dar440bl.jpg"
"1962";"/d/a/dar440w.jpg"
"1963";"/d/c/dcr122bldd.jpg"
"1964";"/d/c/dcr122bsldd.jpg"
"1965";"/d/c/dcr122wdd.jpg"
"1966";"/d/c/dcr88bldd.jpg"
"1967";"/d/c/dcr88bsldd.jpg"
"1968";"/d/c/dcr88wdd.jpg"
"1969";"/d/c/dcr326bsl.jpg"
"2013";"/f/f/ffph25m4lb_1.jpg"
"2082";"/d/i/dim1524w.jpg"
"2087";"/f/f/ffbc46f5ls_1.jpg"
"2097";"/d/w/dwc1233blsc.jpg"
"2104";"/d/w/dwc350blpa.jpg"
"2108";"/d/w/dwc620plsc.jpg"
"2119";"/5/3/5305510264_1.jpg"
"2120";"/a/f/afcb.jpg"
"2121";"/d/u/duotrimkitw_1_1.jpg"
"2122";"/p/a/paultra_1.jpg"
"2127";"/u/l/ultrawf_1.jpg"
"2128";"/w/f/wf1cb_1.jpg"
"2129";"/w/f/wf2cb_1.png"
"2130";"/w/f/wf3cb_1.jpg"
"2131";"/w/f/wfcb_1.jpg"
"2132";"/i/m/im115.jpg"
"2176";"/i/m/im501.jpg"
"2199";"/s/n/snm610c.jpg"
"2225";"/w/l/wlm2107fw.jpg"
"2281";"/s/e/sem210c.jpg"
"2349";"/5/3/53055-1050_1.jpg"
"2350";"/8/0/80145410_1.jpg"
"2352";"/9/0/9011939011_1.jpg"
"2353";"/9/0/9011939014_1.jpg"
"2354";"/9/0/901193901s_1.jpg"
"2356";"/9/0/9030419010_1.jpg"
"2357";"/9/0/9030419011_1.jpg"
"2358";"/9/0/903041901s_1.jpg"
"2359";"/9/0/9030469010_1_1.jpg"
"2360";"/9/0/903046901s_1.jpg"
"2367";"/g/r/grlp2_1.jpg"
"2368";"/g/r/grlp3_1.jpg"
"2369";"/u/l/ultgridle_1.jpg"
"2370";"/s/t/stl03.jpg"
"2373";"/t/t/ttl03.jpg"
"2377";"/w/t/wtl03.jpg"
"2378";"/w/t/wtl03-3_1.jpg"
"2380";"/z/t/ztl03.jpg"
"2382";"/z/t/ztl05.jpg"
"2383";"/z/t/ztl053.jpg"
"2386";"/f/f/ffgc3015lb.jpg"
"2389";"/f/f/ffgc3025lb.jpg"
"2390";"/f/f/ffgc3025ls.jpg"
"2391";"/f/f/ffgc3025lw.jpg"
"2392";"/f/f/ffgc3603lw.jpg"
"2394";"/f/f/ffgc3613ls.jpg"
"2396";"/f/f/ffgc3625lb.jpg"
"2397";"/f/f/ffgc3625ls.jpg"
"2398";"/f/f/ffgc3625lw.jpg"
"2401";"/f/g/fggc3045ks.jpg"
"2402";"/f/g/fggc3045kw.jpg"
"2406";"/f/g/fggc3645kb.jpg"
"2411";"/f/g/fggc3665kw.jpg"
"2412";"/f/p/fpgc3085ks.jpg"
"2413";"/f/p/fpgc3685ks.jpg"
"2414";"/f/f/ffec2605ls.jpg"
"2415";"/f/f/ffec2605lw.jpg"
"2416";"/f/f/ffec3005lb.jpg"
"2417";"/f/f/ffec3005ls.jpg"
"2418";"/f/f/ffec3005lw.jpg"
"2419";"/f/f/ffec3024lb.jpg"
"2420";"/f/f/ffec3024lw.jpg"
"2421";"/f/f/ffec3025lb.jpg"
"2422";"/f/f/ffec3025ls.jpg"
"2423";"/f/f/ffec3025lw.jpg"
"2424";"/f/f/ffec3205ls.jpg"
"2425";"/f/f/ffec3205lw.jpg"
"2426";"/f/f/ffec3603lw.jpg"
"2427";"/f/f/ffec3605lb.jpg"
"2428";"/f/f/ffec3605ls.jpg"
"2429";"/f/f/ffec3605lw.jpg"
"2431";"/f/f/ffec3625ls.jpg"
"2433";"/f/g/fgec3045kb.jpg"
"2434";"/f/g/fgec3045ks.jpg"
"2435";"/f/g/fgec3045kw.jpg"
"2436";"/f/g/fgec3067mb.jpg"
"2437";"/f/g/fgec3067ms.jpg"
"2438";"/f/g/fgec3645kb.jpg"
"2439";"/f/g/fgec3645ks.jpg"
"2440";"/f/g/fgec3645kw.jpg"
"2441";"/f/g/fgec3665kb.jpg"
"2442";"/f/g/fgec3665ks.jpg"
"2443";"/f/g/fgec3665kw.jpg"
"2444";"/f/p/fpec3085ks.jpg"
"2445";"/f/p/fpec3685ks.jpg"
"2446";"/f/g/fgic3067mb.jpg"
"2447";"/f/g/fgic3667mb.jpg"
"2448";"/f/p/fpic3095ms.jpg"
"2449";"/f/p/fpic3695ms.jpg"
"2537";"/f/g/fgds3075kb.jpg"
"2541";"/f/f/ffed3005lw.jpg"
"2547";"/f/p/fpwd2785kf.jpg"
"2548";"/f/p/fpwd3085kf.jpg"
"2556";"/1/5/153604_1.jpg"
"2557";"/1/5/153623_1.jpg"
"2560";"/2/8/283003_1.jpg"
"2562";"/3/3/331h_1.jpg"
"2563";"/3/3/332h_1.jpg"
"2564";"/3/3/335_1.jpg"
"2565";"/3/3/336_1.jpg"
"2566";"/3/7/373001_1.jpg"
"2567";"/3/7/373002_1.jpg"
"2568";"/4/0/402402_1.jpg"
"2569";"/4/0/403001_1.jpg"
"2570";"/4/0/403002_1.jpg"
"2571";"/4/0/403004.jpg"
"2572";"/4/0/403023.jpg"
"2573";"/4/0/403601_1.jpg"
"2574";"/4/0/404201_1.jpg"
"2575";"/4/1/412101_1.jpg"
"2576";"/4/1/412102_1.jpg"
"2577";"/4/1/412401.jpg"
"2578";"/4/1/412402_1.jpg"
"2579";"/4/1/412404.jpg"
"2580";"/4/1/412408_1.jpg"
"2581";"/4/1/412423_1.jpg"
"2582";"/4/1/413001.jpg"
"2583";"/4/1/413002_1.jpg"
"2584";"/4/1/413004.jpg"
"2585";"/4/1/413008_1.jpg"
"2586";"/4/1/413023.jpg"
"2587";"/4/1/413601.jpg"
"2588";"/4/1/413602_1.jpg"
"2589";"/4/1/413604_1.jpg"
"2590";"/4/1/413623_1.jpg"
"2591";"/4/1/414201_1.jpg"
"2593";"/4/2/422401_1.jpg"
"2594";"/4/2/422402_1.jpg"
"2595";"/4/2/423001_1.jpg"
"2596";"/4/2/423004_1.jpg"
"2599";"/4/2/424204_1.jpg"
"2600";"/4/2/424208_1.jpg"
"2601";"/4/3/433004.jpg"
"2602";"/4/3/433011_1.jpg"
"2603";"/4/3/433023.jpg"
"2604";"/4/6/462401_1.jpg"
"2605";"/4/6/462404_1.jpg"
"2606";"/4/6/462423_1.jpg"
"2607";"/4/6/463001_1.jpg"
"2609";"/4/6/463002_1.jpg"
"2610";"/4/6/463004_1.jpg"
"2611";"/4/6/463011_1.jpg"
"2612";"/4/6/463023_1.jpg"
"2613";"/4/6/463601_1.jpg"
"2614";"/4/6/463602_1.jpg"
"2615";"/4/6/463604_1.jpg"
"2616";"/4/6/463623_1.jpg"
"2617";"/4/6/464201_1.jpg"
"2618";"/4/6/464202_1.jpg"
"2619";"/4/6/464204.jpg"
"2620";"/4/6/464208_1.jpg"
"2621";"/5/2/523001_1.jpg"
"2622";"/5/2/523002_1.jpg"
"2623";"/6/1/613004_1.jpg"
"2627";"/8/8/883004_1.jpg"
"2629";"/8/8/883604_1.jpg"
"2631";"/8/8/883611_1.jpg"
"2632";"/8/8/883623_1.jpg"
"2633";"/8/8/883901_1.jpg"
"2634";"/8/8/883904_1.jpg"
"2635";"/8/8/884204_1.jpg"
"2636";"/8/8/884801_1.jpg"
"2638";"/8/8/884823_1.jpg"
"2639";"/8/8/885bl_1.jpg"
"2640";"/8/9/893001_1.jpg"
"2641";"/8/9/893004_1.jpg"
"2642";"/8/9/893011_1.jpg"
"2643";"/8/9/893023_1.jpg"
"2644";"/8/9/893601_1.jpg"
"2645";"/8/9/893604_1.jpg"
"2646";"/8/9/893623_1.jpg"
"2647";"/8/9/893901_1.jpg"
"2648";"/8/9/893904_1.jpg"
"2649";"/8/9/894204_1.jpg"
"2651";"/8/9/894804_1.jpg"
"2653";"/f/4/f402401.jpg"
"2654";"/f/4/f402404_1.jpg"
"2655";"/f/4/f402408_1.jpg"
"2656";"/f/4/f402411_1.jpg"
"2657";"/f/4/f402422_1.jpg"
"2658";"/f/4/f402423_1.jpg"
"2659";"/f/4/f403001_1.jpg"
"2660";"/f/4/f403004.jpg"
"2661";"/f/4/f403008_1.jpg"
"2662";"/f/4/f403011.jpg"
"2663";"/f/4/f403022_1.jpg"
"2664";"/f/4/f403023.jpg"
"2665";"/f/4/f403601_1.jpg"
"2666";"/f/4/f403604_1.jpg"
"2667";"/f/4/f403611_1.jpg"
"2668";"/f/4/f403622_1.jpg"
"2669";"/f/4/f403623_1.jpg"
"2670";"/f/4/f404204_1.jpg"
"2671";"/f/4/f404211.jpg"
"2672";"/f/4/f404222_1.jpg"
"2673";"/f/4/f404223_1.jpg"
"2674";"/m/p/mp280_1.jpg"
"2675";"/p/m/pm390.jpg"
"2676";"/q/d/qde30bl_1.jpg"
"2677";"/q/d/qde30ss_1.jpg"
"2678";"/q/d/qde30ww_1.jpg"
"2679";"/q/p/qp130bl.jpg"
"2680";"/q/p/qp130ss.jpg"
"2681";"/q/p/qp130ww.jpg"
"2682";"/q/p/qp130wwdp_1.jpg"
"2683";"/q/p/qp136bl_1.jpg"
"2684";"/q/p/qp136ss_1.jpg"
"2685";"/q/p/qp136ww_1.jpg"
"2686";"/q/p/qp142bl_1.jpg"
"2687";"/q/p/qp142ss_1.jpg"
"2688";"/q/p/qp142ww_1.jpg"
"2689";"/q/p/qp230bc_1.jpg"
"2690";"/q/p/qp230bl.jpg"
"2691";"/q/p/qp230bldp_1.jpg"
"2692";"/q/p/qp230ss.jpg"
"2693";"/q/p/qp230ww_1.jpg"
"2694";"/q/p/qp236bc_1.jpg"
"2695";"/q/p/qp236bl_1.jpg"
"2696";"/q/p/qp236ss_1.jpg"
"2697";"/q/p/qp236ww_1.jpg"
"2698";"/q/p/qp242bc_1.jpg"
"2699";"/q/p/qp242bl_1.jpg"
"2700";"/q/p/qp242ss_1.jpg"
"2701";"/q/p/qp242ww_1.jpg"
"2702";"/q/p/qp330bl.jpg"
"2703";"/q/p/qp330ss.jpg"
"2704";"/q/p/qp330ssdp_1.jpg"
"2705";"/q/p/qp330ww_1.jpg"
"2706";"/q/p/qp336bl_1.jpg"
"2707";"/q/p/qp336ss_1.jpg"
"2708";"/q/p/qp336ww_1.jpg"
"2709";"/q/p/qp342ss_1.jpg"
"2710";"/q/p/qp430ss_1.jpg"
"2711";"/q/s/qs130bc_1.jpg"
"2712";"/q/s/qs130bl.jpg"
"2713";"/q/s/qs130ss.jpg"
"2714";"/q/s/qs130ww.jpg"
"2715";"/q/s/qs136bc_1.jpg"
"2716";"/q/s/qs136bl_1.jpg"
"2717";"/q/s/qs136ss_1.jpg"
"2718";"/q/s/qs136ww_1.jpg"
"2719";"/q/s/qs142bc_1.jpg"
"2720";"/q/s/qs142bl_1.jpg"
"2721";"/q/s/qs142ss.jpg"
"2722";"/q/s/qs142ww_1.jpg"
"2723";"/q/s/qs230aa_1.jpg"
"2724";"/q/s/qs230bc_1.jpg"
"2725";"/q/s/qs230bl_1_1_1.jpg"
"2726";"/q/s/qs230ss.jpg"
"2727";"/q/s/qs230ww.jpg"
"2728";"/q/s/qs236bc_1.jpg"
"2729";"/q/s/qs236bl_1.jpg"
"2730";"/q/s/qs236ss_1.jpg"
"2731";"/q/s/qs236ww_1.jpg"
"2732";"/q/s/qs242bc_1.jpg"
"2733";"/q/s/qs242bl_1.jpg"
"2734";"/q/s/qs242ss_1.jpg"
"2735";"/q/s/qs242ww_1.jpg"
"2736";"/q/s/qs330aa_1.jpg"
"2737";"/q/s/qs330bc_1.jpg"
"2738";"/q/s/qs330bl_1.jpg"
"2739";"/q/s/qs330ss.jpg"
"2740";"/q/s/qs330ww_1.jpg"
"2741";"/q/s/qs336bl_1.jpg"
"2742";"/q/s/qs336ss_1.jpg"
"2743";"/q/s/qs336ww_1.jpg"
"2744";"/q/s/qs342bc_1.jpg"
"2745";"/q/s/qs342bl_1.jpg"
"2746";"/q/s/qs342ss_1.jpg"
"2748";"/q/t/qt230bc_1.jpg"
"2749";"/q/t/qt230bl_1.jpg"
"2750";"/q/t/qt230ss_1.jpg"
"2751";"/q/t/qt230ww_1.jpg"
"2752";"/q/t/qt236bc_1.jpg"
"2753";"/q/t/qt236bl_1.jpg"
"2754";"/q/t/qt236ss_1.jpg"
"2755";"/q/t/qt242bc_1.jpg"
"2756";"/q/t/qt242bl_1.jpg"
"2757";"/q/t/qt242ss_1.jpg"
"2758";"/q/t/qt242ww_1.jpg"
"2759";"/q/t/qtr080_1.jpg"
"2760";"/q/t/qtr080f_1.jpg"
"2762";"/r/m/rm503001_1.jpg"
"2763";"/r/m/rm503004.jpg"
"2764";"/r/m/rm503023_1.jpg"
"2771";"/r/m/rm533604_1.jpg"
"2774";"/r/m/rmdd3004_1.jpg"
"2775";"/r/m/rmdd3004ex_1.jpg"
"2780";"/r/m/rme5030ss_1.jpg"
"2781";"/f/3/f30wr01es.jpg"
"2782";"/f/3/f30wv16eb.jpg"
"2783";"/f/3/f30wv16es.jpg"
"2784";"/f/3/f36wc19eb.jpg"
"2785";"/f/3/f36wc19es.jpg"
"2786";"/1/1/113023_1.jpg"
"2787";"/a/e/aee60302ss_1.jpg"
"2788";"/a/e/aee60362ss_1.jpg"
"2789";"/a/e/aee60422ss_1.jpg"
"2790";"/a/e/aee60482ss_1.jpg"
"2791";"/a/n/anke60302ss_1.jpg"
"2792";"/a/n/anke60362ss_1.jpg"
"2793";"/a/n/anke60422ss_1.jpg"
"2794";"/a/n/anke60482ss_1.jpg"
"2799";"/e/6/e60e30ss_1.jpg"
"2801";"/e/6/e60e42ss_1.jpg"
"2804";"/e/6/e6430ss_1.jpg"
"2805";"/e/6/e6436ss_1.jpg"
"2806";"/e/6/e6442ss_1.jpg"
"2807";"/e/6/e6448ss_1.jpg"
"2808";"/e/6/e6448tss_1.jpg"
"2809";"/e/6/e64e30ss_1_1.jpg"
"2810";"/e/6/e64e36ss_1.jpg"
"2811";"/e/6/e64e42ss_1_1.jpg"
"2813";"/e/6/e66130bl_1.jpg"
"2814";"/e/6/e66130ss_1_1.jpg"
"2815";"/e/6/e66130wh_1.jpg"
"2816";"/e/6/e66136ss_1.jpg"
"2817";"/e/6/e66142ss_1.jpg"
"2818";"/e/6/e66242ss_1.jpg"
"2819";"/e/i/ei5936ss.jpg"
"2820";"/e/w/ew5630ss.jpg"
"2821";"/e/w/ew5636ss.jpg"
"2822";"/e/w/ew5830ss.jpg"
"2823";"/e/w/ew5836ss.jpg"
"2824";"/f/h/fhpc3660ls.jpg"
"2825";"/f/h/fhpc4260ls.jpg"
"2826";"/f/h/fhwc3055ls.jpg"
"2827";"/f/h/fhwc3060ls.jpg"
"2828";"/f/h/fhwc3655ls.jpg"
"2829";"/f/h/fhwc3660ls.jpg"
"2830";"/a/p/ap130bl_1.jpg"
"2831";"/a/p/ap130ss_1.jpg"
"2833";"/a/p/ap130ww_1_1.jpg"
"2834";"/a/p/ap136bl_1.jpg"
"2835";"/a/p/ap136ss_1.jpg"
"2836";"/a/p/ap130ww_1_2.jpg"
"2838";"/r/m/rm523604_1.jpg"
"2839";"/r/m/rmip33_1.jpg"
"2840";"/r/m/rmip45_1.jpg"
"2841";"/r/m/rml3342_1.jpg"
"2842";"/r/p/rp136ss_1.jpg"
"2843";"/p/l/pl30wc41ec.jpg"
"2844";"/p/l/pl36dd50ec.jpg"
"2846";"/r/h/rh30wc55gs.jpg"
"2855";"/1/0/1006_1.jpg"
"2857";"/1/0/103023_1.jpg"
"2858";"/1/0/103123_1.jpg"
"2859";"/2/7/273001c_1.jpg"
"2860";"/2/7/273002c_1.jpg"
"2861";"/2/7/273023c_1.jpg"
"2862";"/2/7/273601c_1.jpg"
"2863";"/2/7/273602c_1.jpg"
"2864";"/2/7/273623c_1.jpg"
"2865";"/3/3/332kr_1.jpg"
"2867";"/3/5/355ndk_1.jpg"
"2868";"/3/5/356ndk_1.jpg"
"2869";"/3/5/357ndk_1.jpg"
"2870";"/3/7/376ul_1.jpg"
"2871";"/3/8/3808be_1.jpg"
"2872";"/3/9/391_1.jpg"
"2873";"/3/9/392_1_4.jpg"
"2874";"/4/1/410_1.jpg"
"2875";"/4/1/411_1.jpg"
"2876";"/4/1/413_1.jpg"
"2877";"/4/1/414_1.jpg"
"2878";"/4/1/418_1.jpg"
"2879";"/4/1/41f_1.jpg"
"2880";"/4/2/421_1.jpg"
"2881";"/4/2/421bc_1.jpg"
"2882";"/4/2/423_1.jpg"
"2883";"/4/2/424_1.jpg"
"2884";"/4/2/427_1.jpg"
"2885";"/4/2/428_1.jpg"
"2886";"/4/2/429_1.jpg"
"2887";"/4/4/441_1.jpg"
"2888";"/4/5/453_1.jpg"
"2889";"/4/5/454_1.jpg"
"2891";"/4/5/459_1.jpg"
"2892";"/5/7/57w_1.jpg"
"2894";"/6/3/634_1.jpg"
"2895";"/6/3/634m_1.jpg"
"2896";"/6/3/636_1.jpg"
"2899";"/6/3/639_1.jpg"
"2901";"/6/4/643_1.jpg"
"2902";"/6/4/644_1.jpg"
"2905";"/6/4/649_1.jpg"
"2907";"/7/2/72w_1_1.jpg"
"2908";"/8/6/86w_1.jpg"
"2909";"/9/7/97_1.jpg"
"2910";"/9/9/99010299_1.jpg"
"2911";"/b/0/b08999040_1.jpg"
"2912";"/b/p/bp57_1.jpg"
"2913";"/b/p/bp87_1.jpg"
"2914";"/b/p/bppf30_1.jpg"
"2915";"/b/p/bppf36_1.jpg"
"2916";"/b/p/bppf42_1.jpg"
"2917";"/b/p/bpqtf_1.jpg"
"2918";"/b/p/bps1fa36_1.jpeg"
"2919";"/b/p/bps3fa30_1.jpg"
"2920";"/b/p/bpsf30_1.jpg"
"2921";"/b/p/bpsf36_1_1.jpg"
"2923";"/c/f/cf365_1.jpg"
"2924";"/c/f/cf367_1.jpg"
"2925";"/c/f/cf377_1.jpg"
"2926";"/c/f/cf382_1.jpg"
"2927";"/c/f/cf383_1.jpg"
"2928";"/c/f/cf385_1.jpg"
"2929";"/c/f/cf386_1.jpg"
"2930";"/c/i/ci390v_1.jpg"
"2931";"/c/i/ci390w_1.jpg"
"2932";"/c/i/ci395rk_1_1.jpg"
"2933";"/c/k/ck355_1.jpg"
"2935";"/e/p/ep300108_1.jpg"
"2936";"/f/i/filtereb40_1.jpg"
"2937";"/g/u/gu10_1.jpg"
"2938";"/h/d/hd80l_1.jpg"
"2939";"/h/l/hlb11_1.jpg"
"2940";"/h/l/hlb3_1.jpg"
"2941";"/h/l/hlb6_1_2.jpg"
"2942";"/h/l/hlb9_1.jpg"
"2945";"/l/3/l300kmg_1_1.jpg"
"2946";"/l/4/l400_1.jpg"
"2947";"/l/4/l400k_1.jpg"
"2948";"/l/a/laf2_1.jpg"
"2949";"/l/b/lb30_1.jpg"
"2950";"/l/b/lb36_1.jpg"
"2951";"/l/t/lt30_1.jpg"
"2952";"/l/t/lt36_1.jpg"
"2953";"/m/c/mcb2_1.jpg"
"2954";"/m/d/md6t_1.jpg"
"2955";"/m/d/md8t_1.jpg"
"2958";"/n/d/ndk35830bl_1.jpg"
"2959";"/n/d/ndk35830ss_1.jpg"
"2960";"/n/d/ndk35836bl_1_1.jpg"
"2961";"/n/d/ndk35836ss_1.jpg"
"2968";"/p/5/p5_1.jpg"
"2969";"/p/8/p8_1.jpg"
"2970";"/p/a/par20_1.jpg"
"2972";"/p/m/pm250_1.jpg"
"2973";"/p/m/pme300_1.jpg"
"2974";"/q/t/qt236ww_1.jpg"
"2975";"/r/b/rbf6060_1.jpg"
"2976";"/r/b/rbfip33_1.jpg"
"2977";"/r/b/rbfip45_1_1.jpg"
"2978";"/r/f/rfx5004_1.jpg"
"2979";"/r/f/rfx5023_1.jpg"
"2980";"/r/f/rfx5104_1.jpg"
"2983";"/r/f/rfx6104_1.jpg"
"2984";"/r/f/rfx6104ex_1.jpg"
"2986";"/r/f/rfxn5004_1.jpg"
"2987";"/r/f/rfxn5204_1.jpg"
"2988";"/r/k/rk54_1.jpg"
"2989";"/r/k/rke56_1.jpg"
"2991";"/r/m/rm325h_1.jpg"
"2992";"/r/m/rm326h_1.jpg"
"2993";"/r/m/rmddrbk_1.jpg"
"2995";"/r/m/rml3336s_1.jpg"
"2996";"/r/m/rml4548s_1.jpg"
"2997";"/r/m/rml4560s_1.jpg"
"2998";"/r/m/rml7030l_1.jpg"
"2999";"/r/m/rml7030s_1.jpg"
"3000";"/r/m/rml7036l_1.jpg"
"3001";"/r/m/rml7036s_1.jpg"
"3002";"/r/m/rml7048l_1.jpg"
"3003";"/r/m/rml7048s_1.jpg"
"3004";"/r/m/rmn4204_1.jpg"
"3006";"/r/m/rmn6604_1.jpg"
"3007";"/r/m/rmp17004_1.jpg"
"3008";"/r/m/rmp3004_1.jpg"
"3013";"/r/m/rmpe7004_1.jpg"
"3014";"/r/o/roundfilter_1.jpg"
"3015";"/r/r/rrk51_1.jpg"
"3018";"/s/p/sp240108_1.jpg"
"3022";"/s/p/sp3004_1.jpg"
"3028";"/t/4/t460_1.jpg"
"3029";"/t/4/t461_1.jpg"
"3030";"/t/l/tlf3020_1.jpg"
"3031";"/w/a/wa65f_1.jpg"
"3032";"/w/c/wc638_1.jpg"
"3103";"/1/3/137067300_1.jpg"
"3109";"/5/3/530901020_1.jpg"
"3110";"/5/3/530901024_1.jpg"
"3111";"/5/3/530901060_1.jpg"
"3114";"/d/r/drfsb_1.jpg"
"3115";"/p/c/pck2003_1.jpeg"
"3116";"/p/c/pck3100_1_1.jpg"
"3117";"/p/c/pck4200.jpg"
"3118";"/s/t/stackit2_1.jpg"
"3119";"/s/t/stackit2e.jpg"
"3120";"/s/t/stackit3g_1.jpeg"
"3121";"/s/t/stackit4x_1.jpeg"
"3122";"/c/f/cfpwd15a.jpg"
"3124";"/c/f/cfpwd15n.jpg"
"3128";"/d/d/ddw611wled.jpg"
"3177";"/1/0/1001.jpg"
"3178";"/1/1/111.jpg"
"3179";"/2/6/2600.jpg"
"3180";"/3/2/3200.jpg"
"3181";"/3/3/3300.jpg"
"3182";"/5/0/5000tc.jpg"
"3183";"/8/0/8000.jpg"
"3184";"/8/0/8000tc.jpg"
"3185";"/9/9/9900tc.jpg"
"3186";"/9/9/9910.jpg"
"3187";"/9/9/9920.jpg"
"3188";"/9/9/9930.jpg"
"3189";"/9/9/9940.jpg"
"3190";"/9/9/9950.jpg"
"3191";"/9/9/9980.jpg"
"3192";"/9/9/9980tc.jpg"
"3197";"/1/5/15tcbb_1.jpg"
"3198";"/1/5/15tcbl_1.jpg"
"3209";"/1/5/15xewt_1.jpg"
"3210";"/f/g/fgbm185kb.jpg"
"3211";"/f/g/fgbm185kw.jpg"
"3212";"/f/g/fgbm187kb.jpg"
"3213";"/f/g/fgbm187kw.jpg"
"3214";"/f/g/fgmv173kb.jpg"
"3215";"/f/g/fgmv173kq.jpg"
"3216";"/f/g/fgmv173kw.jpg"
"3217";"/f/g/fgmv174kf.jpg"
"3218";"/f/g/fgmv174km.jpg"
"3219";"/f/g/fgmv205kb.jpg"
"3220";"/f/g/fgmv205kf.jpg"
"3221";"/f/g/fgmv205kw.jpg"
"3222";"/f/p/fpmv189kf.jpg"
"3223";"/m/w/mwv150kb.jpg"
"3224";"/m/w/mwv150kw.jpg"
"3225";"/r/1/r1405t.jpg"
"3226";"/r/1/r1406t.jpg"
"3227";"/r/1/r1514t.jpg"
"3228";"/f/g/fgbm205kb.jpg"
"3229";"/f/g/fgbm205kf.jpg"
"3230";"/f/g/fgbm205kw.jpg"
"3231";"/f/p/fpbm189kf.jpg"
"3234";"/r/1/r1214t.jpg"
"3237";"/f/f/ffmv154cls.jpg"
"3243";"/f/f/ffmv164ls.jpg"
"3244";"/f/g/fgmv153clb.jpg"
"3245";"/f/g/fgmv153clw.jpg"
"3249";"/r/1/r1874t.jpg"
"3252";"/d/m/dmw7700bldb.jpg"
"3253";"/d/m/dmw7700wdb.jpg"
"3254";"/f/f/ffcm0724lb.jpg"
"3255";"/f/f/ffcm0724lw.jpg"
"3256";"/f/f/ffcm0734ls.jpg"
"3257";"/f/f/ffcm0934lb.jpg"
"3258";"/f/f/ffcm0934ls.jpg"
"3259";"/f/f/ffcm0934lw.jpg"
"3261";"/d/m/dmw111kbldb.jpg"
"3262";"/d/m/dmw111kwdb.jpg"
"3263";"/f/f/ffce1439lb_1.jpg"
"3264";"/f/f/ffce1439lw_1.jpg"
"3265";"/f/f/ffcm1134lb.jpg"
"3266";"/f/f/ffcm1134ls.jpg"
"3267";"/f/f/ffcm1134lw.jpg"
"3268";"/n/n/nnh765wf.jpg"
"3269";"/n/n/nnh965bf.jpg"
"3270";"/r/3/r309yk.jpg"
"3271";"/r/3/r309yv.jpg"
"3272";"/r/3/r323tkc.jpg"
"3273";"/r/3/r323twc.jpg"
"3274";"/f/f/ffce1638lb.jpg"
"3275";"/f/f/ffce1638ls.jpg"
"3276";"/f/f/ffce1638lw.jpg"
"3277";"/f/f/ffce2238lb.jpg"
"3278";"/f/f/ffce2238lw.jpg"
"3279";"/f/f/ffce2278ls.jpg"
"3280";"/f/f/ffmo1611lw.jpg"
"3281";"/n/n/nnh765bf.jpg"
"3282";"/n/n/nnh965wf.jpg"
"3283";"/n/n/nnsd681s_1.jpg"
"3285";"/n/n/nnsd767s.jpg"
"3286";"/n/n/nnsd797s.jpg"
"3288";"/n/n/nnsd967s.jpg"
"3289";"/n/n/nnsd997s.jpg"
"3292";"/n/n/nnsn651b_1.jpg"
"3293";"/n/n/nnsn651w_1.jpg"
"3294";"/n/n/nnsn661s_1.jpg"
"3295";"/r/4/r403tkc.jpg"
"3296";"/r/4/r403twc.jpg"
"3297";"/r/4/r423tkc.jpg"
"3298";"/r/4/r423twc.jpg"
"3299";"/r/4/r426ls.jpg"
"3300";"/r/5/r530ekt.jpg"
"3301";"/r/5/r530est.jpg"
"3302";"/r/5/r530ewt.jpg"
"3303";"/f/f/ffct1278ls.jpg"
"3304";"/n/n/nncd989s.jpg"
"3305";"/r/5/r520kst.jpg"
"3306";"/r/5/r520lkt.jpg"
"3307";"/r/5/r520lwt.jpg"
"3308";"/r/8/r820bk.jpg"
"3309";"/r/8/r820bw.jpg"
"3310";"/r/8/r820js.jpg"
"3311";"/r/9/r930ak.jpg"
"3312";"/r/9/r930aw.jpg"
"3313";"/r/9/r930cs.jpg"
"3329";"/f/g/fgmo205kb.jpg"
"3330";"/f/g/fgmo205kf.jpg"
"3331";"/f/g/fgmo205kw.jpg"
"3332";"/f/p/fpmo209kf.jpg"
"3333";"/a/x/ax1100r.jpg"
"3334";"/a/x/ax1100s.jpg"
"3338";"/m/w/mwfilktbk_1.jpg"
"3339";"/m/w/mwfilktss_1.jpg"
"3340";"/m/w/mwfilktwh_1.jpg"
"3341";"/m/w/mwtk27kb_1.jpg"
"3342";"/m/w/mwtk27kf_1.jpg"
"3343";"/m/w/mwtk27kw_1.jpg"
"3344";"/m/w/mwtk30kb_1.jpg"
"3345";"/m/w/mwtk30kf_1.jpg"
"3346";"/m/w/mwtk30kw_1.jpg"
"3347";"/m/w/mwtkp27kf_1.jpg"
"3348";"/m/w/mwtkp30kf_1.jpg"
"3349";"/m/w/mwtrmkt27q_1.jpg"
"3350";"/m/w/mwtrmkt27s_1.jpg"
"3351";"/m/w/mwtrmkt30b_1.jpg"
"3353";"/m/w/mwtrmkt30s_1.jpg"
"3356";"/n/n/nntk903s_1_1.jpg"
"3357";"/n/n/nntk913s.jpg"
"3358";"/n/n/nntk929s.jpg"
"3360";"/t/k/tk729sa_1.jpg"
"3361";"/t/k/tk739sa_1.jpg"
"3362";"/t/k/tk929sa_1.jpg"
"3363";"/t/k/tk939sa_1.jpg"
"3364";"/r/k/rk220_1.jpg"
"3365";"/r/k/rk240_1.jpg"
"3366";"/r/k/rk250_1.jpg"
"3369";"/r/k/rk44s24_1.jpg"
"3370";"/r/k/rk46k24_1.jpg"
"3371";"/r/k/rk46s24_1.jpg"
"3372";"/r/k/rk46w24_1.jpg"
"3373";"/r/k/rk51_1.jpg"
"3374";"/r/k/rk51k30_1.jpg"
"3375";"/r/k/rk51s27_1.jpg"
"3376";"/r/k/rk51s30_1.jpg"
"3377";"/r/k/rk51w_1_1.jpg"
"3378";"/r/k/rk51w30_1.jpg"
"3379";"/r/k/rk66a_1.jpeg"
"3380";"/r/k/rk82k_1.jpg"
"3381";"/r/k/rk93s27_1_1.jpg"
"3382";"/r/k/rk93s30_1_1.jpg"
"3383";"/r/k/rkotc120_1.jpg"
"3384";"/s/d/sdrd250.jpg"
"3385";"/s/d/sdyd250.jpg"
"3386";"/a/v/avd40kn_1.jpg"
"3387";"/a/v/avd40n.jpg"
"3388";"/a/v/avd50n_1.jpg"
"3389";"/a/v/avdcpn_1.jpg"
"3390";"/a/v/avdmfpnh_1.jpg"
"3392";"/a/v/avdorpn_1.jpg"
"3393";"/n/i/nie300tr_1.jpg"
"3394";"/n/i/nil70sr.jpg"
"3395";"/n/i/nis300tr.jpg"
"3396";"/n/i/niw450ts.jpg"
"3397";"/n/i/niw750ts.jpg"
"3398";"/n/i/niwl600.jpg"
"3399";"/n/c/nceh22pc.jpg"
"3400";"/n/c/nceh30pc.jpg"
"3401";"/n/c/nceh40pc.jpg"
"3402";"/m/k/mkg20nrw.jpg"
"3403";"/s/r/sr3nas.jpg"
"3404";"/s/r/sr42fz.jpg"
"3405";"/s/r/sr42hp.jpg"
"3406";"/s/r/srde103.jpg"
"3407";"/s/r/srdg182.jpg"
"3408";"/s/r/srg06fg.jpg"
"3409";"/s/r/srg10g.jpg"
"3410";"/s/r/srg18fg.jpg"
"3411";"/s/r/srga721.jpg"
"3412";"/s/r/srms183.jpg"
"3413";"/s/r/srteg10.jpg"
"3414";"/s/r/srteg18.jpg"
"3415";"/m/c/mcug471.jpg"
"3416";"/m/c/mcul810.jpg"
"3417";"/m/c/mcul815.jpg"
"3418";"/m/c/mcul915.jpg"
"3419";"/m/c/mcv5210.jpg"
"3420";"/m/c/mcv5504.jpg"
"3421";"/m/c/mccg301.jpg"
"3422";"/m/c/mccg901.jpg"
"3423";"/m/c/mccg902.jpg"
"3424";"/m/c/mccl485.jpg"
"3426";"/m/c/mc115pt.jpg"
"3427";"/m/c/mc150pf.jpg"
"3428";"/m/c/mcv145m.jpg"
"3429";"/m/c/mcv150m_1.jpg"
"3430";"/m/c/mcv193h_1.jpg"
"3431";"/m/c/mcv196h_1.jpg"
"3439";"/d/d/ddr5009ree.jpg"
"3440";"/d/d/ddr6009ree.jpg"
"3441";"/d/d/ddr7009ree.jpg"
"3442";"/d/d/dd45.jpg"
"3443";"/d/d/dd45p.jpg"
"3444";"/d/d/dd50p.jpg"
"3445";"/d/d/ddse30.jpg"
"3446";"/d/d/ddse40.jpg"
"3447";"/1/1/1115.jpg"
"3448";"/1/1/1128.jpg"
"3449";"/1/7/170.jpg"
"3450";"/1/7/174.jpg"
"3451";"/d/c/dch1030.jpg"
"3452";"/d/c/dch2590er.jpg"
"3453";"/d/c/dch4590er.jpg"
"3454";"/d/c/dch5090er.jpg"
"3455";"/d/f/dfh132_1.jpg"
"3456";"/d/u/duh500.jpg"
"3457";"/e/w/ew6507w.jpg"
"3458";"/e/w/ew7507eb.jpg"
"3459";"/e/w/ew7707cb.jpg"
"3460";"/e/w/ew7707cm.jpg"
"3461";"/h/m/hmp1500_1.jpg"
"3462";"/h/v/hvy1030.jpg"
"3463";"/h/v/hvy1030bl.jpg"
"3464";"/h/v/hvy1030or.jpg"
"3465";"/m/g/mg7307cm.jpg"
"3466";"/t/c/tch7090er.jpg"
"3467";"/t/c/tch7590eb.jpg"
"3468";"/t/c/tch7690er.jpg"
"3469";"/t/r/trd0715t.jpg"
"3470";"/t/r/trh0715.jpg"
"3471";"/t/r/trh0715sh.jpg"
"3472";"/t/r/trn0812t.jpg"
"3473";"/t/r/trv0715t.jpg"
"3474";"/t/r/trv0715tb_1.jpg"
"3475";"/1/0/100.jpg"
"3476";"/5/1/5129.jpg"
"3477";"/5/3/5307_1_3.jpg"
"3478";"/5/3/5309.jpg"
"3479";"/5/3/5365_1_3.jpg"
"3480";"/5/3/5395.jpg"
"3481";"/5/4/5429_1_3.jpg"
"3482";"/5/5/5511.jpg"
"3483";"/5/5/5570.jpg"
"3484";"/5/6/5620.jpg"
"3485";"/5/6/5624.jpg"
"3486";"/5/7/5775.jpg"
"3487";"/5/8/5812.jpg"
"3488";"/6/2/6221.jpg"
"3489";"/6/3/6356.jpg"
"3490";"/6/4/6405.jpg"
"3491";"/6/4/6435_1_3.jpg"
"3492";"/6/4/6462_1_3.jpg"
"3493";"/6/7/675919_1_3.jpg"
"3494";"/7/5/751320_1_3.jpg"
"3495";"/7/5/754200_1_3.jpg"
"3496";"/7/5/755320_1_3.jpg"
"3497";"/7/5/758000_1_3.jpg"
"3498";"/7/6/760000_1_3.jpg"
"3499";"/1/6/1646.jpg"
"3500";"/1/8/1820.jpg"
"3501";"/1/8/1825.jpg"
"3502";"/1/8/1843.jpg"
"3503";"/1/8/1850_1_3.jpg"
"3504";"/2/0/2002w.jpg"
"3505";"/2/1/2137.jpg"
"3506";"/2/1/2155a_1_3.jpg"
"3507";"/2/5/2510_1_3.jpg"
"3508";"/2/5/2511.jpg"
"3509";"/2/5/2520.jpg"
"3510";"/2/5/2521_1_3.jpg"
"3511";"/2/5/2535_1_3.jpg"
"3512";"/2/5/2554_1_3.jpg"
"3513";"/3/0/3016_1_3.jpg"
"3514";"/3/1/3135.jpg"
"3515";"/3/5/3515.jpg"
"3516";"/3/5/3520.jpg"
"3517";"/3/5/3540.jpg"
"3518";"/3/5/3542.jpg"
"3519";"/3/6/3635_1.jpg"
"3520";"/3/6/3637_1.jpg"
"3521";"/3/7/3720.jpg"
"3522";"/3/7/3733.jpg"
"3523";"/3/7/3755.jpg"
"3524";"/4/0/4000_1_3.jpg"
"3525";"/4/3/4305.jpg"
"3526";"/4/4/4443_1.jpg"
"3527";"/4/8/4820.jpg"
"3528";"/4/8/4890.jpg"
"3529";"/4/9/4910_1_3.jpg"
"3530";"/4/9/4916.jpg"
"3531";"/4/9/4917_1.jpg"
"3532";"/4/9/4924_1_3.jpg"
"3533";"/6/5/655650_1.jpg"
"3534";"/6/5/655702_1_3.jpg"
"3535";"/7/0/7050_1.jpg"
"3536";"/1/3/13001.jpg"
"3537";"/1/8/18001.jpg"
"3539";"/a/h/ah780ul.jpg"
"3540";"/h/5/h510uch.jpg"
"3541";"/m/p/mp2012gblk_1.jpg"
"3542";"/m/p/mp6012g_1.jpg"
"3543";"/m/p/mp6202g_1.jpg"
"3544";"/m/p/mp6204gblk_1.jpg"
"3545";"/m/p/mp6204gblu_1.jpg"
"3546";"/m/p/mp6204gred_1.jpg"
"3547";"/m/p/mp7074gblk_1.jpg"
"3548";"/m/p/mp7074gblu_1.jpg"
"3549";"/m/p/mp7074gred_1.jpg"
"3550";"/m/p/mp7684g_1.jpg"
"3556";"/m/p/mp8284g_1.jpg"
"3558";"/m/p/mp8378g_1.jpg"
"3559";"/c/y/cy0096cpmol_6.jpg"
"3560";"/c/y/cy0097cpmol_6.jpg"
"3561";"/c/y/cy0098cpmol_6.jpg"
"3562";"/c/y/cy0140cijum_6.jpg"
"3563";"/c/y/cy0157cijel_6.jpg"
"3564";"/c/y/cy0158cijel_6.jpg"
"3565";"/c/y/cy0159cijel_6.jpg"
"3566";"/c/y/cy0160cijel_6.jpg"
"3567";"/a/i/aipfmch250123892_2.jpg"
"3568";"/a/i/ai1000cchgrv2129381_1.jpg"
"3569";"/a/i/ai1000fmchv2129392_1.jpg"
"3570";"/a/i/ai800fmch129363_1.jpg"
"3571";"/a/i/ai800mini3129338_1.jpg"
"3572";"/t/f/tf3dvd7019_1.jpg"
"3573";"/t/f/tfdvd1029_1.jpg"
"3574";"/t/f/tfdvd7009_1.jpg"
"3575";"/t/f/tfdvd7011_1.jpg"
"3576";"/t/f/tfdvd7389a_1.jpg"
"3577";"/t/f/tfdvd7752_1.jpg"
"3578";"/t/f/tfdvd9109_1.jpg"
"3579";"/t/f/tfdvd9952_1.jpg"
"3580";"/b/t/bt780b_1.jpg"
"3581";"/t/d/td730b_1.jpg"
"3582";"/t/d/td930bu_1.jpg"
"3583";"/c/s/csmp105cha_1.jpg"
"3584";"/c/x/cxcd109blk_1.jpg"
"3585";"/c/x/cxcd109blu_1.jpg"
"3586";"/c/x/cxcd109svr_1.jpg"
"3587";"/c/s/csmp142_1.jpg"
"3588";"/c/x/cxcd230blk_1.jpg"
"3589";"/c/x/cxcd241red_1.jpg"
"3590";"/c/x/cxcd248_1.jpg"
"3591";"/c/d/cdra147_1.jpg"
"3593";"/c/r/cra79_1.jpg"
"3594";"/c/a/ca745_1.jpg"
"3595";"/a/t/atr2500usb_1.jpg"
"3596";"/a/t/atr6550_1.jpg"
"3597";"/a/t/atw251gt2_1.jpg"
"3598";"/a/t/atw251gt3_1.jpg"
"3599";"/a/t/atw251gt8_1.jpg"
"3600";"/a/t/atw251ht2_1.jpg"
"3601";"/a/t/atw251ht3_1.jpg"
"3602";"/a/t/atw251ht8_1.jpg"
"3603";"/a/t/atw252t2_1.jpg"
"3604";"/a/t/atw252t3_1.jpg"
"3605";"/a/t/atw252t8_1.jpg"
"3606";"/p/r/pro24cm_1.jpg"
"3607";"/a/t/athckp300bk_1.jpg"
"3608";"/r/p/rp_hje350a_1.jpg"
"3609";"/r/p/rp_hje350s_1.jpg"
"3610";"/r/p/rp_hv21a_1.jpg"
"3611";"/r/p/rp_hv21g_1.jpg"
"3612";"/r/p/rp_hv21k_1.jpg"
"3613";"/r/p/rp_hv21p_1.jpg"
"3614";"/r/p/rp_hv21w_1.jpg"
"3615";"/a/t/ath_cp300bk_1.jpg"
"3616";"/r/p/rp_ht21_1.jpg"
"3617";"/a/t/ath_a700_1.jpg"
"3618";"/a/t/ath_w5000_1.jpg"
"3619";"/a/t/ath_anc7b_1.jpg"
"3620";"/a/t/ath_bt03brd_1.jpg"
"3621";"/a/t/ath_pro700mk2_1.jpg"
"3622";"/a/o/ao1000_1_3.jpg"
"3624";"/a/o/ao5000_1_3.jpg"
"3625";"/a/o/aombl175b_1_3.jpg"
"3626";"/a/o/aombl175w_1_3.jpg"
"3627";"/a/o/aombl250b_1_3.jpg"
"3631";"/a/r/arc-743-1ngr_1_3.jpg"
"3632";"/a/r/arc-747-1ng_1_3.jpg"
"3634";"/a/r/arc-930sb_1_3.jpg"
"3639";"/b/c/bc200dc_1_3.jpg"
"3640";"/b/c/bc58000_1_3.jpg"
"3641";"/b/c/bc58001_1_3.jpg"
"3642";"/b/c/bc58003_1_3.jpg"
"3643";"/b/c/bc58004_1_3.jpg"
"3644";"/b/c/bc58005_1_3.jpg"
"3645";"/b/c/bc580056_1_3.jpg"
"3646";"/b/c/bc58007_1_3.jpg"
"3648";"/b/c/bc58009_1_3.jpg"
"3649";"/a/s/as75_1_3.jpg"
"3650";"/b/l/bl2010wp_1_3.jpg"
"3651";"/b/l/blc10650hb_1_3.jpg"
"3653";"/b/l/blc12650hb_1_3.jpg"
"3654";"/c/b/cbg100s_1_3.jpg"
"3655";"/c/j/cj625_1_3.jpg"
"3656";"/c/o/co1200_1_3.jpg"
"3657";"/c/o/co1200b_1_3.jpg"
"3658";"/c/o/co95_1_3.jpg"
"3659";"/c/t/cto4300w_1_3.jpg"
"3660";"/c/t/cto4500s_1_3.jpg"
"3661";"/c/t/cto6120b_1_3.jpg"
"3662";"/c/t/cto6301_1_3.jpg"
"3663";"/d/c/dcm100b_1_3.jpg"
"3664";"/d/c/dcm18s_1_3.jpg"
"3665";"/d/c/dcm2000b_1_3.jpg"
"3666";"/d/c/dcm2160b_1_3.jpg"
"3667";"/d/c/dcm600b_1_3.jpg"
"3668";"/d/l/dlx1050b_1_3.jpg"
"3669";"/d/l/dlx1050w_1_3.jpg"
"3671";"/e/k/ek700_1_3.jpg"
"3672";"/f/1/f1000_1_3.jpg"
"3673";"/f/1/f1055_1_3.jpg"
"3674";"/f/2/f210_1_3.jpg"
"3675";"/f/6/f67e_1_3.jpg"
"3676";"/f/9/f975_1_3.jpg"
"3677";"/f/p/fp2500_1_3.jpg"
"3678";"/f/p/fp2500b_1_3.jpg"
"3679";"/g/4/g48td_1_3.jpg"
"3680";"/h/c/hc306_1_3.jpg"
"3681";"/h/s/hs1050_1_3.jpg"
"3682";"/i/c/icr505_1_3.jpg"
"3683";"/i/c/icr517_1_3.jpg"
"3685";"/m/x/mx300_1_3.jpg"
"3686";"/r/c/rc3303_1_3.jpg"
"3687";"/r/c/rc3406_1_3.jpg"
"3688";"/r/c/rc436_1_3.jpg"
"3690";"/t/2/t2569b_1_3.jpg"
"3691";"/t/2/t2707s_1_3.jpg"
"3692";"/t/4/t4030_1_3.jpg"
"3693";"/t/4/t4569b_1_3.jpg"
"3695";"/t/r/tr1200sb_1_3.jpg"
"3696";"/t/r/tr1400sb_1_3.jpg"
"3697";"/t/r/tro420_1_3.jpg"
"3698";"/t/r/tro480bs_1_3.jpg"
"3699";"/t/r/tro490w_1_3.jpg"
"3700";"/t/r/tro700b_1_3.jpg"
"3701";"/t/r/tros1500_1_3.jpg"
"3702";"no_selection"
"3703";"/w/m/wmb500_1_3.jpg"
"3704";"/t/r/tr2500bc_1_3.jpg"
"3715";"/4/2/42683_1_3.jpg"
"3716";"/6/1/6100_1_3.jpg"
"3717";"/6/1/6101_1_3.jpg"
"3718";"/a/-/a-10_1_3.jpg"
"3722";"/b/c/bcf250_1_3.jpg"
"3723";"/b/t/bt_1_3.jpg"
"3724";"/b/t/btd_1_3.jpg"
"3725";"/b/x/bxb_1_3.jpg"
"3726";"/b/x/bxbd_1_3.jpg"
"3727";"/b/x/bxw_1_3.jpg"
"3728";"/b/x/bxwd_1_3.jpg"
"3730";"/g/1/g1hd_1_3.jpg"
"3732";"/g/r/grb_1_3.jpg"
"3733";"/g/r/grbd_1_3.jpg"
"3736";"/h/g/hg_1_3.jpg"
"3737";"/h/g/hgd_1_3.jpg"
"3738";"/h/t/ht_1_3.jpg"
"3739";"/h/t/htd_1_3.jpg"
"3741";"/l/p/lpg2e_1_3.jpg"
"3742";"/m/c/mc_1_3.jpg"
"3743";"/m/c/mca_1_3.jpg"
"3744";"/m/c/mcp_1_3.jpg"
"3746";"/a/u/autopod_1_3.jpg"
"3747";"/n/c/ncd_1_3.jpg"
"3748";"/n/h/nhbb_1_3.jpg"
"3749";"/n/h/nhbbd_1_3.jpg"
"3751";"/s/t/st_1_3.jpg"
"3752";"/t/b/tb3q_1_3.jpg"
"3755";"/v/l/vlpf_1_3.jpg"
"3768";"/v/p/vps_1_3.jpg"
"3769";"/1/7/17500_1_3.jpg"
"3770";"/1/7/17505_1_3.jpg"
"3771";"/1/7/17510_1_3.jpg"
"3772";"/1/7/17515_1_3.jpg"
"3773";"/1/7/17520_1_3.jpg"
"3774";"/1/7/17525_1_3.jpg"
"3775";"/1/7/17530_1_3.jpg"
"3776";"/1/7/17535_1_3.jpg"
"3777";"/1/7/17590_1_3.jpg"
"3778";"/1/7/175906_1_3.jpg"
"3779";"/1/7/17603_1_3.jpg"
"3780";"/1/7/17606_1_3.jpg"
"3781";"/1/7/17612_1_3.jpg"
"3782";"/1/7/17618_1_3.jpg"
"3783";"/1/7/17621_1_3.jpg"
"3784";"/0/7/070rachnw_1_3.jpg"
"3785";"/w/c/wci215_1_3.jpg"
"3786";"/p/g/pgr69cfx_1_3.jpg"
"3787";"/p/g/pgr85cfx_1_3.jpg"
"3788";"/p/g/pgr88cfx_1_3.jpg"
"3789";"/p/g/pgr89cfx_1_3.jpg"
"3790";"/p/g/pgr96cfx_1_3.jpg"
"3791";"/p/g/pgrrb10p_1_3.jpg"
"3792";"/p/g/pgrrb15p_1_3.jpg"
"3793";"/p/g/pgrrb30p_1_3.jpg"
"3794";"/p/g/pgrrb40p_1_3.jpg"
"3795";"/c/p/cpg44_1_3.jpg"
"3796";"/c/p/cpg50_1_3.jpg"
"3797";"/c/p/cpg60_1_3.jpg"
"3798";"/c/p/cpg70_1_3.jpg"
"3800";"/c/p/cppw_1_3.jpg"
"3801";"/p/g/pgrd075_1_3.jpg"
"3804";"/p/g/pgrd44_1_3.jpg"
"3805";"/p/g/pgrdpwr_1_3.jpg"
"3812";"/8/2/8230_1_3.jpg"
"3813";"/b/d/bd10050red_1_3.jpg"
"3814";"/b/d/bd10100_1_3.jpg"
"3815";"/b/d/bd10165_1_3.jpg"
"3816";"/b/d/bd20045_1_3.jpg"
"3817";"/m/0/m0100_1_3.jpg"
"3818";"/m/0/m083410red_1_3.jpg"
"3819";"/m/0/m085590_1_3.jpg"
"3820";"/m/0/m088160red_1_3.jpg"
"3821";"/p/d/pd20000_1_3.jpg"
"3822";"/s/d/sd40010_1_3.jpg"
"3823";"/u/d/ud40275_1_3.jpg"
"3824";"/e/p/ep1026_1_3.jpg"
"3825";"/e/r/er011708_1_3.jpg"
"3826";"/e/g/eg011724_1_3.jpg"
"3827";"/b/l/bl125d004_1_3.jpg"
"3828";"/c/b/cb6530003_1_3.jpg"
"3829";"/f/r/fr7009001_1_3.jpg"
"3830";"/f/r/fr702d001_1_3.jpg"
"3831";"/o/w/ow5005001_1_3.jpg"
"3832";"/s/d/sd5000001_1_3.jpg"
"3833";"/t/g/tg8000002_1_3.jpg"
"3834";"/e/c/ec011104_1_3.jpg"
"3835";"/e/z/ez011106_1_3.jpg"
"3837";"/f/c/fcp280_1_3.jpg"
"3838";"/f/c/fcp412_1_3.jpg"
"3839";"/f/b/fb-1000_1_3.jpg"
"3840";"/5/0/50024_1_3.jpg"
"3841";"/5/0/50025_1_3.jpg"
"3842";"/f/s/fsfsbf0116-000_1_3.jpg"
"3843";"/f/s/fsfsbf0216-000_1_3.jpg"
"3844";"/f/s/fsfsbf0316-000_1_3.jpg"
"3845";"/f/s/fsfsbf0516-000_1_3.jpg"
"3846";"/f/s/fsfsbf0526-000_1_3.jpg"
"3847";"/f/s/fsfsbf0534-000_1_3.jpg"
"3848";"/f/s/fsfsbf0616-000_1_3.jpg"
"3849";"/f/s/fsfsbf0626-000_1_3.jpg"
"3850";"/f/s/fsfsbf0634-000_1_3.jpg"
"3852";"/f/s/fsfssl3040-000_1_3.jpg"
"3853";"/v/3/v3440_1_3.jpg"
"3854";"/f/a/falm-gb_1_3.jpg"
"3855";"/f/a/faln-s10_1_3.jpg"
"3856";"/f/n/fnsh-p_1_3.jpg"
"3857";"/g/f/gfsp3_1_3.jpg"
"3858";"/g/g/ggr50b_1_3.jpg"
"3859";"/g/r/gr0030p_1_3.jpg"
"3861";"/g/r/gr0060w_1_3.jpg"
"3862";"/g/r/gr100v_1_3.jpg"
"3863";"/g/r/gr10b_1_3.jpg"
"3865";"/g/r/gr144_1_3.jpg"
"3866";"/g/r/gr36p_1_3.jpg"
"3869";"/g/r/grp99_1_3.jpg"
"3870";"/g/r/grv80_1_3.jpg"
"3871";"/g/b/gb-1000_1_3.jpg"
"3872";"/0/4/04531gm_1_3.jpg"
"3873";"/1/1/11550_1_3.jpg"
"3875";"/2/2/22408_1_3.jpg"
"3876";"/2/2/22708_1_3.jpg"
"3877";"/2/4/24600_1_3.jpg"
"3879";"/2/5/25332_1_3.jpg"
"3880";"/2/9/29881_1_3.jpg"
"3882";"/3/1/31409_1_3.jpg"
"3883";"/3/1/31508_1_3.jpg"
"3884";"/3/3/33162rz_1_3.jpg"
"3885";"/3/3/33181_1_3.jpg"
"3886";"/4/0/40870_1_3.jpg"
"3887";"/4/5/45237r_1_3.jpg"
"3888";"/4/8/48465_1_3.jpg"
"3891";"/5/0/50242n_1_3.jpg"
"3892";"/5/1/51101_1_3.jpg"
"3894";"/5/9/59765_1_3.jpg"
"3895";"/5/9/59785r_1_3.jpg"
"3896";"/6/3/63220_1_3.jpg"
"3897";"/6/3/63221_1_3.jpg"
"3898";"/6/3/63227_1_3.jpg"
"3899";"/6/3/63232_1_3.jpg"
"3902";"/6/8/68321_1_3.jpg"
"3903";"/7/0/70450_1_3.jpg"
"3904";"/7/2/72705_1_3.jpg"
"3905";"/7/3/73300_1_3.jpg"
"3906";"/7/6/76606z_1_3.jpg"
"3908";"/4/0/4010001a_1_3.jpg"
"3909";"/4/0/4010100a_1_3.jpg"
"3910";"/4/0/4010100y_1_3.jpg"
"3911";"/4/0/4010100z_1_3.jpg"
"3912";"/4/0/40110001_1_3.jpg"
"3913";"/4/0/40140201_1_3.jpg"
"3914";"/a/h/ah30100_1_3.jpg"
"3915";"/a/h/ah30130_1_3.jpg"
"3916";"/a/h/ah30160_1_3.jpg"
"3917";"/a/h/ah30165_1_3.jpg"
"3918";"/a/h/ah30185_1_3.jpg"
"3919";"/a/h/ah30210_1_3.jpg"
"3920";"/b/h/bh20090_1_3.jpg"
"3922";"/f/5/f5914-900_1_3.jpg"
"3923";"/f/7/f7412-900_1_3.jpg"
"3924";"/f/7/f7452-900_1_3.jpg"
"3925";"/f/h/fh10025_1_3.jpg"
"3926";"/f/h/fh40010b_1_3.jpg"
"3930";"/a/h/ah10000_1_3.jpg"
"3931";"/a/h/ah10005_1_3.jpg"
"3933";"/a/h/ah30035_1_3.jpg"
"3934";"/f/8/f8100-900_1_3.jpg"
"3935";"/s/1/s1120_1_3.jpg"
"3936";"/s/2/s2200_1_3.jpg"
"3937";"/s/2/s2220_1_3.jpg"
"3939";"/s/h/sh40060_1_3.jpg"
"3940";"/u/5/u5140-900_1_3.jpg"
"3941";"/u/5/u5491-900_1_3.jpg"
"3942";"/u/6/u6485-900_1_3.jpg"
"3943";"/u/h/uh20040_1_3.jpg"
"3944";"/u/h/uh30300_1_3.jpg"
"3945";"/u/h/uh30600_1_3.jpg"
"3947";"/u/h/uh70085_1_3.jpg"
"3948";"/u/h/uh70105_1_3.jpg"
"3950";"/u/h/uh70210_1_3.jpg"
"3951";"/u/h/uh70400_1_3.jpg"
"3952";"/u/h/uh70600_1_3.jpg"
"3953";"/w/h/wh20100_1_3.jpg"
"3954";"/w/h/wh20200_1_3.jpg"
"3955";"/w/h/wh20300_1_3.jpg"
"3956";"/9/0/90ip1rcmb1_1_3.jpg"
"3957";"/9/0/90ip1rcmb2_1_3.jpg"
"3958";"/9/0/90ip01ta01_1_3.jpg"
"3959";"/2/1/2138_1_3.jpg"
"3960";"/2/5/2551_1_3.jpg"
"3961";"/4/0/4006_1_3.jpg"
"3962";"/5/5/5572_1_3.jpg"
"3963";"/6/4/6410_1_3.jpg"
"3965";"/m/f/mf-2001_1_3.jpg"
"3966";"/m/p/mp1000_1_3.jpg"
"3968";"/9/2/92116_1_3.jpg"
"3969";"/9/2/92122_1_3.jpg"
"3970";"/9/2/92140a_1_3.jpg"
"3971";"/9/2/92160a_1_3.jpg"
"3972";"/9/2/92180_1_3.jpg"
"3973";"/a/7/a796sa64_1_3.jpg"
"3974";"/a/7/a7978264_1_3.jpg"
"3988";"/t/m/tm75_1_3.jpg"
"3989";"/v/b/vb13_1_3.jpg"
"3991";"/0/7/0773065_1_3.jpg"
"3993";"/n/j/nj600_1_3.jpg"
"3997";"/b/c/bcd-332_1_3.jpg"
"3998";"/b/c/bcd-992_1_3.jpg"
"4001";"/b/s/bsm-300_1_3.jpg"
"4002";"/b/t/btg-100blk_1_3.jpg"
"4007";"/c/c/ccm-600_1_3.jpg"
"4018";"/c/f/cff-965_1_3.jpg"
"4019";"/c/f/cff-986_1_3.jpg"
"4023";"/c/k/ckm-100_1_3.jpg"
"4027";"/e/q/eqm-200_1_3.jpg"
"4030";"/f/c/fck-800_1_3.jpg"
"4032";"/f/p/fps-200_1_3.jpg"
"4037";"/h/d/hdc-701_1_3.jpg"
"4038";"/h/d/hdr-565_1_3.jpg"
"4040";"/h/d/hdt-600retrored_1_3.jpg"
"4041";"/h/k/hkp-200_1_3.jpg"
"4042";"/h/s/hsb-590_1_3.jpg"
"4043";"/i/c/ick-200_1_3.jpg"
"4044";"/i/c/icmp-400blue_1_3.jpg"
"4046";"/i/c/icmw-400_1_3.jpg"
"4048";"/j/f/jfd-100_1_3.jpg"
"4050";"/k/p/kpk-400_1_3.jpg"
"4051";"/k/p/kpm-508_1_3.jpg"
"4052";"/k/p/kpp-24_1_3.jpg"
"4056";"/k/r/krs-2150_1_3.jpg"
"4057";"/k/r/krs-6100ss_1_3.jpg"
"4059";"/l/p/lpf-210_1_3.jpg"
"4060";"/m/d/mdf-200_1_3.jpg"
"4061";"/m/s/msb-64_1_3.jpg"
"4065";"/o/f/ofp-501_1_3.jpg"
"4066";"/p/c/pcm-805_1_3.jpg"
"4068";"no_selection"
"4071";"/p/p/ppb-600_1_3.jpg"
"4073";"/r/h/rhd-800_1_3.jpg"
"4074";"/r/h/rhp-310_1_3.jpg"
"4076";"/r/h/rhp-625_1_3.jpg"
"4081";"/r/k/rkp-630_1_3.jpg"
"4083";"/r/m/rmo-400blk_1_3.jpg"
"4084";"/r/m/rmo-400red_1_3.jpg"
"4085";"/r/r/rrf-325cr_1_3.jpg"
"4086";"/r/r/rrf-325hnblk_1_3.jpg"
"4087";"/r/s/rsm-602_1_3.jpg"
"4088";"/r/s/rsm-650_1_3.jpg"
"4089";"/r/s/rsm-702_1_3.jpg"
"4091";"/s/c/scc-200_1_3.jpg"
"4092";"/s/c/sck-800_1_3.jpg"
"4093";"/s/c/scm-502_1_3.jpg"
"4094";"/s/m/smm-100_1_3.jpg"
"4096";"/s/p/spf-200_1_3.jpg"
"4097";"/s/p/spk-300_1_3.jpg"
"4099";"/t/p/tpm-100_1_3.jpg"
"4100";"/t/p/tpm-100red_1_3.jpg"
"4101";"/t/s/tsc-250blk_1_3.jpg"
"4102";"/1/-/1-clnr-fr-6_1_3.jpg"
"4103";"/1/-/1-clnr-hz-6_1_3.jpg"
"4104";"/2/-/2-bf111-cb-6_1_3.jpg"
"4105";"/2/-/2-bf215-cb-6_1_3.jpg"
"4106";"/1/-/1-exp100-bl-4_1_3.jpg"
"4107";"/2/-/2-gf214-cb-6_1_3.jpg"
"4108";"/1/-/1-gl200-w-4_1_3.jpg"
"4109";"/1/-/1-gl204-bl-4_1_3.jpg"
"4111";"/1/-/1-gl210-bl-4_1_3.jpg"
"4112";"/1/-/1-gl212-bl-6_1_3.jpg"
"4113";"/1/-/1-gl220-bl-4_1_3.jpg"
"4114";"/1/-/1-gl220-w-4_1_3.jpg"
"4115";"/1/-/1-gl312-bl-4_1_3.jpg"
"4116";"/2/-/2-kf111-bl-6_1_3.jpg"
"4117";"/1/-/1-pk008-bl-6_1_3.jpg"
"4118";"/r/k/rk101_1_3.jpg"
"4119";"/r/k/rk202cb12_1_3.jpg"
"4120";"/1/-/1-ss404-ss6_1_3.jpg"
"4122";"/2/9/29109_1_3.jpg"
"4124";"/o/r/or101h_1_3.jpg"
"4125";"/o/r/or102_1_3.jpg"
"4126";"/p/r/pr9100nm_1_3.jpg"
"4127";"/u/2/u2000rb_1_3.jpg"
"4128";"/o/r/org5010_1_3.jpg"
"4129";"/o/r/org5020_1_3.jpg"
"4130";"/o/r/org5025_1_3.jpg"
"4131";"/o/r/org5035_1_3.jpg"
"4145";"/o/g/ogb81101_1_3.jpg"
"4147";"/o/g/ogg3701_1_3.jpg"
"4148";"/o/g/ogg61403_1_3.jpg"
"4153";"/p/e/pe011106_1_3.jpg"
"4154";"/g/l/gl2jbc-y_1_3.jpg"
"4155";"/g/l/gl2jbr-y_1_3.jpg"
"4156";"/g/l/gl2jcb-y_1_3.jpg"
"4157";"/g/l/gl2jcc-y_1_3.jpg"
"4158";"/g/l/gl2jld-y_1_3.jpg"
"4159";"/g/l/gl2jll-y_1_3.jpg"
"4160";"/g/l/gl2jmh-y_1_3.jpg"
"4162";"/g/l/gl2jnm-y_1_3.jpg"
"4163";"/g/l/gl2jny-y_1_3.jpg"
"4164";"/g/l/gl2jom-y_1_3.jpg"
"4165";"/g/l/gl2jpp-y_1_3.jpg"
"4166";"/g/l/gl2jsg-y_1_3.jpg"
"4167";"/r/i/ri58001_1_3.jpg"
"4169";"/r/i/ri58011_1_3.jpg"
"4170";"/r/i/ri58012_1_3.jpg"
"4171";"/r/i/ri58201_1_3.jpg"
"4172";"/r/i/ri58302_1_3.jpg"
"4173";"/r/i/ri58306_1_3.jpg"
"4174";"/r/i/ri58551_1_3.jpg"
"4175";"/r/i/ri585516_1_3.jpg"
"4176";"/f/d/fd1005whgen_1_3.jpg"
"4177";"/f/d/fd5000blgen_1_3.jpg"
"4178";"/f/s/fs100200gen_1_3.jpg"
"4186";"/s/t/st5000plgen_1_3.jpg"
"4188";"/r/h/rh13552_1_3.jpg"
"4190";"/n/v/nv100_1_3.jpg"
"4191";"/n/v/nv22l_1_3.jpg"
"4192";"/n/v/nv352_1_3.jpg"
"4193";"/n/v/nv356e_1_3.jpg"
"4194";"/s/3/s3101n_1_3.jpg"
"4195";"/s/3/s3251_1_3.jpg"
"4196";"/s/3/s3501n_1_3.jpg"
"4197";"/s/3/s3601_1_3.jpg"
"4198";"/s/3/s3901_1_3.jpg"
"4200";"/s/c/sc630d_1_3.jpg"
"4201";"/s/v/sv1100_1_3.jpg"
"4202";"/s/v/sv75_1_3.jpg"
"4203";"/s/v/sv780_1_3.jpg"
"4204";"/v/1/v1930_1_3.jpg"
"4205";"/v/1/v1950_1_3.jpg"
"4206";"/x/t/xt2010_1_3.jpg"
"4208";"/x/t/xt3601_1_3.jpg"
"4209";"/x/t/xt630_1_3.jpg"
"4210";"/s/d/sd011104_1_3.jpg"
"4211";"/2/7/27500_1_3.jpg"
"4212";"/2/7/275006_1_3.jpg"
"4215";"/0/7/0772104_1_3.jpg"
"4216";"/s/t/st011708_1_3.jpg"
"4217";"/s/g/sgs90701b_1_3.jpg"
"4218";"/s/g/sgs90701w_1_3.jpg"
"4220";"/s/v/sv011106_1_3.jpg"
"4221";"/1/4/14201_1_3.jpg"
"4222";"/8/7/8746002_1_3.jpg"
"4226";"/a/8/a8168264_1_3.jpg"
"4227";"/a/8/a821sa94_1_3.jpg"
"4228";"/a/8/a8481562_1_3.jpg"
"4230";"/a/8/a8579784_1_3.jpg"
"4231";"/a/9/a9099694_1_3.jpg"
"4234";"/a/9/a9227974_1_3.jpg"
"4235";"/a/9/a9228064_1_3.jpg"
"4236";"/b/f/bf6520003_1_3.jpg"
"4238";"/c/1/c1076564_1_3.jpg"
"4247";"/c/8/c811sa64_1_3.jpg"
"4248";"no_selection"
"4250";"/c/8/c839sa64_1_3.jpg"
"4252";"/d/0/d0500872_1_3.jpg"
"4253";"/d/9/d9130764_1_3.jpg"
"4257";"/e/6/e6140864_1_3.jpg"
"4260";"/e/9/e918sc64_1_3.jpg"
"4262";"/e/9/e9389764_1_3.jpg"
"4264";"/e/9/e9429764_1_3.jpg"
"4265";"/f/f/ff1038002_1_3.jpg"
"4266";"/f/r/fr1014002_1_3.jpg"
"4267";"/f/r/fr4049001_1_3.jpg"
"4271";"/f/z/fz7000251_1_3.jpg"
"4273";"/s/w/sw6100004_1_3.jpg"
"4274";"/t/l/tl6802002_1_3.jpg"
"4275";"/t/t/tt7061002a_1_3.jpg"
"4276";"/t/t/tt7461002a_1_3.jpg"
"4277";"/y/s/ys2h3664_1_3.jpg"
"4278";"/t/t/ttplr_1_3.jpg"
"4280";"/u/g/ug101r_1_3.jpg"
"4281";"/v/o/vowr-2_1_3.jpg"
"4282";"/w/p/wp-100_1_3.jpg"
"4283";"/w/p/wp-360_1_3.jpg"
"4284";"/w/p/wp-60_1_3.jpg"
"4285";"/a/8/a8018274_1_3.jpg"
"4287";"/a/8/a8167764_1_3.jpg"
"4289";"/a/8/a8342465_1_3.jpg"
"4292";"/c/9/c9638264_1_3.jpg"
"4293";"/c/9/c963sc64_1_3.jpg"
"4294";"/w/p/wp79101_1_3.jpg"
"4295";"/w/p/wp791016_1_3.jpg"
"4296";"/w/p/wp79106_1_3.jpg"
"4297";"/w/p/wp79108_1_3.jpg"
"4298";"/w/p/wp79109_1_3.jpg"
"4299";"/w/p/wp791096_1_3.jpg"
"4300";"/w/p/wp79110_1_3.jpg"
"4301";"/w/p/wp79112_1_3.jpg"
"4302";"/d/9/d921sa64_1_3.jpg"
"4305";"/f/i/fit800-500x500.png"
"4306";"/s/u/surround-air-xj-3800-intelli-pro-air-purifier-500x500.jpg"
"4307";"/t/8/t800-500x500.png"
"4308";"/a/m/amblack-500x500.jpg"
"4309";"/l/r/lr_jr_white_1-500x500.jpg"
"4310";"/l/r/lr_jr_blue-500x500.jpg"
"4311";"/4/0/400hmsandstone_1-500x500.jpg"
"4312";"/l/r/lr_std_black_1_1-500x500.jpg"
"4313";"/l/r/lr_jr_ss-500x500.jpg"
"4314";"/4/0/400hmblack-500x500.jpg"
"4315";"/2/0/2000_platinum-500x500.jpg"
"4316";"/4/0/400hmwhite-500x500.jpg"
"4317";"/3/0/3000onix_light_on-500x500.jpg"
"4318";"/1/0/1000_airfree-500x500.gif"
"4319";"/t/h/the-cloud-home-and-office-air-purifier-500x500.png"
"4320";"/t/h/the-summit-home-and-office-air-purifier-500x500.png"
"4321";"/t/h/the-peak-in-duct-pco-air-500x500.png"
"4322";"/t/h/the-peak-in-duct-pco-air-500x500_1.png"
"4323";"/x/j/xj3100a-500x500.jpg"