"entity_id";"thumb_image"
"100";"/t/h/th_mp3152g_4.jpg"
"101";"/t/h/th_mp3154g_4.jpg"
"102";"/t/h/th_cy0039ciski_4.jpg"
"103";"/t/h/th_cy0040ciski_4.jpg"
"104";"/t/h/th_cy0043ciagd_4.jpg"
"105";"/t/h/th_cy0069cppri_4.jpg"
"106";"/t/h/th_cy0070cppri_4.jpg"
"107";"/t/h/th_cy0071cppri_4.jpg"
"108";"/t/h/th_cy0088cplav_4.jpg"
"109";"/t/h/th_cy0089cplav_4.jpg"
"110";"/t/h/th_cy0091cplav_4.jpg"
"111";"/t/h/th_cy0092cpgla_4.jpg"
"112";"/t/h/th_cy0105accar_4.jpg"
"113";"/t/h/th_cy0106cpsnd_4.jpg"
"114";"/t/h/th_cy0109cpsnd_4.jpg"
"115";"/t/h/th_cy0110cpsnd_4.jpg"
"116";"/t/h/th_cy0111cpsnd_4.jpg"
"117";"/t/h/th_cy0161acfle_4.jpg"
"118";"/t/h/th_cy0169ctfro_4.jpg"
"119";"/t/h/th_cy0170ctfro_4.jpg"
"120";"/t/h/th_cy0172ctfro_4.jpg"
"121";"/t/h/th_cy0173ctfro_4.jpg"
"122";"/t/h/th_cy0174ctmer_4.jpg"
"123";"/t/h/th_cy0177ctpri_4.jpg"
"124";"/t/h/th_cy0179ctpri_4.jpg"
"125";"/t/h/th_cyas2_4.jpg"
"126";"/t/h/th_icc756blk_4.jpg"
"127";"/t/h/th_icc818blk_4.jpg"
"128";"/t/h/th_icc818wht_4.jpg"
"129";"/t/h/th_ai1000ysplt129341_4.jpg"
"130";"/a/i/ai300fm_ch_3.jpg"
"131";"/t/h/th_ai500fmch129345_4.jpg"
"132";"/a/i/ai600_cchgr1_3.jpg"
"133";"/t/h/th_ai800cchgr_4.jpg"
"134";"/t/h/th_ai800mini7129339_4.jpg"
"135";"/a/i/ai_cly_mbt100_3.jpg"
"136";"/m/b/mbl_cly_mbt100_3.jpg"
"138";"/t/h/th_csmp145_4.jpg"
"140";"/t/h/th_cx39_4.jpg"
"141";"/t/h/th_cx49_4.jpg"
"142";"/t/h/th_cx73blk_4.jpg"
"143";"/t/h/th_cx73blu_4.jpg"
"144";"/t/h/th_cx73red_4.jpg"
"145";"/t/h/th_cx73svr_4.jpg"
"146";"/t/h/th_cx789_4.jpg"
"147";"/t/h/th_cxcd329svr_4.jpg"
"148";"/t/h/th_cxr60_4.jpg"
"149";"/t/h/th_cy3mp_4.jpg"
"150";"/t/h/th_isp191b_4.jpg"
"151";"/t/h/th_isp209b_4.jpg"
"152";"/t/h/th_rfp50_4.jpg"
"153";"/t/h/th_cxcd250_4.jpg"
"156";"/t/h/th_bcd2306dp_4.jpg"
"157";"/t/h/th_ibp181b_4.jpg"
"158";"/t/h/th_ibp301b_4.jpg"
"159";"/t/h/th_cra108blk_4.jpg"
"161";"/t/h/th_csmp125_4.jpg"
"163";"/t/h/th_c280_4.jpg"
"164";"/t/h/th_icp101b_4.jpg"
"165";"/t/h/th_icp211b_4.jpg"
"166";"/t/h/th_icp360_4.jpg"
"167";"/t/h/th_icp601b_4.jpg"
"168";"/t/h/th_rcdc1_4.jpg"
"169";"/t/h/th_dkcl3p_4.jpg"
"171";"/t/h/th_atmp100_4.jpg"
"176";"/t/h/th_jamboxblackdiamond_4.jpg"
"178";"/t/h/th_jamboxbluewave_4.jpg"
"180";"/t/h/th_jamboxgreyhex_4.jpg"
"182";"/t/h/th_jamboxreddot_4.jpg"
"184";"/t/h/th_atr1100_4.jpg"
"185";"/t/h/th_atr1200_4.jpg"
"186";"/t/h/th_atr1205_4.jpg"
"187";"/t/h/th_atr1500_4.jpg"
"188";"/t/h/th_atr2100usb_4.jpg"
"189";"/t/h/th_atr288w_4.jpg"
"190";"/t/h/th_atr3350_4.jpg"
"191";"/t/h/th_atr4697_4.jpg"
"192";"/t/h/th_atr4750_4.jpg"
"193";"/t/h/th_atr5200_4.jpg"
"194";"/t/h/th_atr6250_4.jpg"
"195";"/t/h/th_atw251lt2_4.jpg"
"196";"/t/h/th_atw251lt3_4.jpg"
"197";"/t/h/th_atw251lt8_4.jpg"
"198";"/t/h/th_pro88wr35_4.jpg"
"199";"/t/h/th_athck303mbk_3.jpg"
"200";"/t/h/th_athck303mbl_3.jpg"
"201";"/t/h/th_athck303mbpk_3.jpg"
"202";"/t/h/th_athck303mbrd_3.jpg"
"203";"/t/h/th_athck303mpk_3.jpg"
"204";"/t/h/th_athck303msv_3.jpg"
"205";"/t/h/th_athck400ibk_3.jpg"
"206";"/t/h/th_athckf300dpk_3.jpg"
"207";"/t/h/th_athckf300gd_3.jpg"
"208";"/t/h/th_athckf300lgr_3.jpg"
"209";"/t/h/th_athckf300lpk_3.jpg"
"210";"/t/h/th_athckf300mgr_3.jpg"
"211";"/t/h/th_athckf300pk_3.jpg"
"212";"/t/h/th_athckf300pl_3.jpg"
"213";"/t/h/th_athckf300wh_3.jpg"
"214";"/t/h/th_athckf500bk_3.jpg"
"215";"/t/h/th_athckf500bw_3.jpg"
"216";"/t/h/th_athckf500iv_3.jpg"
"217";"/t/h/th_athckf500lpk_3.jpg"
"218";"/t/h/th_athckf500pgd_3.jpg"
"219";"/t/h/th_athckf500pk_3.jpg"
"220";"/t/h/th_athckf500tbl_3.jpg"
"221";"/t/h/th_athckf500wh_3.jpg"
"222";"/t/h/th_cve52pink_3.jpg"
"223";"/t/h/th_cve52red_3.jpg"
"224";"/t/h/th_cve52silver_3.jpg"
"244";"/t/h/th_cve91white_1.jpg"
"245";"/t/h/th_cvem79black_1.jpg"
"246";"/t/h/th_cvem79blue_1.jpg"
"247";"/t/h/th_cvem79green_1.jpg"
"248";"/t/h/th_cvem79orange_1.jpg"
"249";"/t/h/th_cvem79pink_1.jpg"
"250";"/t/h/th_cvem79purple_1.jpg"
"251";"/t/h/th_cvem79red_1.jpg"
"252";"/t/h/th_cvem79silver_1.jpg"
"253";"/t/h/th_cvem79yellow_1.jpg"
"254";"/t/h/th_cvem87_1.jpg"
"255";"/t/h/th_tep201pnk_1.jpg"
"256";"/t/h/th_tep201red_1.jpg"
"257";"/t/h/th_rphjc120k_1.jpg"
"258";"/t/h/th_rphjc120w_1.jpg"
"259";"/t/h/th_rphje270a_1.jpg"
"260";"/t/h/th_rphje270g_1.jpg"
"261";"/t/h/th_rphje270p_1.jpg"
"262";"/t/h/th_rphje450k_1.jpg"
"263";"/t/h/th_rphje450r_1.jpg"
"264";"/t/h/th_rphje450w_1.jpg"
"265";"/t/h/th_rphv094k_1.jpg"
"266";"/r/p/rp_hv21r_3.jpg"
"267";"/t/h/th_rphs200d_1.jpg"
"268";"/t/h/th_rphs200k_1.jpg"
"269";"/t/h/th_rphs33d_1.jpg"
"270";"/t/h/th_rphs33g_1.jpg"
"271";"/t/h/th_rphsc200k_1.jpg"
"272";"/t/h/th_rphsc200w_1.jpg"
"273";"/t/h/th_athes33bk_1.jpg"
"274";"/t/h/th_athes3awh_1.jpg"
"275";"/t/h/th_athes55bk_1.jpg"
"276";"/t/h/th_athfw3bk_1.jpg"
"277";"/t/h/th_athfw3pk_1.jpg"
"278";"/t/h/th_athfw3wh_1.jpg"
"279";"/t/h/th_cvh42_1.jpg"
"280";"/t/h/th_cvh89_1.jpg"
"281";"/t/h/th_rphx40a_1.jpg"
"282";"/t/h/th_rphx40g_1.jpg"
"283";"/t/h/th_rphx40k_1.jpg"
"284";"/t/h/th_rphx40pk_1.jpg"
"285";"/t/h/th_rphx40pw_1.jpg"
"286";"/t/h/th_rphx40w_1.jpg"
"287";"/t/h/th_rphxc40k_1.jpg"
"288";"/t/h/th_rphxc40w_1.jpg"
"289";"/t/h/th_atha900_1.jpg"
"290";"/t/h/th_athad700_1.jpg"
"291";"/t/h/th_athad900_1.jpg"
"292";"/t/h/th_athre70bk_1.jpg"
"293";"/t/h/th_athre70wh_1.jpg"
"294";"/t/h/th_athsj11bk_1.jpg"
"295";"/t/h/th_atht200_1.jpg"
"296";"/t/h/th_atht300_1.jpg"
"297";"/t/h/th_atht400_1.jpg"
"298";"/t/h/th_athw1000x_2.jpg"
"299";"/t/h/th_athwm5_2.jpg"
"300";"/t/h/th_athws70_1.jpg"
"301";"/t/h/th_cv195_1.jpg"
"302";"/t/h/th_cv215black_1.jpg"
"303";"/t/h/th_cv215blue_1.jpg"
"304";"/t/h/th_cv215red_1.jpg"
"305";"/t/h/th_cv215silver_1.jpg"
"306";"/t/h/th_cv720_1.jpg"
"307";"/t/h/th_rpht227_1.jpg"
"308";"/t/h/th_rphtf600s_1.jpg"
"309";"/t/h/th_rphtf890s_1.jpg"
"310";"/t/h/th_rphtx7g1_1.jpg"
"311";"/t/h/th_rphtx7k1_1.jpg"
"312";"/t/h/th_rphtx7p1_1.jpg"
"313";"/t/h/th_rphtx7r1_1.jpg"
"314";"/t/h/th_rphtx7w1_1.jpg"
"315";"/t/h/th_athanc27_1.jpg"
"316";"/t/h/th_rphc101k_1.jpg"
"317";"/t/h/th_rphc55s_1.jpg"
"318";"/t/h/th_rphc720k_1.jpg"
"319";"/t/h/th_athpro500bk_1.jpg"
"320";"/t/h/th_rpdjs400a_1.jpg"
"321";"/t/h/th_rpdjs400g_1.jpg"
"322";"/t/h/th_rpdjs400k_1.jpg"
"323";"/t/h/th_rpdjs400r_1.jpg"
"324";"/t/h/th_rpdjs400w_1.jpg"
"325";"/t/h/th_kcd150.jpg"
"326";"/t/h/th_at301ep.jpg"
"327";"/t/h/th_at311ep.jpg"
"328";"/t/h/th_at440mla.jpg"
"329";"/t/h/th_at6012.jpg"
"330";"/t/h/th_at634.jpg"
"331";"/t/h/th_atlp120usb.jpg"
"332";"/t/h/th_atlp240usb.jpg"
"333";"/t/h/th_atlp60.jpg"
"334";"/t/h/th_atlp60usb.jpg"
"335";"/t/h/th_atp2xn.jpg"
"336";"/t/h/th_cxcd377blk.jpg"
"337";"/t/h/th_cxcd400blk.jpg"
"338";"/t/h/th_ihp310b.jpg"
"339";"/t/h/th_is208b.jpg"
"341";"/s/c/sc_ap01_3.jpg"
"342";"/t/h/th_schc05.jpg"
"343";"/t/h/th_schc25.jpg"
"344";"/s/c/sc_hc27_3.jpg"
"345";"/s/c/sc_hc37_3.jpg"
"346";"/s/c/sc_hc57_3.jpg"
"347";"/s/c/sc_mc07_3.jpg"
"348";"/t/h/th_cddh950p.jpg"
"349";"/t/h/th_cddhs1050p.jpg"
"350";"/t/h/th_dkkp80p.jpg"
"351";"/d/k/dk_kp95p_3.jpg"
"352";"/t/h/th_xldh229p.jpg"
"353";"/t/h/th_xldh259p.jpg"
"354";"/t/h/th_xlhf200p.jpg"
"356";"/t/h/th_dvd765.jpg"
"357";"/t/h/th_dvd938.jpg"
"358";"/t/h/th_scbtt190.jpg"
"359";"/t/h/th_scbtt195.jpg"
"360";"/s/c/sc_btt490_3.jpg"
"361";"/t/h/th_scxh170.jpg"
"362";"/t/h/th_shfx71.jpg"
"363";"/h/t/htc650w_3.jpg"
"364";"/h/t/ht_d550_3.jpg"
"369";"/t/h/th_itp180b.jpg"
"370";"/t/h/th_itp280b.jpg"
"371";"/s/c/sc_htb20_3.jpg"
"372";"/s/c/sc_htb350_3.jpg"
"373";"/s/c/sc_htb550_3.jpg"
"374";"/t/h/th_htsb600.jpg"
"376";"/h/t/ht_sl75_3.jpg"
"377";"/h/t/htsl77_3.jpg"
"378";"/t/h/th_ac5w.jpg"
"379";"/t/h/th_ac6cd.jpg"
"380";"/t/h/th_atc6dm.jpg"
"381";"/t/h/th_bi8.jpg"
"382";"/t/h/th_dvd209blk.jpg"
"384";"/t/h/th_dvd288.jpg"
"385";"/t/h/th_dvd298.jpg"
"387";"/t/h/th_dh300b.jpg"
"388";"/t/h/th_dv225mg9.jpg"
"389";"/t/h/th_mdv2100f7.jpg"
"390";"/t/h/th_mdv3000f7.jpg"
"391";"/t/h/th_dvdls92.jpg"
"392";"/t/h/th_dvds48.jpg"
"393";"/t/h/th_dvds68.jpg"
"394";"/t/h/th_dvp3560f7.jpg"
"395";"/b/l/bluray_dongle_bundle_3.jpg"
"396";"/d/m/dmp_bbt01_3.jpg"
"397";"/t/h/th_dmpbd75.jpg"
"398";"/t/h/th_dmpbd77.jpg"
"399";"/d/m/dmp_bd87_3.jpg"
"400";"/t/h/th_dmpbdt220.jpg"
"401";"/t/h/th_dmpbdt310.jpg"
"402";"/d/m/dmp_bdt320_3.jpg"
"403";"/d/m/dmp_bdt500_3.jpg"
"404";"/t/h/th_dywl10.jpg"
"405";"/b/d/bd-c5500_xaarb_3.jpg"
"406";"/b/d/bdams20u_3.jpg"
"407";"/t/h/th_bdhp25u.jpg"
"409";"/t/h/th_bdhp35u.jpg"
"410";"/t/h/th_zv427mg9.jpg"
"411";"/a/y/ay_dvm60ej_3.jpg"
"412";"/a/y/aydvm60xj_3.jpg"
"413";"/a/y/ay_dvm80ej_3.jpg"
"414";"/l/m/lm_rf30v_3.jpg"
"415";"/r/t/rt602mc_3.jpg"
"416";"/r/t/rt604mc_3.jpg"
"417";"/t/h/th_3508b001.jpg"
"418";"/t/h/th_3508b0014kit.jpg"
"419";"/t/h/th_4342b001.jpg"
"420";"/t/h/th_4342b001kit.jpg"
"421";"/t/h/th_4342b0014kit.jpg"
"422";"/t/h/th_4925b0013kit.jpg"
"423";"/t/h/th_4925b0014kit.jpg"
"424";"/t/h/th_4926b0013kit.jpg"
"425";"/t/h/th_4926b0014kit.jpg"
"426";"/t/h/th_4927b0013kit.jpg"
"427";"/t/h/th_4927b0014kit.jpg"
"428";"/t/h/th_4941b0013kit.jpg"
"429";"/t/h/th_4941b0014kit.jpg"
"430";"/t/h/th_4942b0013kit.jpg"
"431";"/t/h/th_4942b0014kit.jpg"
"432";"/t/h/th_4944b0013kit.jpg"
"433";"/t/h/th_4944b0014kit.jpg"
"434";"/t/h/th_5030b001kit.jpg"
"435";"/t/h/th_5030b001pkit.jpg"
"436";"/t/h/th_5032b021.jpg"
"437";"/t/h/th_5033b0014kit.jpg"
"438";"/t/h/th_5035b001.jpg"
"439";"/t/h/th_5035b0014kit.jpg"
"440";"/t/h/th_5037b001.jpg"
"441";"/t/h/th_5037b0014kit.jpg"
"442";"/t/h/th_5038b001.jpg"
"443";"/t/h/th_5038b0014kit.jpg"
"444";"/t/h/th_5043b001.jpg"
"445";"/t/h/th_5043b0014kit.jpg"
"446";"/t/h/th_5044b001.jpg"
"447";"/t/h/th_5044b001kit.jpg"
"448";"/t/h/th_5044b0014kit.jpg"
"449";"/t/h/th_5045b001.jpg"
"450";"/t/h/th_5045b0014kit.jpg"
"451";"/t/h/th_5130b001.jpg"
"452";"/t/h/th_5244b001.jpg"
"453";"/t/h/th_5244b0014kit.jpg"
"454";"/t/h/th_5245b001.jpg"
"455";"/t/h/th_5245b0014kit.jpg"
"456";"/t/h/th_5249b001.jpg"
"457";"/t/h/th_5251b001.jpg"
"458";"/t/h/th_5251b0013kit.jpg"
"459";"/t/h/th_5251b0014kit.jpg"
"460";"/t/h/th_5266b001.jpg"
"461";"/t/h/th_5266b0014kit.jpg"
"462";"/t/h/th_5269b001.jpg"
"463";"/t/h/th_5269b0014kit.jpg"
"464";"/t/h/th_5663b001.jpg"
"465";"/t/h/th_5663b0014kit.jpg"
"466";"/t/h/th_5664b001.jpg"
"467";"/t/h/th_5664b0014kit.jpg"
"468";"/t/h/th_5685b001.jpg"
"469";"/t/h/th_5685b0014kit.jpg"
"470";"/t/h/th_5688b001.jpg"
"471";"/t/h/th_5688b0014kit.jpg"
"472";"/t/h/th_5704b001.jpg"
"473";"/t/h/th_5704b0014kit.jpg"
"474";"/t/h/th_5900b001.jpg"
"475";"/t/h/th_5900b0013kit.jpg"
"476";"/t/h/th_6021b001.jpg"
"477";"/t/h/th_6021b0013kit.jpg"
"478";"/t/h/th_6024b001.jpg"
"479";"/t/h/th_6027b001.jpg"
"480";"/t/h/th_6027b0013kit.jpg"
"481";"/t/h/th_6030b001.jpg"
"482";"/t/h/th_6036b001.jpg"
"483";"/t/h/th_6039b001.jpg"
"484";"/t/h/th_6039b0013kit.jpg"
"485";"/t/h/th_6042b001.jpg"
"486";"/t/h/th_6042b0013kit.jpg"
"487";"/t/h/th_6045b001.jpg"
"488";"/t/h/th_6045b0013kit.jpg"
"489";"/t/h/th_6048b001.jpg"
"490";"/t/h/th_6048b0013kit.jpg"
"491";"/t/h/th_6051b001.jpg"
"492";"/t/h/th_6145b001.jpg"
"494";"/t/h/th_6148b001.jpg"
"495";"/t/h/th_6149b001.jpg"
"496";"/t/h/th_6150b001.jpg"
"497";"/t/h/th_6151b001.jpg"
"498";"/t/h/th_6152b001.jpg"
"499";"/t/h/th_6160b001.jpg"
"500";"/t/h/th_6163b001.jpg"
"501";"/t/h/th_6166b001.jpg"
"502";"/t/h/th_6169b001.jpg"
"503";"/t/h/th_6171b001.jpg"
"504";"/t/h/th_6174b001.jpg"
"505";"/t/h/th_6177b001.jpg"
"506";"/t/h/th_6178b001.jpg"
"507";"/t/h/th_6179b001.jpg"
"508";"/t/h/th_6180b001.jpg"
"509";"/t/h/th_6181b001.jpg"
"510";"/t/h/th_6182b001.jpg"
"511";"/t/h/th_6183b001.jpg"
"512";"/t/h/th_6184b001.jpg"
"513";"/t/h/th_6185b001.jpg"
"514";"/t/h/th_6186b001.jpg"
"515";"/t/h/th_6187b001.jpg"
"516";"/t/h/th_6188b001.jpg"
"517";"/t/h/th_6189b001.jpg"
"518";"/t/h/th_6190b001.jpg"
"519";"/t/h/th_6191b001.jpg"
"520";"/t/h/th_6192b001.jpg"
"521";"/t/h/th_6193b001.jpg"
"522";"/t/h/th_6195b001.jpg"
"524";"/t/h/th_6196b001.jpg"
"525";"/t/h/th_15777309.jpg"
"526";"/t/h/th_15940255.jpg"
"527";"/t/h/th_15940255kit.jpg"
"528";"/t/h/th_15973721.jpg"
"529";"/t/h/th_15975858.jpg"
"530";"/1/5/15975858jcpkit_3.jpg"
"531";"/t/h/th_16117300.jpg"
"532";"/t/h/th_16117300kit.jpg"
"533";"/t/h/th_16124456.jpg"
"534";"/t/h/th_16124456kit.jpg"
"535";"/t/h/th_16124573.jpg"
"536";"/t/h/th_16124573kit.jpg"
"537";"/t/h/th_16130716.jpg"
"538";"/t/h/th_16130716kit.jpg"
"539";"/t/h/th_16190089.jpg"
"540";"/t/h/th_16199188.jpg"
"541";"/t/h/th_16201333.jpg"
"542";"/t/h/th_16201333kit.jpg"
"543";"/t/h/th_16202014.jpg"
"544";"/t/h/th_162020144kit.jpg"
"545";"/t/h/th_16206450.jpg"
"546";"/t/h/th_162064504kit.jpg"
"547";"/t/h/th_16209581.jpg"
"548";"/t/h/th_162095813kit.jpg"
"549";"/t/h/th_16215102.jpg"
"550";"/t/h/th_16215102kit.jpg"
"551";"/t/h/th_16218221.jpg"
"552";"/t/h/th_162182213kit.jpg"
"553";"/t/h/th_16219902.jpg"
"554";"/t/h/th_162199023kit.jpg"
"555";"/t/h/th_16221589.jpg"
"556";"/t/h/th_16221589kit.jpg"
"557";"/t/h/th_16223422.jpg"
"558";"/t/h/th_162234223kit.jpg"
"559";"/t/h/th_16227480.jpg"
"560";"/t/h/th_162274803kit.jpg"
"561";"/t/h/th_16228111.jpg"
"562";"/t/h/th_162281113kit.jpg"
"563";"/t/h/th_16229347.jpg"
"564";"/t/h/th_162293474kit.jpg"
"565";"/t/h/th_16229490.jpg"
"566";"/t/h/th_162294903kit.jpg"
"567";"/t/h/th_16229646.jpg"
"568";"/t/h/th_162296463kit.jpg"
"569";"/t/h/th_16229799.jpg"
"570";"/t/h/th_162297993kit.jpg"
"571";"/t/h/th_16229945.jpg"
"572";"/t/h/th_162299453kit.jpg"
"573";"/t/h/th_16230243.jpg"
"574";"/t/h/th_162302433kit.jpg"
"575";"/t/h/th_16233130.jpg"
"576";"/t/h/th_16233130kit.jpg"
"577";"/t/h/th_16233283.jpg"
"578";"/t/h/th_162332833kit.jpg"
"579";"/t/h/th_16233439.jpg"
"580";"/t/h/th_162334393kit.jpg"
"581";"/t/h/th_16233582.jpg"
"582";"/t/h/th_162335823kit.jpg"
"583";"/t/h/th_16233738.jpg"
"584";"/t/h/th_162337383kit.jpg"
"585";"/t/h/th_16238037.jpg"
"586";"/t/h/th_162380373kit.jpg"
"587";"/t/h/th_16243252.jpg"
"588";"/t/h/th_162432524kit.jpg"
"589";"/t/h/th_600009114.jpg"
"591";"/t/h/th_v8025sblkkit.jpg"
"592";"/t/h/th_vx029blk.jpg"
"593";"/t/h/th_2764b0034kit.jpg"
"594";"/t/h/th_2764b004.jpg"
"595";"/t/h/th_3814b004.jpg"
"596";"/t/h/th_3814b0044kit.jpg"
"597";"/t/h/th_3814b004l1kit.jpg"
"598";"/t/h/th_3814b004l2kit.jpg"
"599";"/t/h/th_3814b010.jpg"
"600";"/t/h/th_3814b0104kit.jpg"
"601";"/t/h/th_3814b010l1kit.jpg"
"602";"/t/h/th_3814b010l2kit.jpg"
"603";"/t/h/th_3814b016.jpg"
"604";"/t/h/th_3814b0164kit.jpg"
"605";"/t/h/th_3814b016l1kit.jpg"
"606";"/t/h/th_3814b016l2kit.jpg"
"607";"/t/h/th_4460b003.jpg"
"608";"/t/h/th_4460b0034kit.jpg"
"609";"/t/h/th_4460b003l1kit.jpg"
"610";"/t/h/th_4460b003l2kit.jpg"
"611";"/t/h/th_4460b004.jpg"
"612";"/t/h/th_4460b0044kit.jpg"
"613";"/t/h/th_4460b004l1kit.jpg"
"614";"/t/h/th_4460b004l2kit.jpg"
"615";"/t/h/th_4462b001.jpg"
"616";"/t/h/th_4462b0014kit.jpg"
"617";"/t/h/th_4462b003.jpg"
"618";"/t/h/th_4462b0033kit.jpg"
"620";"/t/h/th_4462b0034kit.jpg"
"621";"/t/h/th_4462b0035kit.jpg"
"622";"/t/h/th_4462b0036kit.jpg"
"623";"/t/h/th_4462b003l14kit.jpg"
"624";"/t/h/th_4462b003l1kit.jpg"
"625";"/t/h/th_4462b003l23kit.jpg"
"626";"/t/h/th_4462b003l24kit.jpg"
"627";"/t/h/th_4462b003l2kit.jpg"
"628";"/t/h/th_4462b005.jpg"
"629";"/t/h/th_4462b005l14kit.jpg"
"630";"/t/h/th_4462b005l1kit.jpg"
"631";"/t/h/th_4462b005l24kit.jpg"
"632";"/t/h/th_4462b005l2kit.jpg"
"633";"/t/h/th_5157b002.jpg"
"634";"/t/h/th_5157b0023kit.jpg"
"635";"/t/h/th_5157b0024kit.jpg"
"636";"/t/h/th_5157b002l14kit.jpg"
"637";"/t/h/th_5157b002l1kit.jpg"
"638";"/t/h/th_5157b002l24kit.jpg"
"639";"/t/h/th_5157b002l2kit.jpg"
"640";"/t/h/th_5169b001.jpg"
"641";"/t/h/th_5169b0014kit.jpg"
"642";"/t/h/th_5169b003.jpg"
"643";"/t/h/th_5169b003kit.jpg"
"644";"/t/h/th_5169b0034kit.jpg"
"645";"/t/h/th_5169b003l14kit.jpg"
"646";"/t/h/th_5169b003l1kit.jpg"
"647";"/t/h/th_5169b003l24kit.jpg"
"648";"/t/h/th_5169b003l2kit.jpg"
"649";"/t/h/th_5169b005.jpg"
"650";"/t/h/th_5169b0054kit.jpg"
"651";"/t/h/th_5169b005l14kit.jpg"
"652";"/t/h/th_5169b005l1kit.jpg"
"653";"/t/h/th_5169b005l24kit.jpg"
"654";"/t/h/th_5169b005l2kit.jpg"
"655";"/t/h/th_15989158.jpg"
"656";"/t/h/th_0284b002.jpg"
"657";"/t/h/th_0344b002.jpg"
"658";"/t/h/th_0345b002.jpg"
"659";"/t/h/th_1056b002.jpg"
"660";"/t/h/th_1257b002.jpg"
"661";"/t/h/th_1258b002.jpg"
"662";"/t/h/th_1910b002.jpg"
"663";"/t/h/th_2042b002.jpg"
"664";"/t/h/th_2044b002.jpg"
"665";"/t/h/th_2045b002.jpg"
"666";"/t/h/th_2297b002.jpg"
"667";"/t/h/th_2512a002.jpg"
"668";"/2/5/2514a002_3.jpg"
"669";"/t/h/th_2515a003.jpg"
"670";"/t/h/th_2520a004.jpg"
"671";"/t/h/th_2539a007.jpg"
"672";"/t/h/th_2569a004.jpg"
"673";"/t/h/th_2577a002.jpg"
"674";"/t/h/th_2751b002.jpg"
"675";"/t/h/th_2752b002.jpg"
"676";"/t/h/th_4657a006.jpg"
"677";"/t/h/th_6473a003.jpg"
"678";"/t/h/th_9321a002.jpg"
"679";"/t/h/th_9517a002.jpg"
"680";"/r/p/rpsdn02gu1a_3.jpg"
"681";"/r/p/rpsdn04gu1a_3.jpg"
"682";"/r/p/rp_sdp02gu1k_3.jpg"
"683";"/9/6/9612a001_3.jpg"
"684";"/t/h/th_2570b001.jpg"
"685";"/3/0/3089b001_3_1.jpg"
"686";"/t/h/th_3527b001.jpg"
"687";"/t/h/th_3528b001.jpg"
"688";"/t/h/th_3601b001.jpg"
"689";"/t/h/th_4042b001.jpg"
"690";"/t/h/th_4712b001.jpg"
"692";"/t/h/th_600006990.jpg"
"693";"/t/h/th_600007019.jpg"
"694";"/t/h/th_600007991.jpg"
"695";"/6/5/650000836_3.jpg"
"697";"/v/s/vs10c_3.jpg"
"698";"/t/h/th_bl304blk.jpg"
"699";"/t/h/th_dc115r.jpg"
"701";"/d/c/dc125_3.jpg"
"702";"/t/h/th_dc401.jpg"
"703";"/d/c/dc54_3.jpg"
"704";"/t/h/th_tr036cl8.jpg"
"705";"/t/h/th_vivrgc7.jpg"
"706";"/t/h/th_vivsk100.jpg"
"707";"/t/h/th_vivsk401.jpg"
"708";"/t/h/th_vivvt6blu.jpg"
"709";"/t/h/th_4103b022.jpg"
"710";"/t/h/th_4894b002.jpg"
"711";"/t/h/th_4895b002.jpg"
"712";"/t/h/th_cam3002.jpg"
"713";"/t/h/th_cam3002kit.jpg"
"714";"/t/h/th_cam3005.jpg"
"715";"/t/h/th_cam4002.jpg"
"717";"/t/h/th_cam4002kit.jpg"
"718";"/t/h/th_cam5002.jpg"
"720";"/t/h/th_cam5002kit.jpg"
"721";"/t/h/th_cam5005.jpg"
"722";"/t/h/th_dvr380blk.jpg"
"723";"/t/h/th_dvr380red.jpg"
"724";"/t/h/th_dvr411black.jpg"
"725";"/d/v/dvr411blackkit_3.jpg"
"726";"/t/h/th_dvr411grape.jpg"
"727";"/d/v/dvr411grapekit_3.jpg"
"728";"/t/h/th_dvr411silver.jpg"
"729";"/d/v/dvr411silverkit_3.jpg"
"730";"/t/h/th_dvr411straw.jpg"
"731";"/d/v/dvr411strawkit_3.jpg"
"732";"/d/v/dvr850wblk_3.jpg"
"733";"/t/h/th_dp10421g.jpg"
"734";"/t/h/th_dp1052.jpg"
"735";"/t/h/th_dp1452.jpg"
"736";"/t/h/th_dp151blk.jpg"
"737";"/t/h/th_dp151wht.jpg"
"738";"/t/h/th_dp700blk.jpg"
"739";"/t/h/th_dp700wd.jpg"
"740";"/t/h/th_dp730.jpg"
"741";"/t/h/th_dp750.jpg"
"742";"/t/h/th_dp843.jpg"
"744";"/t/h/th_dp860.jpg"
"745";"/t/h/th_dp862.jpg"
"746";"/t/h/th_2897a002.jpg"
"747";"/t/h/th_1950b001.jpg"
"748";"/t/h/th_2478a002.jpg"
"749";"/t/h/th_2805b002.jpg"
"750";"/6/2/6243b001_3.jpg"
"751";"/6/0/600004447_3.jpg"
"752";"/t/h/th_2764b003.jpg"
"753";"/t/h/th_2764b003l2kit.jpg"
"754";"/t/h/th_ledtv1526.jpg"
"755";"/t/h/th_ledtv1926.jpg"
"756";"/t/h/th_ledtv2326.jpg"
"758";"/t/h/th_ledtv3226.jpg"
"760";"/1/9/19me402v_f7_3.jpg"
"761";"/t/h/th_tcl32e5.jpg"
"762";"/t/h/th_tcl37e5.jpg"
"763";"/t/h/th_tcl42d30.jpg"
"764";"/t/h/th_tcl42e30.jpg"
"765";"/t/h/th_tcl42e50.jpg"
"766";"/t/h/th_tcl42et5.jpg"
"772";"/t/h/th_lc42le540u.jpg"
"800";"/t/f/tf_tv1225_3.jpg"
"802";"/t/h/th_tftv3227.jpg"
"804";"/t/h/th_tftv3229.jpg"
"805";"/t/h/th_tftv4025.jpg"
"806";"/t/h/th_tftv992.jpg"
"807";"/t/h/th_19mf301bf7.jpg"
"808";"/t/h/th_26md301bf7.jpg"
"809";"/t/h/th_26mf301bf7.jpg"
"810";"/t/h/th_32mf301bf7.jpg"
"811";"/t/h/th_tcl32c3.jpg"
"812";"/t/h/th_tcl32c5.jpg"
"813";"/t/h/th_tcl32x30.jpg"
"814";"/t/h/th_tcl32x5.jpg"
"815";"/t/h/th_tcl42u5.jpg"
"816";"/t/h/th_19pfl3505df7.jpg"
"817";"/t/h/th_32pfl3506df7.jpg"
"818";"/t/h/th_40pfl5706df7.jpg"
"821";"/t/h/th_lc32b56.jpg"
"822";"/t/h/th_sc261fs.jpg"
"826";"/t/h/th_lc42sv50u.jpg"
"828";"/t/h/th_ledvd1596.jpg"
"829";"/t/h/th_ledvd1996.jpg"
"830";"/t/h/th_ledvd2396.jpg"
"832";"/t/h/th_tfdvd2395.jpg"
"834";"/t/h/th_tfdvd3295.jpg"
"836";"/t/h/th_19md301bf7.jpg"
"837";"/t/h/th_32md301bf7.jpg"
"838";"/t/h/th_ktfdvd1093svr.jpg"
"839";"/t/h/th_ktfdvd1560svr.jpg"
"840";"/t/h/th_ktfdvd7093svr.jpg"
"841";"/a/n/an_k15lp_3.jpg"
"842";"/t/y/ty_ep3d10_3.jpg"
"843";"/t/h/th_tyer3d4mu.jpg"
"844";"/t/h/th_an3dg20b.jpg"
"845";"/t/h/th_ant806.jpg"
"846";"/t/h/th_rcr6473n.jpg"
"847";"/t/h/th_rcr812n.jpg"
"848";"/t/h/th_rcrf03b.jpg"
"849";"/t/h/th_rcrp05b.jpg"
"850";"/t/h/th_rcrv06gr.jpg"
"851";"/t/h/th_cyagpd.jpg"
"852";"/t/h/th_cymgpd.jpg"
"853";"/d/y/dywl5_3.jpg"
"854";"/t/y/ty_cc20w_3.jpg"
"855";"/t/y/ty_wl20u_3.jpg"
"883";"/d/s/ds40_3.jpg"
"884";"/p/s/ps200_3.jpg"
"886";"/s/c/scs221_3.jpg"
"887";"/v/f/vf2012-b1_3.jpg"
"897";"/a/c/acc925_3.jpg"
"898";"/a/c/acc931_3.jpg"
"899";"/a/c/acc932_3.jpg"
"902";"/t/h/th_cm50.jpg"
"903";"/t/h/th_cm60.jpg"
"905";"/d/s/ds135_3.jpg"
"927";"/m/s/msa101_3.jpg"
"930";"/p/f/pf632_3.jpg"
"931";"/t/h/th_pf640.jpg"
"932";"/t/h/th_pf650.jpg"
"933";"/t/h/th_pf660.jpg"
"934";"/p/l/plck-unl_3.jpg"
"935";"/s/f/sf16d_3.jpg"
"936";"/s/f/sf24d_3.jpg"
"938";"/t/h/th_sf630p.jpg"
"939";"/s/f/sf632p_3.jpg"
"940";"/t/h/th_tvf2x2.jpg"
"941";"/t/h/th_ll22b1.jpg"
"943";"/s/f/sf640_3.jpg"
"944";"/t/h/th_sf640p.jpg"
"945";"/s/f/sf650p_3.jpg"
"946";"/t/h/th_sf660p.jpg"
"947";"/t/h/th_sf670p.jpg"
"948";"/s/f/sf680_3.jpg"
"949";"/s/f/sf680p_3.jpg"
"950";"/t/h/th_suf640p.jpg"
"951";"/t/h/th_suf650p.jpg"
"952";"/t/h/th_suf660p.jpg"
"953";"/l/l/ll11-b1_3.jpg"
"954";"/t/h/th_lt25b1.jpg"
"955";"/t/h/th_mll10b1.jpg"
"956";"/t/h/th_mll12b1.jpg"
"957";"/t/h/th_mml12b1.jpg"
"958";"/t/h/th_mt25b1.jpg"
"959";"/v/l/vll10-b1_3.jpg"
"960";"/v/l/vlt14-b1_3.jpg"
"961";"/v/l/vlt15-b1_3.jpg"
"962";"/t/h/th_vmfl1b.jpg"
"963";"/v/m/vml10-b1_3.jpg"
"964";"/t/h/th_vmpl3b.jpg"
"965";"/v/m/vmt14-b1_3.jpg"
"966";"/v/m/vmt15-b1_3.jpg"
"970";"/t/h/th_onetp.jpg"
"973";"/t/h/th_pft640.jpg"
"974";"/t/h/th_pft660.jpg"
"975";"/p/s/ps-1_3.jpg"
"977";"/t/h/th_pt632.jpg"
"978";"/t/h/th_pt640.jpg"
"979";"/t/h/th_pt650.jpg"
"980";"/t/h/th_pt660.jpg"
"981";"/r/t/rtfpt2-320_3.jpg"
"983";"/s/p/sp850-unlp_3_1.jpg"
"984";"/s/p/sp850-unlp-s_3.jpg"
"986";"/t/h/th_st630p.jpg"
"987";"/t/h/th_st632.jpg"
"988";"/t/h/th_st632p.jpg"
"989";"/s/t/st635_3.jpg"
"990";"/s/t/st635p_3.jpg"
"991";"/s/t/st640_3.jpg"
"992";"/t/h/th_st640p.jpg"
"993";"/s/t/st650_3.jpg"
"994";"/s/t/st650p_3.jpg"
"995";"/s/t/st660_3.jpg"
"996";"/t/h/th_st660p.jpg"
"997";"/t/h/th_st670.jpg"
"998";"/s/t/st670p_3.jpg"
"999";"/t/h/th_st680p.jpg"
"1000";"/t/h/th_sut632p.jpg"
"1001";"/t/h/th_sut645p.jpg"
"1002";"/t/h/th_sut660p.jpg"
"1004";"/t/h/th_mlt13b1.jpg"
"1005";"/t/h/th_mlt15b1.jpg"
"1006";"/t/h/th_mmt15b1.jpg"
"1007";"/t/h/th_mst15b1.jpg"
"1008";"/t/h/th_vmfb.jpg"
"1009";"/v/m/vmpl50a-b1_3.jpg"
"1010";"/v/s/vst15-b1_3.jpg"
"1012";"/t/h/th_pa730.jpg"
"1014";"/t/h/th_pa740.jpg"
"1016";"/p/a/pa760_3.jpg"
"1017";"/p/l/pla50-unl_3.jpg"
"1018";"/p/l/pla50-unlp-gb_3.jpg"
"1021";"/p/l/pla60-unl-s_3.jpg"
"1022";"/t/h/th_sa730p.jpg"
"1023";"/t/h/th_sa740p.jpg"
"1026";"/s/a/sa752pu_3.jpg"
"1027";"/t/h/th_sa760p.jpg"
"1029";"/t/h/th_sa761pu.jpg"
"1030";"/t/h/th_sa763pu.jpg"
"1031";"/t/h/th_sa770pu.jpg"
"1032";"/t/h/th_sa770pus.jpg"
"1034";"/s/p/sp730p_3.jpg"
"1035";"/s/p/sp740p_3.jpg"
"1037";"/t/h/th_sua750pu.jpg"
"1040";"/t/h/th_tva2x2.jpg"
"1041";"/t/h/th_lf228b1.jpg"
"1042";"/m/f/mf202-b1_3.jpg"
"1043";"/m/f/mf215-b1_3.jpg"
"1044";"/t/h/th_mlf10b1.jpg"
"1045";"/t/h/th_mlf20b1.jpg"
"1046";"/t/h/th_mmf10b1.jpg"
"1047";"/t/h/th_mmf15b1.jpg"
"1048";"/t/h/th_msf07b1.jpg"
"1049";"/s/f/sf203-b1_3.jpg"
"1050";"/s/f/sf213-b1_3.jpg"
"1051";"/t/h/th_vlf210b1.jpg"
"1052";"/t/h/th_vlf220b1.jpg"
"1054";"/t/h/th_vmaa26b01.jpg"
"1055";"/v/m/vmf220_3.jpg"
"1056";"/v/x/vxf220-b1_3.jpg"
"1057";"/t/h/th_xf228b1.jpg"
"1058";"/l/a/la112b1_3.jpg"
"1061";"/v/l/vlmf109-b1_3.jpg"
"1063";"/t/h/th_im760p.jpg"
"1064";"/l/r/lr1a-b1_3.jpg"
"1065";"/t/h/th_lr1aw1.jpg"
"1066";"/l/r/lrf118-b1_3.jpg"
"1068";"/p/a/pag-unv_3_2.jpg"
"1071";"/t/h/th_pjf2unv.jpg"
"1072";"/p/j/pjf2-unv-s_3.jpg"
"1073";"/p/p/ppa_3.jpg"
"1074";"/p/p/ppa-w_3.jpg"
"1077";"/t/h/th_prgexa.jpg"
"1080";"/p/r/prg-unv-w_3.jpg"
"1081";"/p/r/prskit0811_3.jpg"
"1084";"/p/r/prsunv_3.jpg"
"1086";"/p/r/prs-unv-w_3.jpg"
"1087";"/p/s/psta-2955-w_3.jpg"
"1088";"/p/s/pstk-028_3.jpg"
"1089";"/p/s/pstk-2955-w_3.jpg"
"1092";"/a/c/acc050_3.jpg"
"1093";"/a/c/acc109_3.jpg"
"1097";"/a/c/acc550_3.jpg"
"1098";"/a/c/acc556_3.jpg"
"1099";"/a/c/acc557_3.jpg"
"1100";"/a/c/acc559_3.jpg"
"1106";"/a/c/acc640b_3.jpg"
"1110";"/a/c/acc845_3.jpg"
"1113";"/a/c/acc918_3.jpg"
"1114";"/a/c/acc919_3.jpg"
"1117";"/a/d/add0406_3.jpg"
"1119";"/a/d/adj0608_3.jpg"
"1120";"/a/d/adj0709_3.jpg"
"1121";"/a/d/adj0810_3.jpg"
"1123";"/a/e/aec006009w_3.jpg"
"1127";"/a/e/aec0305_3.jpg"
"1135";"/c/m/cmj310_3.jpg"
"1136";"/c/m/cmj450_3.jpg"
"1137";"/c/m/cmj455_3.jpg"
"1138";"/c/m/cmj470_3.jpg"
"1142";"/d/c/dct100_3.jpg"
"1144";"/e/x/ext102_3.jpg"
"1145";"/e/x/ext103_3.jpg"
"1147";"/e/x/ext110_3.jpg"
"1148";"/l/c/lcc18_3.jpg"
"1149";"/l/c/lcc_18c_3.jpg"
"1150";"/l/c/lcc36_3.jpg"
"1151";"/l/c/lcc36-c_3.jpg"
"1152";"/p/c/pc932a_3.jpg"
"1153";"/p/c/pc932b_3.jpg"
"1154";"/p/c/pc932c_3.jpg"
"1155";"/p/l/plb-1_3.jpg"
"1157";"/p/l/plcm-1cp_3.jpg"
"1158";"/p/l/plcm-2_3.jpg"
"1162";"/p/l/plcm-unl_3.jpg"
"1163";"/p/l/plcm-unl-cp_3.jpg"
"1164";"/l/c/lc1a_3.jpg"
"1165";"/l/c/lc2a_3.jpg"
"1166";"/l/c/lch-100_3.jpg"
"1169";"/m/d/md115-g1_3.jpg"
"1170";"/v/m/vmpo1b_3.jpg"
"1171";"/t/h/th_vmuc1s.jpg"
"1172";"/a/c/acc313_3.jpg"
"1173";"/a/c/acc314_3.jpg"
"1174";"/a/c/acc320_3.jpg"
"1175";"/a/c/acc322_3.jpg"
"1176";"/a/c/acc324_3.jpg"
"1177";"/s/r/sr560g_3.jpg"
"1178";"/s/r/sr560m_3.jpg"
"1179";"/s/t/st660p_3.jpg"
"1180";"/p/l/plp-un1_3.jpg"
"1181";"/p/l/plp-unl_3.jpg"
"1182";"/p/l/plp-unlp_3.jpg"
"1183";"/p/l/plp-unm_3.jpg"
"1184";"/p/l/plpunmp_3.jpg"
"1186";"/p/l/plp-v8x4_3.jpg"
"1189";"/w/s/wsp716gb_3.jpg"
"1191";"/t/h/th_aiclntchs.jpg"
"1192";"/t/h/th_aiiphiclnsv2129871.jpg"
"1193";"/t/h/th_fsclnkitsm1.jpg"
"1194";"/t/h/th_fsclnkitsm2127955.jpg"
"1195";"/m/c/mcclnkitltop_3.jpg"
"1196";"/t/h/th_mcclnkitptbl.jpg"
"1197";"/m/c/mcclntchpen_3.jpg"
"1198";"/t/h/th_tvclnkit126634.jpg"
"1199";"/a/c/acc415_3.jpg"
"1202";"/p/l/plt-blk_3.jpg"
"1203";"/v/p/vpm25-j_3.jpg"
"1204";"/v/p/vpm40-j_3.jpg"
"1206";"/w/m/wmj022_3.jpg"
"1207";"/t/h/th_fsavfl200120241.jpg"
"1208";"/f/s/fshtsst300_3.jpg"
"1209";"/t/h/th_fsmphts200109460.jpg"
"1210";"/f/s/fsmphts350121588_3.jpg"
"1211";"/h/p/hpmmdp650ges_3.png"
"1212";"/t/h/th_mpap200121507.jpg"
"1213";"/t/h/th_mpav200109345.jpg"
"1214";"/t/h/th_mpav600109300.jpg"
"1215";"/t/h/th_mpav800109301.jpg"
"1216";"/t/h/th_mphdp650.jpg"
"1217";"/m/p/mphdp850g_3.jpg"
"1218";"/m/p/mphdp900_3.jpg"
"1219";"/t/h/th_mpht200109354.jpg"
"1220";"/t/h/th_mpht800109302.jpg"
"1221";"/t/h/th_mphtfsiwhc125271.jpg"
"1222";"/t/h/th_mphts5100mkii.jpg"
"1223";"/t/h/th_mphts1000mkiii121533.jpg"
"1224";"/t/h/th_mphts700109315.jpg"
"1225";"/t/h/th_mphts800hp109305.jpg"
"1226";"/t/h/th_mphts850109358.jpg"
"1227";"/t/h/th_mphts950121515.jpg"
"1228";"/t/h/th_mpotg300usbefs121538.jpg"
"1229";"/m/p/mpotg300ltop_3.jpg"
"1230";"/t/h/th_mpotg400wh109162.jpg"
"1231";"/t/h/th_pchstat1r.jpg"
"1232";"/t/h/th_pswts6.jpg"
"1233";"/t/h/th_hdmi06.jpg"
"1234";"/t/h/th_hdmi12lt.jpg"
"1235";"/a/c/ac120fx1_3.png"
"1236";"/a/c/ac140fx1_3.png"
"1237";"/t/h/th_mc500hd1m127662.jpg"
"1238";"/t/h/th_mc500hd2m127663.jpg"
"1239";"/t/h/th_mc500hd4m127664.jpg"
"1240";"/t/h/th_mc800hd1m128074.jpg"
"1241";"/t/h/th_mc800hd2m128078.jpg"
"1242";"/t/h/th_mc800hd4m128079.jpg"
"1243";"/t/h/th_mc800hd6m128080.jpg"
"1244";"/t/h/th_mchdmib1m.jpg"
"1245";"/t/h/th_mchdmib2m.jpg"
"1246";"/v/a/vahdmicpl140320_3.jpg"
"1247";"/t/h/th_vahdmiradpt140321.jpg"
"1248";"/t/h/th_rpcdhf15k.jpg"
"1249";"/t/h/th_rpcdhf30k.jpg"
"1250";"/t/h/th_rpcdhs15w.jpg"
"1251";"/r/p/rp-chem15-k_3.jpg"
"1252";"/r/p/rp-chem30-k_3_1.jpg"
"1253";"/r/p/rp-ches15-k_3.jpg"
"1254";"/r/p/rp-ches30-k_3.jpg"
"1255";"/r/p/rp-ches50-k_3.jpg"
"1256";"/r/p/rp-cheu15-k_3.jpg"
"1257";"/t/h/th_dh12hh.jpg"
"1258";"/t/h/th_dh3hh.jpg"
"1259";"/t/h/th_dh6hh.jpg"
"1260";"/t/h/th_dh9hh.jpg"
"1261";"/t/h/th_pr384.jpg"
"1262";"/t/h/th_vivhdmimini.jpg"
"1263";"/t/h/th_bsv1r2m140184.jpg"
"1264";"/c/p/cprg6q-clez500_103417_3.jpg"
"1265";"/t/h/th_thxi100dcx4126030.jpg"
"1266";"/t/h/th_thxi100dcx8126031.jpg"
"1267";"/t/h/th_thxv100cv16126046.jpg"
"1268";"/t/h/th_thxv100cv4126044.jpg"
"1269";"/t/h/th_thxv100cv8126045.jpg"
"1270";"/t/h/th_thxv100r8126039.jpg"
"1271";"/t/h/th_thxv100sv8126042.jpg"
"1272";"/t/h/thxv100f-8_126035_3.jpg"
"1273";"/t/h/th_bi2001m140178.jpg"
"1274";"/t/h/th_bi2002m140179.jpg"
"1275";"/m/l/mlmt-h132083_3.png"
"1276";"/t/h/th_xpms20mkii127863.jpg"
"1277";"/t/h/th_xpms50mkii.jpg"
"1278";"/c/i/citmbk-16_3.jpg"
"1279";"/t/h/th_citmbk8129703.jpg"
"1280";"/t/h/th_fspackhdmi130421.jpg"
"1281";"/t/h/th_hdconnectionkit.jpg"
"1282";"/t/h/th_hdperformancekit.jpg"
"1283";"/t/h/th_hdstarterkit.jpg"
"1284";"/t/h/th_starterbundle.jpg"
"1294";"no_selection"
"1320";"/t/h/th_kxtg1061m.jpg"
"1321";"/t/h/th_kxtg1062m.jpg"
"1322";"/t/h/th_kxtg4011n.jpg"
"1323";"/t/h/th_kxtg4012n.jpg"
"1324";"/t/h/th_kxtg4013n.jpg"
"1325";"/t/h/th_kxtg4021n.jpg"
"1326";"/t/h/th_kxtg4022n.jpg"
"1327";"/t/h/th_kxtg4023n.jpg"
"1328";"/t/h/th_kxtg4024n.jpg"
"1329";"/t/h/th_kxtg4025n.jpg"
"1330";"/t/h/th_kxtg4032b.jpg"
"1331";"/t/h/th_kxtg4132m.jpg"
"1332";"/t/h/th_kxtg4132n.jpg"
"1333";"/t/h/th_kxtg4133n.jpg"
"1334";"/t/h/th_kxtg6511b.jpg"
"1335";"/t/h/th_kxtg6512b.jpg"
"1336";"/t/h/th_kxtg6513b.jpg"
"1337";"/t/h/th_kxtg6532b.jpg"
"1338";"/t/h/th_kxtg6533b.jpg"
"1339";"/t/h/th_kxtg6572c.jpg"
"1340";"/t/h/th_kxtg6572r.jpg"
"1341";"/t/h/th_kxtg6591t.jpg"
"1342";"/t/h/th_kxtg6592t.jpg"
"1343";"/t/h/th_kxtg6633b.jpg"
"1344";"/t/h/th_kxtg6641b.jpg"
"1345";"/t/h/th_kxtg6643b.jpg"
"1346";"/t/h/th_kxtg6644b.jpg"
"1347";"/t/h/th_kxtg6645b.jpg"
"1348";"/t/h/th_kxtg6671b.jpg"
"1349";"/t/h/th_kxtg6672b.jpg"
"1350";"/t/h/th_kxtg7622b.jpg"
"1351";"/t/h/th_kxtg7623b.jpg"
"1352";"/t/h/th_kxtg7642m.jpg"
"1353";"/t/h/th_kxtg7643m.jpg"
"1354";"/t/h/th_kxtg7644m.jpg"
"1355";"/t/h/th_kxtg7645m.jpg"
"1356";"/t/h/th_kxtg9321t.jpg"
"1357";"/t/h/th_kxtg9322t.jpg"
"1358";"/t/h/th_kxtg9381t.jpg"
"1359";"/t/h/th_kxtg9382t.jpg"
"1360";"/t/h/th_kxtg9391t.jpg"
"1361";"/t/h/th_kxtg9392t.jpg"
"1362";"/t/h/th_kxtg9471b.jpg"
"1363";"/t/h/th_kxtg9472b.jpg"
"1364";"/t/h/th_kxtga939t.jpg"
"1365";"/t/h/th_d1660.jpg"
"1366";"/t/h/th_d16602.jpg"
"1367";"/t/h/th_d16603.jpg"
"1368";"/t/h/th_d1680.jpg"
"1369";"/t/h/th_d16802.jpg"
"1370";"/t/h/th_d16803.jpg"
"1371";"/t/h/th_d16804.jpg"
"1372";"/t/h/th_d16852.jpg"
"1373";"/t/h/th_d16853.jpg"
"1374";"/t/h/th_d22802.jpg"
"1375";"/t/h/th_d2997.jpg"
"1376";"/t/h/th_d32802.jpg"
"1377";"/t/h/th_d32882.jpg"
"1378";"/t/h/th_dect4066.jpg"
"1379";"/t/h/th_dect4086.jpg"
"1380";"/t/h/th_dect4096.jpg"
"1381";"/t/h/th_kxtg4500b.jpg"
"1382";"/t/h/th_kxtg6445t.jpg"
"1383";"/t/h/th_kxtg7532b.jpg"
"1384";"/t/h/th_kxtga401b.jpg"
"1385";"/t/h/th_kxtga641t.jpg"
"1386";"/t/h/th_kxtga651b.jpg"
"1387";"/t/h/th_kxtga740b.jpg"
"1388";"/t/h/th_kxtga750b.jpg"
"1389";"/t/h/th_d16882.jpg"
"1390";"/t/h/th_kxts105b.jpg"
"1391";"/t/h/th_kxts105w.jpg"
"1392";"/t/h/th_kxts108w.jpg"
"1393";"/t/h/th_kxts208w.jpg"
"1394";"/t/h/th_kxts3282b.jpg"
"1395";"/t/h/th_kxts3282w.jpg"
"1396";"/t/h/th_kxts4100b.jpg"
"1397";"/t/h/th_kxts4200b.jpg"
"1398";"/t/h/th_kxts4300b.jpg"
"1399";"/t/h/th_kxts500b.jpg"
"1400";"/t/h/th_kxts500w.jpg"
"1401";"/t/h/th_kxts550b.jpg"
"1402";"/t/h/th_kxts550w.jpg"
"1403";"/t/h/th_kxts620b.jpg"
"1404";"/t/h/th_kxts620w.jpg"
"1405";"/t/h/th_kxts880w.jpg"
"1406";"/t/h/th_kxtsc11b.jpg"
"1407";"/t/h/th_kxtsc11w.jpg"
"1408";"/t/h/th_1380bk.jpg"
"1409";"/t/h/th_cez260w.jpg"
"1410";"/t/h/th_kxfa103.jpg"
"1411";"/t/h/th_kxfa135.jpg"
"1412";"/t/h/th_kxfa136.jpg"
"1413";"/t/h/th_kxfa83.jpg"
"1414";"/t/h/th_kxfa84.jpg"
"1415";"/t/h/th_kxfa85.jpg"
"1416";"/t/h/th_kxfa87.jpg"
"1417";"/t/h/th_kxfa91.jpg"
"1418";"/t/h/th_kxfa92.jpg"
"1419";"/t/h/th_kxfa93.jpg"
"1420";"/t/h/th_kxfab318.jpg"
"1421";"/t/h/th_kxfad452.jpg"
"1422";"/t/h/th_kxfad93.jpg"
"1423";"/t/h/th_kxfadc510.jpg"
"1424";"/t/h/th_kxfadk511.jpg"
"1425";"/t/h/th_kxfap106.jpg"
"1426";"/t/h/th_kxfap317.jpg"
"1427";"/t/h/th_kxfat92.jpg"
"1428";"/t/h/th_kxfatc501.jpg"
"1429";"/t/h/th_kxfatc506.jpg"
"1430";"/t/h/th_kxfatk504.jpg"
"1431";"/t/h/th_kxfatk509.jpg"
"1432";"/t/h/th_kxfatm502.jpg"
"1433";"/t/h/th_kxfatm507.jpg"
"1434";"/t/h/th_kxfaty503.jpg"
"1435";"/t/h/th_kxfaty508.jpg"
"1436";"/t/h/th_kxfaw505.jpg"
"1437";"/t/h/th_kxfl511.jpg"
"1438";"/t/h/th_kxfp205.jpg"
"1439";"/t/h/th_kxfp215.jpg"
"1442";"/t/h/th_kxmb2000.jpg"
"1443";"/t/h/th_kxmb2010.jpg"
"1444";"/t/h/th_kxmb2030.jpg"
"1445";"/t/h/th_kxmb2061.jpg"
"1446";"/t/h/th_kxmb3020.jpg"
"1447";"/t/h/th_kxmc6040.jpg"
"1450";"/t/h/th_eramidnight.jpg"
"1451";"/t/h/th_erashadowbox.jpg"
"1452";"/t/h/th_erasilverlining.jpg"
"1453";"/t/h/th_erasmokescreen.jpg"
"1454";"/t/h/th_iconhdthinkerblack.jpg"
"1455";"/t/h/th_jbg06blvhd.jpg"
"1456";"/t/h/th_bt110.jpg"
"1457";"/t/h/th_blpa300a.jpg"
"1458";"/t/h/th_blpa300kta.jpg"
"1459";"/t/h/th_hhr4dpa.jpg"
"1460";"/t/h/th_hhrp104a.jpg"
"1461";"/t/h/th_hhrp105a.jpg"
"1462";"/t/h/th_hhrp402a.jpg"
"1463";"/t/h/th_kxtca400.jpg"
"1464";"/t/h/th_kxtca430.jpg"
"1465";"/t/h/th_kxtca60.jpg"
"1467";"/t/h/th_kxtga101s.jpg"
"1468";"/t/h/th_kxtga106m.jpg"
"1469";"/t/h/th_kxtga405b.jpg"
"1470";"/t/h/th_kxtga410b.jpg"
"1471";"/t/h/th_kxtga410m.jpg"
"1472";"/t/h/th_kxtga430b.jpg"
"1473";"/t/h/th_kxtga450b.jpg"
"1476";"/t/h/th_kxtga630s.jpg"
"1478";"/t/h/th_kxtga660b.jpg"
"1479";"/t/h/th_kxtga660m.jpg"
"1480";"/t/h/th_kxtga930t.jpg"
"1481";"/p/-/p-p301pa-1b_3.jpg"
"1482";"/t/h/th_dcx220.jpg"
"1483";"/t/h/th_dcx320.jpg"
"1484";"/t/h/th_dcx400.jpg"
"1485";"/t/h/th_mid10458.jpg"
"1486";"/t/h/th_mid11254g.jpg"
"1487";"/t/h/th_mid70124g.jpg"
"1489";"/t/h/th_mid70144g.jpg"
"1490";"/t/h/th_mid70164g.jpg"
"1493";"/t/h/th_mid71274g.jpg"
"1495";"/t/h/th_mid81254g.jpg"
"1497";"/t/h/th_streak716gray.jpg"
"1501";"/t/h/th_streak716grayutmo.jpg"
"1502";"/t/h/th_gtp1010cw16arb.jpg"
"1503";"/t/h/th_gtp6210ma16arb.jpg"
"1504";"/t/h/th_gtp7510ma16arb.jpg"
"1506";"/t/h/th_gtp7510ma32arb.jpg"
"1508";"/t/h/th_gtp7510uw16arb.jpg"
"1509";"/t/h/th_gtp7510uw32arb.jpg"
"1512";"/m/p/mpa-kit10-1_3.jpg"
"1513";"/m/p/mpa-kit8-1_3.jpg"
"1514";"/t/h/th_iad529blk.jpg"
"1515";"/t/h/th_iss1110.jpg"
"1516";"/t/h/th_iss1312.jpg"
"1521";"/t/h/th_deh1300mp.jpg"
"1522";"/t/h/th_deh2400ub.jpg"
"1523";"/t/h/th_deh3400ub.jpg"
"1524";"/t/h/th_deh4400hd.jpg"
"1525";"/t/h/th_deh6400bt.jpg"
"1526";"/t/h/th_deh80prs.jpg"
"1527";"/t/h/th_dehp7400hd.jpg"
"1528";"/t/h/th_dehp8400bh.jpg"
"1529";"/t/h/th_dehp9400bh.jpg"
"1530";"/c/d/cdxp680_3.jpg"
"1531";"/t/h/th_gm3500t.jpg"
"1532";"/t/h/th_gm5500t.jpg"
"1533";"/t/h/th_gm6500f.jpg"
"1534";"/t/h/th_gmd7500m.jpg"
"1535";"/t/h/th_gmd8500m.jpg"
"1536";"/t/h/th_gmd9500f.jpg"
"1537";"/t/h/th_prsd800.jpg"
"1538";"/h/b/hbx-10_3.jpg"
"1539";"/t/h/th_tssw2501s2.jpg"
"1540";"/t/s/ts-sw2501s4_3.jpg"
"1541";"/t/h/th_tssw251.jpg"
"1542";"/t/h/th_tssw3001s2.jpg"
"1543";"/t/h/th_tssw3001s4.jpg"
"1545";"/t/h/th_tssw841d.jpg"
"1546";"/t/h/th_tsswx251.jpg"
"1547";"/t/h/th_tsswx310.jpg"
"1548";"/t/h/th_tsw2502d2.jpg"
"1549";"/t/h/th_tsw2502d4.jpg"
"1550";"/t/h/th_tsw253r.jpg"
"1551";"/t/s/ts-w254r_3.jpg"
"1552";"/t/h/th_tsw259d4.jpg"
"1553";"/t/h/th_tsw259s4.jpg"
"1554";"/t/h/th_tsw3002d2.jpg"
"1555";"/t/h/th_tsw3002d4.jpg"
"1556";"/t/s/ts-w304r_3.jpg"
"1557";"/t/h/th_tsw309d4.jpg"
"1558";"/t/h/th_tsw309s4.jpg"
"1559";"/t/h/th_tsa1072r.jpg"
"1560";"/t/s/ts-a1302c_3.jpg"
"1561";"/t/h/th_tsa1304c.jpg"
"1562";"/t/h/th_tsa1374r.jpg"
"1563";"/t/h/th_tsa1604c.jpg"
"1564";"/t/h/th_tsa1674r.jpg"
"1565";"/t/h/th_tsa1684r.jpg"
"1566";"/t/s/ts-a1702c_3.jpg"
"1567";"/t/h/th_tsa4103.jpg"
"1568";"/t/h/th_tsa4674r.jpg"
"1569";"/t/h/th_tsa6874r.jpg"
"1570";"/t/h/th_tsa6964r.jpg"
"1571";"/t/h/th_tsa6974r.jpg"
"1572";"/t/h/th_tsa6984r.jpg"
"1573";"/t/h/th_tsa6994r.jpg"
"1574";"/t/s/tsa878_3.jpg"
"1575";"/t/h/th_tsd1002r.jpg"
"1576";"/t/h/th_tsd1302r.jpg"
"1577";"/t/s/ts-d1320c_3.jpg"
"1578";"/t/h/th_tsd1602r.jpg"
"1579";"/t/h/th_tsd1702r.jpg"
"1580";"/t/h/th_tsd1720c.jpg"
"1581";"/t/h/th_tsd6802r.jpg"
"1582";"/t/h/th_tsd6902r.jpg"
"1583";"/t/s/ts-g1044r_3.jpg"
"1584";"/t/s/ts-g1344r_3.jpg"
"1585";"/t/s/ts-g1644r_3.jpg"
"1586";"/t/s/ts-g4644r_3.jpg"
"1587";"/t/s/ts-g6844r_3.jpg"
"1588";"/t/s/tsp462_3.jpg"
"1589";"/t/h/th_tst110.jpg"
"1590";"/t/h/th_tst15.jpg"
"1591";"/t/h/th_tsx150.jpg"
"1592";"/t/h/th_tsx200.jpg"
"1593";"/t/s/tsmr1600_3.jpg"
"1594";"/t/s/tsmr1640_3.jpg"
"1595";"/t/s/ts-mr2040_3.jpg"
"1596";"/t/h/th_cdib100ii.jpg"
"1597";"/t/h/th_cdsb10.jpg"
"1598";"/t/h/th_cdxmpcar1.jpg"
"1599";"/t/h/th_gexp20hd.jpg"
"1600";"/t/h/th_gexp920xm.jpg"
"1601";"/d/e/deq-7600_3.jpg"
"1602";"/d/e/deq9200_3.jpg"
"1603";"/a/d/admr92_3.jpg"
"1604";"/t/h/th_adtva133.jpg"
"1605";"/c/d/cdar600_3.jpg"
"1606";"/t/h/th_cdi200.jpg"
"1607";"/t/h/th_cdiu200v.jpg"
"1608";"/t/h/th_cdiu201s.jpg"
"1609";"/t/h/th_cdiu201v.jpg"
"1610";"/t/h/th_cdiu205v.jpg"
"1611";"/t/h/th_cdiu230v.jpg"
"1612";"/t/h/th_cdiu50v.jpg"
"1613";"/t/h/th_cdiu51.jpg"
"1614";"/t/h/th_cdiu51v.jpg"
"1615";"/t/h/th_cdmc20.jpg"
"1616";"/t/h/th_cdmr70.jpg"
"1617";"/c/d/cd-mr80d_3.jpg"
"1618";"/t/h/th_cdrb10.jpg"
"1619";"/t/h/th_cdrb20.jpg"
"1620";"/t/h/th_cdrgb26p.jpg"
"1621";"/c/d/cdrgb31e_3.jpg"
"1623";"/t/h/th_cdsc300e.jpg"
"1624";"/t/h/th_cdts36.jpg"
"1625";"/t/h/th_cdu150e.jpg"
"1626";"/t/h/th_cdu50e.jpg"
"1627";"/t/h/th_jd1212s.jpg"
"1628";"/t/h/th_jd612v.jpg"
"1629";"/t/h/th_jdt1212.jpg"
"1630";"/t/h/th_jdt612.jpg"
"1633";"/t/h/th_udg258.jpg"
"1634";"/t/h/th_udg308.jpg"
"1635";"/u/d/ud-sw100d_3.jpg"
"1636";"/u/d/ud-sw100t_3.jpg"
"1637";"/t/h/th_udsw10u.jpg"
"1638";"/u/d/udsw120d_3.jpg"
"1639";"/u/d/ud-sw80d_3.jpg"
"1640";"/t/h/th_ndbc20pa.jpg"
"1641";"/t/h/th_ndbc5.jpg"
"1642";"/t/h/th_cdbtb200.jpg"
"1643";"/t/h/th_cdr510.jpg"
"1645";"/t/h/th_cld700.jpg"
"1646";"/c/l/cld902_3.png"
"1647";"/c/l/cls-700_3_1.jpg"
"1648";"/c/l/cls902_3.jpg"
"1652";"/t/h/th_avhp1400dvd.jpg"
"1653";"/t/h/th_avhp2400bt.jpg"
"1654";"/t/h/th_avhp3400bh.jpg"
"1655";"/t/h/th_avhp4400bh.jpg"
"1656";"/t/h/th_avhp6300bt.jpg"
"1657";"/t/h/th_avhp8400bh.jpg"
"1658";"/t/h/th_mvhp7300.jpg"
"1659";"/t/h/th_mvhp8200bt.jpg"
"1660";"/t/h/th_sphda01.jpg"
"1662";"/t/h/th_sphda100.jpg"
"1663";"/t/h/th_xdvp6.jpg"
"1664";"/a/d/adrm6000g_3.jpg"
"1666";"/t/h/th_cdcir10.jpg"
"1667";"/c/f/cfd101_3.jpg"
"1668";"/c/f/cfd-133_3.jpg"
"1669";"/t/h/th_adga10.jpg"
"1670";"/t/h/th_cdr55.jpg"
"1671";"/t/h/th_cdsr100.jpg"
"1672";"/t/h/th_cdsr11.jpg"
"1673";"/t/h/th_dezl560lmt.jpg"
"1674";"/t/h/th_dezl560lt.jpg"
"1675";"/t/h/th_nuvi1200cs.jpg"
"1677";"/t/h/th_nuvi1260t.jpg"
"1678";"/t/h/th_nuvi1300.jpg"
"1682";"/t/h/th_nuvi1300lmbundle.jpg"
"1684";"/t/h/th_nuvi1390lmt.jpg"
"1688";"/t/h/th_nuvi1450lm.jpg"
"1690";"/t/h/th_nuvi1490lmt.jpg"
"1696";"/t/h/th_nuvi2455lt.jpg"
"1697";"/t/h/th_nuvi2475lt.jpg"
"1698";"/t/h/th_nuvi2555lt.jpg"
"1699";"/t/h/th_nuvi30.jpg"
"1700";"/t/h/th_nuvi30c.jpg"
"1701";"/t/h/th_nuvi3450.jpg"
"1702";"/t/h/th_nuvi3760lmt.jpg"
"1703";"/t/h/th_nuvi3790lmt.jpg"
"1704";"/t/h/th_nuvi40.jpg"
"1707";"/t/h/th_nuvi40c.jpg"
"1709";"/t/h/th_nuvi40lm.jpg"
"1712";"/t/h/th_nuvi40lmc.jpg"
"1714";"/t/h/th_nuvi465lmt.jpg"
"1715";"/t/h/th_nuvi465t.jpg"
"1716";"/t/h/th_nuvi50.jpg"
"1719";"/t/h/th_nuvi500.jpg"
"1720";"/t/h/th_nuvi50c.jpg"
"1722";"/t/h/th_nuvi50lm.jpg"
"1725";"/t/h/th_nuvi50lmc.jpg"
"1727";"/t/h/th_nuvi550.jpg"
"1729";"/t/h/th_edge305refurb.jpg"
"1730";"/t/h/th_nuvi1100refurb.jpg"
"1731";"/t/h/th_nuvi1370trefurb.jpg"
"1732";"/t/h/th_nuvi1390lmtrefurb.jpg"
"1733";"/t/h/th_nuvi1490lmtrefurb.jpg"
"1734";"/t/h/th_nuvi1490trefurb.jpg"
"1735";"/t/h/th_nuvi1690refurb.jpg"
"1737";"/t/h/th_nuvi265trefurb.jpg"
"1738";"/t/h/th_nuvi3790lmtrefurb.jpg"
"1739";"/t/h/th_nuvi3790trefurb.jpg"
"1740";"/t/h/th_nuvi50lmrefurb.jpg"
"1741";"/t/h/th_nuvi50refurb.jpg"
"1742";"/t/h/th_nuvi765trefurb.jpg"
"1743";"/t/h/th_avicu220.jpg"
"1744";"/t/h/th_avicx940bt.jpg"
"1745";"/t/h/th_avicz140bh.jpg"
"1746";"/t/h/th_approachg3.jpg"
"1747";"/t/h/th_approachg5.jpg"
"1748";"/t/h/th_astrobundle.jpg"
"1749";"/t/h/th_dakota10.jpg"
"1750";"/t/h/th_dakota10bundle.jpg"
"1751";"/t/h/th_dakota20.jpg"
"1752";"/t/h/th_etrex10.jpg"
"1754";"/t/h/th_etrex20.jpg"
"1755";"/t/h/th_etrex30.jpg"
"1756";"/t/h/th_etrexh.jpg"
"1757";"/t/h/th_etrexlegendh.jpg"
"1758";"/t/h/th_etrexlegendhcx.jpg"
"1759";"/t/h/th_etrexvistah.jpg"
"1760";"/t/h/th_foretrex401.jpg"
"1761";"/t/h/th_gps72h.jpg"
"1762";"/t/h/th_gps72hbundle.jpg"
"1763";"/t/h/th_gpsmap62.jpg"
"1764";"/t/h/th_gpsmap62s.jpg"
"1765";"/t/h/th_gpsmap62sc.jpg"
"1766";"/t/h/th_gpsmap62st.jpg"
"1771";"/t/h/th_gtu10.jpg"
"1775";"/t/h/th_oregon450.jpg"
"1776";"/t/h/th_oregon450t.jpg"
"1777";"/t/h/th_oregon550.jpg"
"1778";"/t/h/th_oregon550t.jpg"
"1779";"/t/h/th_rino120.jpg"
"1780";"/t/h/th_rino130.jpg"
"1785";"/t/h/th_approachs1.jpg"
"1787";"/t/h/th_forerunner110womens.jpg"
"1788";"/t/h/th_forerunner405usbantgrn.jpg"
"1793";"/t/h/th_foretrex301.jpg"
"1801";"/t/h/th_gpsmap431.jpg"
"1802";"/t/h/th_gpsmap431s.jpg"
"1803";"/t/h/th_gpsmap441.jpg"
"1804";"/t/h/th_gpsmap441s.jpg"
"1805";"/t/h/th_gpsmap441swotransduc.jpg"
"1806";"/t/h/th_0101021504.jpg"
"1807";"/0/1/010-10317-00_3.jpg"
"1808";"/t/h/th_0101046900.jpg"
"1809";"/t/h/th_0101068050.jpg"
"1810";"/t/h/th_0101069100.jpg"
"1811";"/t/h/th_0101069102.jpg"
"1812";"/t/h/th_0101069103.jpg"
"1813";"/t/h/th_0101075500.jpg"
"1814";"/t/h/th_0101075900.jpg"
"1815";"/t/h/th_0101088700.jpg"
"1816";"/t/h/th_0101094150.jpg"
"1818";"/t/h/th_0101097800.jpg"
"1820";"/t/h/th_0101100101.jpg"
"1821";"/0/1/010-11115-01_3.jpg"
"1823";"/t/h/th_0101131400.jpg"
"1824";"/t/h/th_0101131500.jpg"
"1825";"/t/h/th_0101131600.jpg"
"1826";"/t/h/th_0101131700.jpg"
"1827";"/t/h/th_0101131800.jpg"
"1828";"/t/h/th_0101142300.jpg"
"1829";"/t/h/th_0101155100.jpg"
"1830";"/t/h/th_010c094800.jpg"
"1831";"/t/h/th_010c094900.jpg"
"1832";"/t/h/th_010c095000.jpg"
"1833";"/t/h/th_010c095100.jpg"
"1834";"/t/h/th_010c095200.jpg"
"1835";"/t/h/th_010c095300.jpg"
"1836";"/t/h/th_010c095400.jpg"
"1837";"/t/h/th_010c095700.jpg"
"1838";"/t/h/th_010c102700.jpg"
"1839";"/t/h/th_010c104200.jpg"
"1840";"/c/n/cndv-1000hd_3.jpg"
"1841";"/t/h/th_cndv100mt.jpg"
"1842";"/c/n/cnsd-110fm_3.jpg"
"1843";"/t/h/th_cnsd150fm.jpg"
"1844";"/c/n/cnsd-200fm_3.jpg"
"1845";"/t/h/th_cnsdopu003.jpg"
"1846";"/t/h/th_cnsdpn20a.jpg"
"1847";"/t/h/th_0101011702.jpg"
"1848";"/t/h/th_0101023101.jpg"
"1849";"/t/h/th_0101031400.jpg"
"1850";"/t/h/th_0101057800.jpg"
"1852";"/0/1/010-10850-20_3.jpg"
"1853";"/t/h/th_0101093601.jpg"
"1854";"/t/h/th_0101098700.jpg"
"1855";"/0/1/010-11143-02_3.jpg"
"1856";"/t/h/th_0101130504.jpg"
"1857";"/t/h/th_0101147804.jpg"
"1861";"/t/h/th_0101008500.jpg"
"1862";"/t/h/th_0101020300.jpg"
"1863";"/t/h/th_0101020600.jpg"
"1864";"/0/1/010-10413-00_3.jpg"
"1866";"/t/h/th_0101056300.jpg"
"1867";"/t/h/th_0101072300.jpg"
"1868";"/t/h/th_0101072306.jpg"
"1871";"/t/h/th_0101074703.jpg"
"1873";"/t/h/th_cm012.jpg"
"1874";"/t/h/th_gn033.jpg"
"1875";"/t/h/th_gn042.jpg"
"1876";"/g/n/gn047_3.jpg"
"1877";"/g/n/gn097usb_3.jpg"
"1878";"/0/1/010-10305-00_3.jpg"
"1879";"/t/h/th_0101035400.jpg"
"1880";"/t/h/th_0101045700.jpg"
"1881";"/t/h/th_0101072303.jpg"
"1882";"/0/1/010-10723-04_3.jpg"
"1883";"/t/h/th_0101072308.jpg"
"1884";"/t/h/th_0101074700.jpg"
"1885";"/t/h/th_0101075200.jpg"
"1886";"/t/h/th_0101082300.jpg"
"1887";"/t/h/th_0101082302.jpg"
"1888";"/t/h/th_0101082303.jpg"
"1889";"/t/h/th_0101088900.jpg"
"1890";"/t/h/th_0101090802.jpg"
"1891";"/t/h/th_0101093100.jpg"
"1895";"/t/h/th_0101128000.jpg"
"1896";"/t/h/th_0101128010.jpg"
"1897";"/t/h/th_0101030900.jpg"
"1898";"/t/h/th_0101034700.jpg"
"1899";"/t/h/th_0101034900.jpg"
"1900";"/t/h/th_0101064400.jpg"
"1901";"/t/h/th_0101072900.jpg"
"1902";"/t/h/th_0101080400.jpg"
"1903";"/t/h/th_0101085110.jpg"
"1904";"/t/h/th_0101099700.jpg"
"1905";"/t/h/th_0101109200.jpg"
"1906";"/0/1/010-11143-07_3.jpg"
"1908";"/0/1/010-11305-12_3.jpg"
"1910";"/t/h/th_dc40.jpg"
"1911";"/t/h/th_gps16xhvs.jpg"
"1955";"/t/h/th_dar0488w.jpg"
"1958";"/t/h/th_dar195bl.jpg"
"1959";"/t/h/th_dar259bl.jpg"
"1960";"/t/h/th_dar259w.jpg"
"1961";"/t/h/th_dar440bl.jpg"
"1962";"/t/h/th_dar440w.jpg"
"1963";"/t/h/th_dcr122bldd.jpg"
"1964";"/t/h/th_dcr122bsldd.jpg"
"1965";"/t/h/th_dcr122wdd.jpg"
"1966";"/t/h/th_dcr88bldd.jpg"
"1967";"/t/h/th_dcr88bsldd.jpg"
"1968";"/t/h/th_dcr88wdd.jpg"
"1969";"/t/h/th_dcr326bsl.jpg"
"2013";"/f/f/ffph25m4lb_3.jpg"
"2082";"/t/h/th_dim1524w.jpg"
"2087";"/f/f/ffbc46f5ls_3.jpg"
"2097";"/t/h/th_dwc1233blsc.jpg"
"2104";"/t/h/th_dwc350blpa.jpg"
"2108";"/t/h/th_dwc620plsc.jpg"
"2119";"/5/3/5305510264_3.jpg"
"2120";"/t/h/th_afcb.jpg"
"2121";"/d/u/duotrimkitw_3_1.jpg"
"2122";"/p/a/paultra_3.jpg"
"2127";"/u/l/ultrawf_3.jpg"
"2128";"/w/f/wf1cb_3.jpg"
"2129";"/w/f/wf2cb_3.png"
"2130";"/w/f/wf3cb_3.jpg"
"2131";"/w/f/wfcb_3.jpg"
"2132";"/t/h/th_im115.jpg"
"2176";"/t/h/th_im501.jpg"
"2199";"/t/h/th_snm610c.jpg"
"2225";"/t/h/th_wlm2107fw.jpg"
"2281";"/t/h/th_sem210c.jpg"
"2349";"/5/3/53055-1050_3.jpg"
"2350";"/8/0/80145410_3.jpg"
"2352";"/9/0/9011939011_3.jpg"
"2353";"/9/0/9011939014_3.jpg"
"2354";"/9/0/901193901s_3.jpg"
"2356";"/9/0/9030419010_3.jpg"
"2357";"/9/0/9030419011_3.jpg"
"2358";"/9/0/903041901s_3.jpg"
"2359";"/9/0/9030469010_3_1.jpg"
"2360";"/9/0/903046901s_3.jpg"
"2367";"/g/r/grlp2_3.jpg"
"2368";"/g/r/grlp3_3.jpg"
"2369";"/u/l/ultgridle_3.jpg"
"2370";"/t/h/th_stl03.jpg"
"2373";"/t/h/th_ttl03.jpg"
"2377";"/t/h/th_wtl03.jpg"
"2378";"/w/t/wtl03-3_3.jpg"
"2380";"/t/h/th_ztl03.jpg"
"2382";"/t/h/th_ztl05.jpg"
"2383";"/t/h/th_ztl053.jpg"
"2386";"/t/h/th_ffgc3015lb.jpg"
"2389";"/t/h/th_ffgc3025lb.jpg"
"2390";"/t/h/th_ffgc3025ls.jpg"
"2391";"/t/h/th_ffgc3025lw.jpg"
"2392";"/t/h/th_ffgc3603lw.jpg"
"2394";"/t/h/th_ffgc3613ls.jpg"
"2396";"/t/h/th_ffgc3625lb.jpg"
"2397";"/t/h/th_ffgc3625ls.jpg"
"2398";"/t/h/th_ffgc3625lw.jpg"
"2401";"/t/h/th_fggc3045ks.jpg"
"2402";"/t/h/th_fggc3045kw.jpg"
"2406";"/t/h/th_fggc3645kb.jpg"
"2411";"/t/h/th_fggc3665kw.jpg"
"2412";"/t/h/th_fpgc3085ks.jpg"
"2413";"/t/h/th_fpgc3685ks.jpg"
"2414";"/t/h/th_ffec2605ls.jpg"
"2415";"/t/h/th_ffec2605lw.jpg"
"2416";"/t/h/th_ffec3005lb.jpg"
"2417";"/t/h/th_ffec3005ls.jpg"
"2418";"/t/h/th_ffec3005lw.jpg"
"2419";"/t/h/th_ffec3024lb.jpg"
"2420";"/t/h/th_ffec3024lw.jpg"
"2421";"/t/h/th_ffec3025lb.jpg"
"2422";"/t/h/th_ffec3025ls.jpg"
"2423";"/t/h/th_ffec3025lw.jpg"
"2424";"/t/h/th_ffec3205ls.jpg"
"2425";"/t/h/th_ffec3205lw.jpg"
"2426";"/t/h/th_ffec3603lw.jpg"
"2427";"/t/h/th_ffec3605lb.jpg"
"2428";"/t/h/th_ffec3605ls.jpg"
"2429";"/t/h/th_ffec3605lw.jpg"
"2431";"/t/h/th_ffec3625ls.jpg"
"2433";"/t/h/th_fgec3045kb.jpg"
"2434";"/t/h/th_fgec3045ks.jpg"
"2435";"/t/h/th_fgec3045kw.jpg"
"2436";"/t/h/th_fgec3067mb.jpg"
"2437";"/t/h/th_fgec3067ms.jpg"
"2438";"/t/h/th_fgec3645kb.jpg"
"2439";"/t/h/th_fgec3645ks.jpg"
"2440";"/t/h/th_fgec3645kw.jpg"
"2441";"/t/h/th_fgec3665kb.jpg"
"2442";"/t/h/th_fgec3665ks.jpg"
"2443";"/t/h/th_fgec3665kw.jpg"
"2444";"/t/h/th_fpec3085ks.jpg"
"2445";"/t/h/th_fpec3685ks.jpg"
"2446";"/t/h/th_fgic3067mb.jpg"
"2447";"/t/h/th_fgic3667mb.jpg"
"2448";"/t/h/th_fpic3095ms.jpg"
"2449";"/t/h/th_fpic3695ms.jpg"
"2537";"/t/h/th_fgds3075kb.jpg"
"2541";"/t/h/th_ffed3005lw.jpg"
"2547";"/t/h/th_fpwd2785kf.jpg"
"2548";"/t/h/th_fpwd3085kf.jpg"
"2556";"/1/5/153604_3.jpg"
"2557";"/1/5/153623_3.jpg"
"2560";"/2/8/283003_3.jpg"
"2562";"/3/3/331h_3.jpg"
"2563";"/3/3/332h_3.jpg"
"2564";"/3/3/335_3.jpg"
"2565";"/3/3/336_3.jpg"
"2566";"/3/7/373001_3.jpg"
"2567";"/3/7/373002_3.jpg"
"2568";"/4/0/402402_3.jpg"
"2569";"/4/0/403001_3.jpg"
"2570";"/4/0/403002_3.jpg"
"2571";"/t/h/th_403004.jpg"
"2572";"/t/h/th_403023.jpg"
"2573";"/4/0/403601_3.jpg"
"2574";"/4/0/404201_3.jpg"
"2575";"/4/1/412101_3.jpg"
"2576";"/4/1/412102_3.jpg"
"2577";"/t/h/th_412401.jpg"
"2578";"/4/1/412402_3.jpg"
"2579";"/t/h/th_412404.jpg"
"2580";"/4/1/412408_3.jpg"
"2581";"/4/1/412423_3.jpg"
"2582";"/t/h/th_413001.jpg"
"2583";"/4/1/413002_3.jpg"
"2584";"/t/h/th_413004.jpg"
"2585";"/4/1/413008_3.jpg"
"2586";"/t/h/th_413023.jpg"
"2587";"/t/h/th_413601.jpg"
"2588";"/4/1/413602_3.jpg"
"2589";"/4/1/413604_3.jpg"
"2590";"/4/1/413623_3.jpg"
"2591";"/4/1/414201_3.jpg"
"2593";"/4/2/422401_3.jpg"
"2594";"/4/2/422402_3.jpg"
"2595";"/4/2/423001_3.jpg"
"2596";"/4/2/423004_3.jpg"
"2599";"/4/2/424204_3.jpg"
"2600";"/4/2/424208_3.jpg"
"2601";"/t/h/th_433004.jpg"
"2602";"/4/3/433011_3.jpg"
"2603";"/t/h/th_433023.jpg"
"2604";"/4/6/462401_3.jpg"
"2605";"/4/6/462404_3.jpg"
"2606";"/4/6/462423_3.jpg"
"2607";"/4/6/463001_3.jpg"
"2609";"/4/6/463002_3.jpg"
"2610";"/4/6/463004_3.jpg"
"2611";"/4/6/463011_3.jpg"
"2612";"/4/6/463023_3.jpg"
"2613";"/4/6/463601_3.jpg"
"2614";"/4/6/463602_3.jpg"
"2615";"/4/6/463604_3.jpg"
"2616";"/4/6/463623_3.jpg"
"2617";"/4/6/464201_3.jpg"
"2618";"/4/6/464202_3.jpg"
"2619";"/t/h/th_464204.jpg"
"2620";"/4/6/464208_3.jpg"
"2621";"/5/2/523001_3.jpg"
"2622";"/5/2/523002_3.jpg"
"2623";"/6/1/613004_3.jpg"
"2627";"/8/8/883004_3.jpg"
"2629";"/8/8/883604_3.jpg"
"2631";"/8/8/883611_3.jpg"
"2632";"/8/8/883623_3.jpg"
"2633";"/8/8/883901_3.jpg"
"2634";"/8/8/883904_3.jpg"
"2635";"/8/8/884204_3.jpg"
"2636";"/8/8/884801_3.jpg"
"2638";"/8/8/884823_3.jpg"
"2639";"/8/8/885bl_3.jpg"
"2640";"/8/9/893001_3.jpg"
"2641";"/8/9/893004_3.jpg"
"2642";"/8/9/893011_3.jpg"
"2643";"/8/9/893023_3.jpg"
"2644";"/8/9/893601_3.jpg"
"2645";"/8/9/893604_3.jpg"
"2646";"/8/9/893623_3.jpg"
"2647";"/8/9/893901_3.jpg"
"2648";"/8/9/893904_3.jpg"
"2649";"/8/9/894204_3.jpg"
"2651";"/8/9/894804_3.jpg"
"2653";"/t/h/th_f402401.jpg"
"2654";"/f/4/f402404_3.jpg"
"2655";"/f/4/f402408_3.jpg"
"2656";"/f/4/f402411_3.jpg"
"2657";"/f/4/f402422_3.jpg"
"2658";"/f/4/f402423_3.jpg"
"2659";"/f/4/f403001_3.jpg"
"2660";"/t/h/th_f403004.jpg"
"2661";"/f/4/f403008_3.jpg"
"2662";"/t/h/th_f403011.jpg"
"2663";"/f/4/f403022_3.jpg"
"2664";"/t/h/th_f403023.jpg"
"2665";"/f/4/f403601_3.jpg"
"2666";"/f/4/f403604_3.jpg"
"2667";"/f/4/f403611_3.jpg"
"2668";"/f/4/f403622_3.jpg"
"2669";"/f/4/f403623_3.jpg"
"2670";"/f/4/f404204_3.jpg"
"2671";"/t/h/th_f404211.jpg"
"2672";"/f/4/f404222_3.jpg"
"2673";"/f/4/f404223_3.jpg"
"2674";"/m/p/mp280_3.jpg"
"2675";"/t/h/th_pm390.jpg"
"2676";"/q/d/qde30bl_3.jpg"
"2677";"/q/d/qde30ss_3.jpg"
"2678";"/q/d/qde30ww_3.jpg"
"2679";"/t/h/th_qp130bl.jpg"
"2680";"/t/h/th_qp130ss.jpg"
"2681";"/t/h/th_qp130ww.jpg"
"2682";"/q/p/qp130wwdp_3.jpg"
"2683";"/q/p/qp136bl_3.jpg"
"2684";"/q/p/qp136ss_3.jpg"
"2685";"/q/p/qp136ww_3.jpg"
"2686";"/q/p/qp142bl_3.jpg"
"2687";"/q/p/qp142ss_3.jpg"
"2688";"/q/p/qp142ww_3.jpg"
"2689";"/q/p/qp230bc_3.jpg"
"2690";"/t/h/th_qp230bl.jpg"
"2691";"/q/p/qp230bldp_3.jpg"
"2692";"/t/h/th_qp230ss.jpg"
"2693";"/q/p/qp230ww_3.jpg"
"2694";"/q/p/qp236bc_3.jpg"
"2695";"/q/p/qp236bl_3.jpg"
"2696";"/q/p/qp236ss_3.jpg"
"2697";"/q/p/qp236ww_3.jpg"
"2698";"/q/p/qp242bc_3.jpg"
"2699";"/q/p/qp242bl_3.jpg"
"2700";"/q/p/qp242ss_3.jpg"
"2701";"/q/p/qp242ww_3.jpg"
"2702";"/t/h/th_qp330bl.jpg"
"2703";"/t/h/th_qp330ss.jpg"
"2704";"/q/p/qp330ssdp_3.jpg"
"2705";"/q/p/qp330ww_3.jpg"
"2706";"/q/p/qp336bl_3.jpg"
"2707";"/q/p/qp336ss_3.jpg"
"2708";"/q/p/qp336ww_3.jpg"
"2709";"/q/p/qp342ss_3.jpg"
"2710";"/q/p/qp430ss_3.jpg"
"2711";"/q/s/qs130bc_3.jpg"
"2712";"/t/h/th_qs130bl.jpg"
"2713";"/t/h/th_qs130ss.jpg"
"2714";"/t/h/th_qs130ww.jpg"
"2715";"/q/s/qs136bc_3.jpg"
"2716";"/q/s/qs136bl_3.jpg"
"2717";"/q/s/qs136ss_3.jpg"
"2718";"/q/s/qs136ww_3.jpg"
"2719";"/q/s/qs142bc_3.jpg"
"2720";"/q/s/qs142bl_3.jpg"
"2721";"/t/h/th_qs142ss.jpg"
"2722";"/q/s/qs142ww_3.jpg"
"2723";"/q/s/qs230aa_3.jpg"
"2724";"/q/s/qs230bc_3.jpg"
"2725";"/q/s/qs230bl_3_1.jpg"
"2726";"/t/h/th_qs230ss.jpg"
"2727";"/t/h/th_qs230ww.jpg"
"2728";"/q/s/qs236bc_3.jpg"
"2729";"/q/s/qs236bl_3.jpg"
"2730";"/q/s/qs236ss_3.jpg"
"2731";"/q/s/qs236ww_3.jpg"
"2732";"/q/s/qs242bc_3.jpg"
"2733";"/q/s/qs242bl_3.jpg"
"2734";"/q/s/qs242ss_3.jpg"
"2735";"/q/s/qs242ww_3.jpg"
"2736";"/q/s/qs330aa_3.jpg"
"2737";"/q/s/qs330bc_3.jpg"
"2738";"/q/s/qs330bl_3.jpg"
"2739";"/t/h/th_qs330ss.jpg"
"2740";"no_selection"
"2741";"/q/s/qs336bl_3.jpg"
"2742";"/q/s/qs336ss_3.jpg"
"2743";"/q/s/qs336ww_3.jpg"
"2744";"/q/s/qs342bc_3.jpg"
"2745";"/q/s/qs342bl_3.jpg"
"2746";"/q/s/qs342ss_3.jpg"
"2748";"/q/t/qt230bc_3.jpg"
"2749";"/q/t/qt230bl_3.jpg"
"2750";"/q/t/qt230ss_3.jpg"
"2751";"/q/t/qt230ww_3.jpg"
"2752";"/q/t/qt236bc_3.jpg"
"2753";"/q/t/qt236bl_3.jpg"
"2754";"/q/t/qt236ss_3.jpg"
"2755";"/q/t/qt242bc_3.jpg"
"2756";"/q/t/qt242bl_3.jpg"
"2757";"/q/t/qt242ss_3.jpg"
"2758";"/q/t/qt242ww_3.jpg"
"2759";"/q/t/qtr080_3.jpg"
"2760";"/q/t/qtr080f_3.jpg"
"2762";"/r/m/rm503001_3.jpg"
"2763";"/t/h/th_rm503004.jpg"
"2764";"/r/m/rm503023_3.jpg"
"2771";"/r/m/rm533604_3.jpg"
"2774";"/r/m/rmdd3004_3.jpg"
"2775";"/r/m/rmdd3004ex_3.jpg"
"2780";"/r/m/rme5030ss_3.jpg"
"2781";"/t/h/th_f30wr01es.jpg"
"2782";"/t/h/th_f30wv16eb.jpg"
"2783";"/t/h/th_f30wv16es.jpg"
"2784";"/t/h/th_f36wc19eb.jpg"
"2785";"/t/h/th_f36wc19es.jpg"
"2786";"/1/1/113023_3.jpg"
"2787";"/a/e/aee60302ss_3.jpg"
"2788";"/a/e/aee60362ss_3.jpg"
"2789";"/a/e/aee60422ss_3.jpg"
"2790";"/a/e/aee60482ss_3.jpg"
"2791";"/a/n/anke60302ss_3.jpg"
"2792";"/a/n/anke60362ss_3.jpg"
"2793";"/a/n/anke60422ss_3.jpg"
"2794";"/a/n/anke60482ss_3.jpg"
"2799";"/e/6/e60e30ss_3.jpg"
"2801";"/e/6/e60e42ss_3.jpg"
"2804";"/e/6/e6430ss_3.jpg"
"2805";"/e/6/e6436ss_3.jpg"
"2806";"/e/6/e6442ss_3.jpg"
"2807";"/e/6/e6448ss_3.jpg"
"2808";"/e/6/e6448tss_3.jpg"
"2809";"/e/6/e64e30ss_3_1.jpg"
"2810";"/e/6/e64e36ss_3.jpg"
"2811";"/e/6/e64e42ss_3_1.jpg"
"2813";"/e/6/e66130bl_3.jpg"
"2814";"/e/6/e66130ss_3_1.jpg"
"2815";"/e/6/e66130wh_3.jpg"
"2816";"/e/6/e66136ss_3.jpg"
"2817";"/e/6/e66142ss_3.jpg"
"2818";"/e/6/e66242ss_3.jpg"
"2819";"/t/h/th_ei5936ss.jpg"
"2820";"/t/h/th_ew5630ss.jpg"
"2821";"/t/h/th_ew5636ss.jpg"
"2822";"/t/h/th_ew5830ss.jpg"
"2823";"/t/h/th_ew5836ss.jpg"
"2824";"/t/h/th_fhpc3660ls.jpg"
"2825";"/t/h/th_fhpc4260ls.jpg"
"2826";"/t/h/th_fhwc3055ls.jpg"
"2827";"/t/h/th_fhwc3060ls.jpg"
"2828";"/t/h/th_fhwc3655ls.jpg"
"2829";"/t/h/th_fhwc3660ls.jpg"
"2830";"/a/p/ap130bl_3.jpg"
"2831";"/a/p/ap130ss_3.jpg"
"2833";"/a/p/ap130ww_3_1.jpg"
"2834";"/a/p/ap136bl_3.jpg"
"2835";"/a/p/ap136ss_3.jpg"
"2836";"/a/p/ap136ww_3.jpg"
"2838";"no_selection"
"2839";"/r/m/rmip33_3.jpg"
"2840";"/r/m/rmip45_3.jpg"
"2841";"/r/m/rml3342_3.jpg"
"2842";"/r/p/rp136ss_3.jpg"
"2843";"/t/h/th_pl30wc41ec.jpg"
"2844";"/t/h/th_pl36dd50ec.jpg"
"2846";"/t/h/th_rh30wc55gs.jpg"
"2855";"/1/0/1006_3.jpg"
"2857";"/1/0/103023_3.jpg"
"2858";"/1/0/103123_3.jpg"
"2859";"/2/7/273001c_3.jpg"
"2860";"/2/7/273002c_3.jpg"
"2861";"/2/7/273023c_3.jpg"
"2862";"/2/7/273601c_3.jpg"
"2863";"/2/7/273602c_3.jpg"
"2864";"/2/7/273623c_3.jpg"
"2865";"/3/3/332kr_3.jpg"
"2867";"/3/5/355ndk_3.jpg"
"2868";"/3/5/356ndk_3.jpg"
"2869";"/3/5/357ndk_3.jpg"
"2870";"/3/7/376ul_3.jpg"
"2871";"/3/8/3808be_3.jpg"
"2872";"/3/9/391_3.jpg"
"2873";"/3/9/392_3_4.jpg"
"2874";"/4/1/410_3.jpg"
"2875";"/4/1/411_3.jpg"
"2876";"/4/1/413_3.jpg"
"2877";"/4/1/414_3.jpg"
"2878";"/4/1/418_3.jpg"
"2879";"/4/1/41f_3.jpg"
"2880";"/4/2/421_3.jpg"
"2881";"/4/2/421bc_3.jpg"
"2882";"/4/2/423_3.jpg"
"2883";"/4/2/424_3.jpg"
"2884";"/4/2/427_3.jpg"
"2885";"/4/2/428_3.jpg"
"2886";"/4/2/429_3.jpg"
"2887";"/4/4/441_3.jpg"
"2888";"/4/5/453_3.jpg"
"2889";"/4/5/454_3.jpg"
"2891";"/4/5/459_3.jpg"
"2892";"/5/7/57w_3.jpg"
"2894";"/6/3/634_3.jpg"
"2895";"/6/3/634m_3.jpg"
"2896";"/6/3/636_3.jpg"
"2899";"/6/3/639_3.jpg"
"2901";"/6/4/643_3.jpg"
"2902";"/6/4/644_3.jpg"
"2905";"/6/4/649_3.jpg"
"2907";"/7/2/72w_3_1.jpg"
"2908";"/8/6/86w_3.jpg"
"2909";"/9/7/97_3.jpg"
"2910";"/9/9/99010299_3.jpg"
"2911";"/b/0/b08999040_3.jpg"
"2912";"/b/p/bp57_3.jpg"
"2913";"/b/p/bp87_3.jpg"
"2914";"/b/p/bppf30_3.jpg"
"2915";"/b/p/bppf36_3.jpg"
"2916";"/b/p/bppf42_3.jpg"
"2917";"/b/p/bpqtf_3.jpg"
"2918";"/b/p/bps1fa36_3.jpg"
"2919";"/b/p/bps3fa30_3.jpg"
"2920";"/b/p/bpsf30_3.jpg"
"2921";"/b/p/bpsf36_3_1.jpg"
"2923";"/c/f/cf365_3.jpg"
"2924";"/c/f/cf367_3.jpg"
"2925";"/c/f/cf377_3.jpg"
"2926";"/c/f/cf382_3.jpg"
"2927";"/c/f/cf383_3.jpg"
"2928";"/c/f/cf385_3.jpg"
"2929";"/c/f/cf386_3.jpg"
"2930";"/c/i/ci390v_3.jpg"
"2931";"/c/i/ci390w_3.jpg"
"2932";"/c/i/ci395rk_3_1.jpg"
"2933";"/c/k/ck355_3.jpg"
"2935";"/e/p/ep300108_3.jpg"
"2936";"/f/i/filtereb40_3.jpg"
"2937";"/g/u/gu10_3.jpg"
"2938";"/h/d/hd80l_3.jpg"
"2939";"/h/l/hlb11_3.jpg"
"2940";"/h/l/hlb3_3.jpg"
"2941";"/h/l/hlb6_3_2.jpg"
"2942";"/h/l/hlb9_3.jpg"
"2945";"/l/3/l300kmg_3.jpg"
"2946";"/l/4/l400_3.jpg"
"2947";"/l/4/l400k_3.jpg"
"2948";"/l/a/laf2_3.jpg"
"2949";"/l/b/lb30_3.jpg"
"2950";"/l/b/lb36_3.jpg"
"2951";"/l/t/lt30_3.jpg"
"2952";"/l/t/lt36_3.jpg"
"2953";"/m/c/mcb2_3.jpg"
"2954";"/m/d/md6t_3.jpg"
"2955";"/m/d/md8t_3.jpg"
"2958";"/n/d/ndk35830bl_3.jpg"
"2959";"/n/d/ndk35830ss_3.jpg"
"2960";"/n/d/ndk35836bl_3_1.jpg"
"2961";"/n/d/ndk35836ss_3.jpg"
"2968";"/p/5/p5_3.jpg"
"2969";"/p/8/p8_3.jpg"
"2970";"/p/a/par20_3.jpg"
"2972";"/p/m/pm250_3.jpg"
"2973";"/p/m/pme300_3.jpg"
"2974";"/q/t/qt236ww_3.jpg"
"2975";"/r/b/rbf6060_3.jpg"
"2976";"/r/b/rbfip33_3.jpg"
"2977";"/r/b/rbfip45_3_1.jpg"
"2978";"/r/f/rfx5004_3.jpg"
"2979";"/r/f/rfx5023_3.jpg"
"2980";"/r/f/rfx5104_3.jpg"
"2983";"/r/f/rfx6104_3.jpg"
"2984";"/r/f/rfx6104ex_3.jpg"
"2986";"/r/f/rfxn5004_3.jpg"
"2987";"/r/f/rfxn5204_3.jpg"
"2988";"/r/k/rk54_3.jpg"
"2989";"/r/k/rke56_3.jpg"
"2991";"/r/m/rm325h_3.jpg"
"2992";"/r/m/rm326h_3.jpg"
"2993";"/r/m/rmddrbk_3.jpg"
"2995";"/r/m/rml3336s_3.jpg"
"2996";"/r/m/rml4548s_3.jpg"
"2997";"/r/m/rml4560s_3.jpg"
"2998";"/r/m/rml7030l_3.jpg"
"2999";"/r/m/rml7030s_3.jpg"
"3000";"/r/m/rml7036l_3.jpg"
"3001";"/r/m/rml7036s_3.jpg"
"3002";"/r/m/rml7048l_3.jpg"
"3003";"/r/m/rml7048s_3.jpg"
"3004";"/r/m/rmn4204_3.jpg"
"3006";"/r/m/rmn6604_3.jpg"
"3007";"/r/m/rmp17004_3.jpg"
"3008";"/r/m/rmp3004_3.jpg"
"3013";"/r/m/rmpe7004_3.jpg"
"3014";"/r/o/roundfilter_3.jpg"
"3015";"/r/r/rrk51_3.jpg"
"3018";"/s/p/sp240108_3.jpg"
"3022";"/s/p/sp3004_3.jpg"
"3028";"/t/4/t460_3.jpg"
"3029";"/t/4/t461_3.jpg"
"3030";"/t/l/tlf3020_3.jpg"
"3031";"/w/a/wa65f_3.jpg"
"3032";"/w/c/wc638_3.jpg"
"3103";"/1/3/137067300_3.jpg"
"3109";"/5/3/530901020_3.jpg"
"3110";"/5/3/530901024_3.jpg"
"3111";"/5/3/530901060_3.jpg"
"3114";"/d/r/drfsb_3.jpg"
"3115";"/p/c/pck2003_3.jpg"
"3116";"/p/c/pck3100_3_1.jpg"
"3117";"/t/h/th_pck4200.jpg"
"3118";"/s/t/stackit2_3.jpg"
"3119";"/t/h/th_stackit2e.jpg"
"3120";"/s/t/stackit3g_3.jpg"
"3121";"/s/t/stackit4x_3.jpg"
"3122";"/t/h/th_cfpwd15a.jpg"
"3124";"/t/h/th_cfpwd15n.jpg"
"3128";"/t/h/th_ddw611wled.jpg"
"3177";"/t/h/th_1001.jpg"
"3178";"/t/h/th_111.jpg"
"3179";"/t/h/th_2600.jpg"
"3180";"/t/h/th_3200.jpg"
"3181";"/t/h/th_3300.jpg"
"3182";"/t/h/th_5000tc.jpg"
"3183";"/t/h/th_8000.jpg"
"3184";"/t/h/th_8000tc.jpg"
"3185";"/t/h/th_9900tc.jpg"
"3186";"/t/h/th_9910.jpg"
"3187";"/t/h/th_9920.jpg"
"3188";"/t/h/th_9930.jpg"
"3189";"/t/h/th_9940.jpg"
"3190";"/t/h/th_9950.jpg"
"3191";"/t/h/th_9980.jpg"
"3192";"/t/h/th_9980tc.jpg"
"3197";"/1/5/15tcbb_3.jpg"
"3198";"/1/5/15tcbl_3.jpg"
"3209";"/1/5/15xewt_3.jpg"
"3210";"/t/h/th_fgbm185kb.jpg"
"3211";"/t/h/th_fgbm185kw.jpg"
"3212";"/t/h/th_fgbm187kb.jpg"
"3213";"/t/h/th_fgbm187kw.jpg"
"3214";"/t/h/th_fgmv173kb.jpg"
"3215";"/t/h/th_fgmv173kq.jpg"
"3216";"/t/h/th_fgmv173kw.jpg"
"3217";"/t/h/th_fgmv174kf.jpg"
"3218";"/t/h/th_fgmv174km.jpg"
"3219";"/t/h/th_fgmv205kb.jpg"
"3220";"/t/h/th_fgmv205kf.jpg"
"3221";"/t/h/th_fgmv205kw.jpg"
"3222";"/t/h/th_fpmv189kf.jpg"
"3223";"/t/h/th_mwv150kb.jpg"
"3224";"/t/h/th_mwv150kw.jpg"
"3225";"/t/h/th_r1405t.jpg"
"3226";"/t/h/th_r1406t.jpg"
"3227";"/t/h/th_r1514t.jpg"
"3228";"/t/h/th_fgbm205kb.jpg"
"3229";"/t/h/th_fgbm205kf.jpg"
"3230";"/t/h/th_fgbm205kw.jpg"
"3231";"/t/h/th_fpbm189kf.jpg"
"3234";"/t/h/th_r1214t.jpg"
"3237";"/t/h/th_ffmv154cls.jpg"
"3243";"/t/h/th_ffmv164ls.jpg"
"3244";"/t/h/th_fgmv153clb.jpg"
"3245";"/t/h/th_fgmv153clw.jpg"
"3249";"/t/h/th_r1874t.jpg"
"3252";"/t/h/th_dmw7700bldb.jpg"
"3253";"/t/h/th_dmw7700wdb.jpg"
"3254";"/t/h/th_ffcm0724lb.jpg"
"3255";"/t/h/th_ffcm0724lw.jpg"
"3256";"/t/h/th_ffcm0734ls.jpg"
"3257";"/t/h/th_ffcm0934lb.jpg"
"3258";"/t/h/th_ffcm0934ls.jpg"
"3259";"/t/h/th_ffcm0934lw.jpg"
"3261";"/t/h/th_dmw111kbldb.jpg"
"3262";"/t/h/th_dmw111kwdb.jpg"
"3263";"/f/f/ffce1439lb_3.jpg"
"3264";"/f/f/ffce1439lw_3.jpg"
"3265";"/t/h/th_ffcm1134lb.jpg"
"3266";"/t/h/th_ffcm1134ls.jpg"
"3267";"/t/h/th_ffcm1134lw.jpg"
"3268";"/t/h/th_nnh765wf.jpg"
"3269";"/t/h/th_nnh965bf.jpg"
"3270";"/t/h/th_r309yk.jpg"
"3271";"/t/h/th_r309yv.jpg"
"3272";"/t/h/th_r323tkc.jpg"
"3273";"/t/h/th_r323twc.jpg"
"3274";"/t/h/th_ffce1638lb.jpg"
"3275";"/t/h/th_ffce1638ls.jpg"
"3276";"/t/h/th_ffce1638lw.jpg"
"3277";"/t/h/th_ffce2238lb.jpg"
"3278";"/t/h/th_ffce2238lw.jpg"
"3279";"/t/h/th_ffce2278ls.jpg"
"3280";"/t/h/th_ffmo1611lw.jpg"
"3281";"/t/h/th_nnh765bf.jpg"
"3282";"/t/h/th_nnh965wf.jpg"
"3283";"/n/n/nnsd681s_3.jpg"
"3285";"/t/h/th_nnsd767s.jpg"
"3286";"/t/h/th_nnsd797s.jpg"
"3288";"/t/h/th_nnsd967s.jpg"
"3289";"/t/h/th_nnsd997s.jpg"
"3292";"/n/n/nnsn651b_3.jpg"
"3293";"/n/n/nnsn651w_3.jpg"
"3294";"/n/n/nnsn661s_3.jpg"
"3295";"/t/h/th_r403tkc.jpg"
"3296";"/t/h/th_r403twc.jpg"
"3297";"/t/h/th_r423tkc.jpg"
"3298";"/t/h/th_r423twc.jpg"
"3299";"/t/h/th_r426ls.jpg"
"3300";"/t/h/th_r530ekt.jpg"
"3301";"/t/h/th_r530est.jpg"
"3302";"/t/h/th_r530ewt.jpg"
"3303";"/t/h/th_ffct1278ls.jpg"
"3304";"/t/h/th_nncd989s.jpg"
"3305";"/t/h/th_r520kst.jpg"
"3306";"/t/h/th_r520lkt.jpg"
"3307";"/t/h/th_r520lwt.jpg"
"3308";"/t/h/th_r820bk.jpg"
"3309";"/t/h/th_r820bw.jpg"
"3310";"/t/h/th_r820js.jpg"
"3311";"/t/h/th_r930ak.jpg"
"3312";"/t/h/th_r930aw.jpg"
"3313";"/t/h/th_r930cs.jpg"
"3329";"/t/h/th_fgmo205kb.jpg"
"3330";"/t/h/th_fgmo205kf.jpg"
"3331";"/t/h/th_fgmo205kw.jpg"
"3332";"/t/h/th_fpmo209kf.jpg"
"3333";"/t/h/th_ax1100r.jpg"
"3334";"/t/h/th_ax1100s.jpg"
"3338";"/m/w/mwfilktbk_3.jpg"
"3339";"/m/w/mwfilktss_3.jpg"
"3340";"/m/w/mwfilktwh_3.jpg"
"3341";"/m/w/mwtk27kb_3.jpg"
"3342";"/m/w/mwtk27kf_3.jpg"
"3343";"/m/w/mwtk27kw_3.jpg"
"3344";"/m/w/mwtk30kb_3.jpg"
"3345";"/m/w/mwtk30kf_3.jpg"
"3346";"/m/w/mwtk30kw_3.jpg"
"3347";"/m/w/mwtkp27kf_3.jpg"
"3348";"/m/w/mwtkp30kf_3.jpg"
"3349";"/m/w/mwtrmkt27q_3.jpg"
"3350";"/m/w/mwtrmkt27s_3.jpg"
"3351";"/m/w/mwtrmkt30b_3.jpg"
"3353";"/m/w/mwtrmkt30s_3.jpg"
"3356";"/n/n/nntk903s_3_1.jpg"
"3357";"/t/h/th_nntk913s.jpg"
"3358";"/t/h/th_nntk929s.jpg"
"3360";"/t/k/tk729sa_3.jpg"
"3361";"/t/k/tk739sa_3.jpg"
"3362";"/t/k/tk929sa_3.jpg"
"3363";"/t/k/tk939sa_3.jpg"
"3364";"/r/k/rk220_3.jpg"
"3365";"/r/k/rk240_3.jpg"
"3366";"/r/k/rk250_3.jpg"
"3369";"/r/k/rk44s24_3.jpg"
"3370";"/r/k/rk46k24_3.jpg"
"3371";"/r/k/rk46s24_3.jpg"
"3372";"/r/k/rk46w24_3.jpg"
"3373";"/r/k/rk51_3.jpg"
"3374";"/r/k/rk51k30_3.jpg"
"3375";"/r/k/rk51s27_3.jpg"
"3376";"/r/k/rk51s30_3.jpg"
"3377";"/r/k/rk51w_3_1.jpg"
"3378";"/r/k/rk51w30_3.jpg"
"3379";"/r/k/rk66a_3.jpg"
"3380";"/r/k/rk82k_3.jpg"
"3381";"/r/k/rk93s27_3_1.jpg"
"3382";"/r/k/rk93s30_3_1.jpg"
"3383";"/r/k/rkotc120_3.jpg"
"3384";"/t/h/th_sdrd250.jpg"
"3385";"/t/h/th_sdyd250.jpg"
"3386";"/a/v/avd40kn_3.jpg"
"3387";"/t/h/th_avd40n.jpg"
"3388";"/a/v/avd50n_3.jpg"
"3389";"/a/v/avdcpn_3.jpg"
"3390";"/a/v/avdmfpnh_3.jpg"
"3392";"/a/v/avdorpn_3.jpg"
"3393";"/n/i/nie300tr_3.jpg"
"3394";"/t/h/th_nil70sr.jpg"
"3395";"/t/h/th_nis300tr.jpg"
"3396";"/t/h/th_niw450ts.jpg"
"3397";"/t/h/th_niw750ts.jpg"
"3398";"/t/h/th_niwl600.jpg"
"3399";"/t/h/th_nceh22pc.jpg"
"3400";"/t/h/th_nceh30pc.jpg"
"3401";"/t/h/th_nceh40pc.jpg"
"3402";"/t/h/th_mkg20nrw.jpg"
"3403";"/t/h/th_sr3nas.jpg"
"3404";"/t/h/th_sr42fz.jpg"
"3405";"/t/h/th_sr42hp.jpg"
"3406";"/t/h/th_srde103.jpg"
"3407";"/t/h/th_srdg182.jpg"
"3408";"/t/h/th_srg06fg.jpg"
"3409";"/t/h/th_srg10g.jpg"
"3410";"/t/h/th_srg18fg.jpg"
"3411";"/t/h/th_srga721.jpg"
"3412";"/t/h/th_srms183.jpg"
"3413";"/t/h/th_srteg10.jpg"
"3414";"/t/h/th_srteg18.jpg"
"3415";"/t/h/th_mcug471.jpg"
"3416";"/t/h/th_mcul810.jpg"
"3417";"/t/h/th_mcul815.jpg"
"3418";"/t/h/th_mcul915.jpg"
"3419";"/t/h/th_mcv5210.jpg"
"3420";"/t/h/th_mcv5504.jpg"
"3421";"/t/h/th_mccg301.jpg"
"3422";"/t/h/th_mccg901.jpg"
"3423";"/t/h/th_mccg902.jpg"
"3424";"/t/h/th_mccl485.jpg"
"3426";"/t/h/th_mc115pt.jpg"
"3427";"/t/h/th_mc150pf.jpg"
"3428";"/t/h/th_mcv145m.jpg"
"3429";"/m/c/mcv150m_3.jpg"
"3430";"/m/c/mcv193h_3.jpg"
"3431";"/m/c/mcv196h_3.jpg"
"3439";"/t/h/th_ddr5009ree.jpg"
"3440";"/t/h/th_ddr6009ree.jpg"
"3441";"/t/h/th_ddr7009ree.jpg"
"3442";"/t/h/th_dd45.jpg"
"3443";"/t/h/th_dd45p.jpg"
"3444";"/t/h/th_dd50p.jpg"
"3445";"/t/h/th_ddse30.jpg"
"3446";"/t/h/th_ddse40.jpg"
"3447";"/t/h/th_1115.jpg"
"3448";"/t/h/th_1128.jpg"
"3449";"/t/h/th_170.jpg"
"3450";"/t/h/th_174.jpg"
"3451";"/t/h/th_dch1030.jpg"
"3452";"/t/h/th_dch2590er.jpg"
"3453";"/t/h/th_dch4590er.jpg"
"3454";"/t/h/th_dch5090er.jpg"
"3455";"/d/f/dfh132_3.jpg"
"3456";"/t/h/th_duh500.jpg"
"3457";"/t/h/th_ew6507w.jpg"
"3458";"/t/h/th_ew7507eb.jpg"
"3459";"/t/h/th_ew7707cb.jpg"
"3460";"/t/h/th_ew7707cm.jpg"
"3461";"/h/m/hmp1500_3.png"
"3462";"/t/h/th_hvy1030.jpg"
"3463";"/t/h/th_hvy1030bl.jpg"
"3464";"/t/h/th_hvy1030or.jpg"
"3465";"/t/h/th_mg7307cm.jpg"
"3466";"/t/h/th_tch7090er.jpg"
"3467";"/t/h/th_tch7590eb.jpg"
"3468";"/t/h/th_tch7690er.jpg"
"3469";"/t/h/th_trd0715t.jpg"
"3470";"/t/h/th_trh0715.jpg"
"3471";"/t/h/th_trh0715sh.jpg"
"3472";"/t/h/th_trn0812t.jpg"
"3473";"/t/h/th_trv0715t.jpg"
"3474";"/t/r/trv0715tb_3.jpg"
"3475";"/t/h/th_100.jpg"
"3476";"/t/h/th_5129.jpg"
"3477";"/5/3/5307_3_3.jpg"
"3478";"/t/h/th_5309.jpg"
"3479";"/5/3/5365_3_3.jpg"
"3480";"/t/h/th_5395.jpg"
"3481";"/5/4/5429_3_3.jpg"
"3482";"/t/h/th_5511.jpg"
"3483";"/t/h/th_5570.jpg"
"3484";"/t/h/th_5620.jpg"
"3485";"/t/h/th_5624.jpg"
"3486";"/t/h/th_5775.jpg"
"3487";"/t/h/th_5812.jpg"
"3488";"/t/h/th_6221.jpg"
"3489";"/t/h/th_6356.jpg"
"3490";"/t/h/th_6405.jpg"
"3491";"/6/4/6435_3_3.jpg"
"3492";"/6/4/6462_3_3.jpg"
"3493";"/6/7/675919_3_3.jpg"
"3494";"/7/5/751320_3_3.jpg"
"3495";"/7/5/754200_3_3.jpg"
"3496";"/7/5/755320_3_3.jpg"
"3497";"/7/5/758000_3_3.jpg"
"3498";"/7/6/760000_3_3.jpg"
"3499";"/t/h/th_1646.jpg"
"3500";"/t/h/th_1820.jpg"
"3501";"/t/h/th_1825.jpg"
"3502";"/t/h/th_1843.jpg"
"3503";"/1/8/1850_3_3.jpg"
"3504";"/t/h/th_2002w.jpg"
"3505";"/t/h/th_2137.jpg"
"3506";"/2/1/2155a_3_3.jpg"
"3507";"/2/5/2510_3_3.jpg"
"3508";"/t/h/th_2511.jpg"
"3509";"/t/h/th_2520.jpg"
"3510";"/2/5/2521_3_3.jpg"
"3511";"/2/5/2535_3_3.jpg"
"3512";"/2/5/2554_3_3.jpg"
"3513";"/3/0/3016_3_3.jpg"
"3514";"/t/h/th_3135.jpg"
"3515";"/t/h/th_3515.jpg"
"3516";"/t/h/th_3520.jpg"
"3517";"/t/h/th_3540.jpg"
"3518";"/t/h/th_3542.jpg"
"3519";"/3/6/3635_3.jpg"
"3520";"/3/6/3637_3.jpg"
"3521";"/t/h/th_3720.jpg"
"3522";"/t/h/th_3733.jpg"
"3523";"/t/h/th_3755.jpg"
"3524";"/4/0/4000_3_3.jpg"
"3525";"/t/h/th_4305.jpg"
"3526";"/4/4/4443_3.jpg"
"3527";"/t/h/th_4820.jpg"
"3528";"/t/h/th_4890.jpg"
"3529";"/4/9/4910_3_3.jpg"
"3530";"/t/h/th_4916.jpg"
"3531";"/4/9/4917_3.jpg"
"3532";"/4/9/4924_3_3.jpg"
"3533";"/6/5/655650_3.jpg"
"3534";"/6/5/655702_3_3.jpg"
"3535";"/7/0/7050_3.jpg"
"3536";"/t/h/th_13001.jpg"
"3537";"/t/h/th_18001.jpg"
"3539";"/t/h/th_ah780ul.jpg"
"3540";"/t/h/th_h510uch.jpg"
"3541";"/t/h/th_mp2012gblk_1.jpg"
"3542";"/t/h/th_mp6012g_2.jpg"
"3543";"/t/h/th_mp6202g_2.jpg"
"3544";"/t/h/th_mp6204gblk_2.jpg"
"3545";"/t/h/th_mp6204gblu_2.jpg"
"3546";"/t/h/th_mp6204gred_2.jpg"
"3547";"/t/h/th_mp7074gblk_2.jpg"
"3548";"/t/h/th_mp7074gblu_2.jpg"
"3549";"/t/h/th_mp7074gred_2.jpg"
"3550";"/t/h/th_mp7684g_2.jpg"
"3556";"/t/h/th_mp8284g_2.jpg"
"3558";"/t/h/th_mp8378g_1.jpg"
"3559";"/t/h/th_cy0096cpmol_1.jpg"
"3560";"/t/h/th_cy0097cpmol_1.jpg"
"3561";"/t/h/th_cy0098cpmol_1.jpg"
"3562";"/t/h/th_cy0140cijum_1.jpg"
"3563";"/t/h/th_cy0157cijel_1.jpg"
"3564";"/t/h/th_cy0158cijel_1.jpg"
"3565";"/t/h/th_cy0159cijel_1.jpg"
"3566";"/t/h/th_cy0160cijel_1.jpg"
"3567";"/t/h/th_aipfmch250123892_1.jpg"
"3568";"/t/h/th_ai1000cchgrv2129381_1.jpg"
"3569";"/t/h/th_ai1000fmchv2129392_1.jpg"
"3570";"/t/h/th_ai800fmch129363_1.jpg"
"3571";"/t/h/th_ai800mini3129338_1.jpg"
"3572";"/t/h/th_tf3dvd7019_2.jpg"
"3573";"/t/h/th_tfdvd1029_2.jpg"
"3574";"/t/h/th_tfdvd7009_2.jpg"
"3575";"/t/h/th_tfdvd7011_2.jpg"
"3576";"/t/h/th_tfdvd7389a_2.jpg"
"3577";"/t/h/th_tfdvd7752_2.jpg"
"3578";"/t/h/th_tfdvd9109_2.jpg"
"3579";"/t/h/th_tfdvd9952_1.jpg"
"3580";"/t/h/th_bt780b_1.jpg"
"3581";"/t/h/th_td730b_1.jpg"
"3582";"/t/h/th_td930bu_1.jpg"
"3583";"/t/h/th_csmp105cha_1.jpg"
"3584";"/t/h/th_cxcd109blk_1.jpg"
"3585";"/t/h/th_cxcd109blu_1.jpg"
"3586";"/t/h/th_cxcd109svr_1.jpg"
"3587";"/t/h/th_csmp142_1.jpg"
"3588";"/t/h/th_cxcd230blk_1.jpg"
"3589";"/t/h/th_cxcd241red_1.jpg"
"3590";"/t/h/th_cxcd248_1.jpg"
"3591";"/t/h/th_cdra147_1.jpg"
"3593";"/t/h/th_cra79_1.jpg"
"3594";"/t/h/th_ca745_1.jpg"
"3595";"/t/h/th_atr2500usb_1.jpg"
"3596";"/t/h/th_atr6550_1.jpg"
"3597";"/t/h/th_atw251gt2_1.jpg"
"3598";"/t/h/th_atw251gt3_1.jpg"
"3599";"/t/h/th_atw251gt8_1.jpg"
"3600";"/t/h/th_atw251ht2_1.jpg"
"3601";"/t/h/th_atw251ht3_1.jpg"
"3602";"/t/h/th_atw251ht8_1.jpg"
"3603";"/t/h/th_atw252t2_1.jpg"
"3604";"/t/h/th_atw252t3_1.jpg"
"3605";"/t/h/th_atw252t8_1.jpg"
"3606";"/t/h/th_pro24cm_1.jpg"
"3607";"/t/h/th_athckp300bk_2.jpg"
"3608";"/r/p/rp_hje350a_3.jpg"
"3609";"/r/p/rp_hje350s_3.jpg"
"3610";"/r/p/rp_hv21a_3.jpg"
"3611";"/r/p/rp_hv21g_3.jpg"
"3612";"/r/p/rp_hv21k_3.jpg"
"3613";"/r/p/rp_hv21p_3.jpg"
"3614";"/r/p/rp_hv21w_3.jpg"
"3615";"/a/t/ath_cp300bk_3.jpg"
"3616";"/r/p/rp_ht21_3.jpg"
"3617";"/a/t/ath_a700_3.jpg"
"3618";"/a/t/ath_w5000_3.jpg"
"3619";"/a/t/ath_anc7b_3.jpg"
"3620";"/a/t/ath_bt03brd_3.jpg"
"3621";"/a/t/ath_pro700mk2_3.jpg"
"3622";"/a/o/ao1000_3_3.jpg"
"3623";"/a/o/ao3000_3_3.jpg"
"3624";"/a/o/ao5000_3_3.jpg"
"3625";"/a/o/aombl175b_3_3.jpg"
"3626";"/a/o/aombl175w_3_3.jpg"
"3627";"/a/o/aombl250b_3_3.jpg"
"3631";"/a/r/arc-743-1ngr_3_3.jpg"
"3632";"/a/r/arc-747-1ng_3_3.jpg"
"3633";"/a/r/arc-914s_3_3.jpg"
"3634";"/a/r/arc-930sb_3_3.jpg"
"3639";"/b/c/bc200dc_3_3.jpg"
"3640";"/b/c/bc58000_3_3.jpg"
"3641";"/b/c/bc58001_3_3.jpg"
"3642";"/b/c/bc58003_3_3.jpg"
"3643";"/b/c/bc58004_3_3.jpg"
"3644";"/b/c/bc58005_3_3.jpg"
"3645";"/b/c/bc580056_3_3.jpg"
"3646";"/b/c/bc58007_3_3.jpg"
"3647";"/b/c/bc58008_3_3.jpg"
"3648";"/b/c/bc58009_3_3.jpg"
"3649";"/a/s/as75_3_3.jpg"
"3650";"/b/l/bl2010wp_3_3.jpg"
"3651";"/b/l/blc10650hb_3_3.jpg"
"3652";"/b/l/blc12650h_3_3.jpg"
"3653";"/b/l/blc12650hb_3_3.jpg"
"3654";"/c/b/cbg100s_3_3.jpg"
"3655";"/c/j/cj625_3_3.jpg"
"3656";"/c/o/co1200_3_3.jpg"
"3657";"/c/o/co1200b_3_3.jpg"
"3658";"/c/o/co95_3_3.jpg"
"3659";"/c/t/cto4300w_3_3.jpg"
"3660";"/c/t/cto4500s_3_3.jpg"
"3661";"/c/t/cto6120b_3_3.jpg"
"3662";"/c/t/cto6301_3_3.jpg"
"3663";"/d/c/dcm100b_3_3.jpg"
"3664";"/d/c/dcm18s_3_3.jpg"
"3665";"/d/c/dcm2000b_3_3.jpg"
"3666";"/d/c/dcm2160b_3_3.jpg"
"3667";"/d/c/dcm600b_3_3.jpg"
"3668";"/d/l/dlx1050b_3_3.jpg"
"3669";"/d/l/dlx1050w_3_3.jpg"
"3670";"/e/h/ehc650b_3_3.jpg"
"3671";"/e/k/ek700_3_3.jpg"
"3672";"/f/1/f1000_3_3.jpg"
"3673";"/f/1/f1055_3_3.jpg"
"3674";"/f/2/f210_3_3.jpg"
"3675";"/f/6/f67e_3_3.jpg"
"3676";"/f/9/f975_3_3.jpg"
"3677";"/f/p/fp2500_3_3.jpg"
"3678";"/f/p/fp2500b_3_3.jpg"
"3679";"/g/4/g48td_3_3.jpg"
"3680";"/h/c/hc306_3_3.jpg"
"3681";"/h/s/hs1050_3_3.jpg"
"3682";"/i/c/icr505_3_3.jpg"
"3683";"/i/c/icr517_3_3.jpg"
"3684";"/j/k/jkc650_3_3.jpg"
"3685";"/m/x/mx300_3_3.jpg"
"3686";"/r/c/rc3303_3_3.jpg"
"3687";"/r/c/rc3406_3_3.jpg"
"3688";"/r/c/rc436_3_3.jpg"
"3689";"/t/2/t2030_3_3.jpg"
"3690";"/t/2/t2569b_3_3.jpg"
"3691";"/t/2/t2707s_3_3.jpg"
"3692";"/t/4/t4030_3_3.jpg"
"3693";"/t/4/t4569b_3_3.jpg"
"3695";"/t/r/tr1200sb_3_3.jpg"
"3696";"/t/r/tr1400sb_3_3.jpg"
"3697";"/t/r/tro420_3_3.jpg"
"3698";"/t/r/tro480bs_3_3.jpg"
"3699";"/t/r/tro490w_3_3.jpg"
"3700";"/t/r/tro700b_3_3.jpg"
"3701";"/t/r/tros1500_3_3.jpg"
"3702";"/t/r/tros1500b_3_3.jpg"
"3703";"/w/m/wmb500_3_3.jpg"
"3704";"/t/r/tr2500bc_3_3.jpg"
"3705";"/t/r/tr520_3_3.jpg"
"3715";"/4/2/42683_3_3.jpg"
"3716";"/6/1/6100_3_3.jpg"
"3717";"/6/1/6101_3_3.jpg"
"3718";"/a/-/a-10_3_3.jpg"
"3721";"/b/c/bcf100-b_3_3.jpg"
"3722";"/b/c/bcf250_3_3.jpg"
"3723";"/b/t/bt_3_3.jpg"
"3724";"/b/t/btd_3_3.jpg"
"3725";"/b/x/bxb_3_3.jpg"
"3726";"/b/x/bxbd_3_3.jpg"
"3727";"/b/x/bxw_3_3.jpg"
"3728";"/b/x/bxwd_3_3.jpg"
"3730";"/g/1/g1hd_3_3.jpg"
"3732";"/g/r/grb_3_3.jpg"
"3733";"/g/r/grbd_3_3.jpg"
"3734";"/g/r/grw_3_3.jpg"
"3735";"/g/r/grwd_3_3.jpg"
"3736";"/h/g/hg_3_3.jpg"
"3737";"/h/g/hgd_3_3.jpg"
"3738";"/h/t/ht_3_3.jpg"
"3739";"/h/t/htd_3_3.jpg"
"3741";"/l/p/lpg2e_3_3.jpg"
"3742";"/m/c/mc_3_3.jpg"
"3743";"/m/c/mca_3_3.jpg"
"3744";"/m/c/mcp_3_3.jpg"
"3745";"/m/c/mcpc_3_3.jpg"
"3746";"/a/u/autopod_3_3.jpg"
"3747";"/n/c/ncd_3_3.jpg"
"3748";"/n/h/nhbb_3_3.jpg"
"3749";"/n/h/nhbbd_3_3.jpg"
"3750";"/n/h/nhbw_3_3.jpg"
"3751";"/s/t/st_3_3.jpg"
"3752";"/t/b/tb3q_3_3.jpg"
"3753";"/t/d/tdo-4_3_3.jpg"
"3754";"/u/l/ultra-1_3_3.jpg"
"3755";"/v/l/vlpf_3_3.jpg"
"3768";"/v/p/vps_3_3.jpg"
"3769";"/1/7/17500_3_3.jpg"
"3770";"/1/7/17505_3_3.jpg"
"3771";"/1/7/17510_3_3.jpg"
"3772";"/1/7/17515_3_3.jpg"
"3773";"/1/7/17520_3_3.jpg"
"3774";"/1/7/17525_3_3.jpg"
"3775";"/1/7/17530_3_3.jpg"
"3776";"/1/7/17535_3_3.jpg"
"3777";"/1/7/17590_3_3.jpg"
"3778";"/1/7/175906_3_3.jpg"
"3779";"/1/7/17603_3_3.jpg"
"3780";"/1/7/17606_3_3.jpg"
"3781";"/1/7/17612_3_3.jpg"
"3782";"/1/7/17618_3_3.jpg"
"3783";"/1/7/17621_3_3.jpg"
"3784";"/0/7/070rachnw_3_3.jpg"
"3785";"/w/c/wci215_3_3.jpg"
"3786";"/p/g/pgr69cfx_3_3.jpg"
"3787";"/p/g/pgr85cfx_3_3.jpg"
"3788";"/p/g/pgr88cfx_3_3.jpg"
"3789";"/p/g/pgr89cfx_3_3.jpg"
"3790";"/p/g/pgr96cfx_3_3.jpg"
"3791";"/p/g/pgrrb10p_3_3.jpg"
"3792";"/p/g/pgrrb15p_3_3.jpg"
"3793";"/p/g/pgrrb30p_3_3.jpg"
"3794";"/p/g/pgrrb40p_3_3.jpg"
"3795";"/c/p/cpg44_3_3.jpg"
"3796";"/c/p/cpg50_3_3.jpg"
"3797";"/c/p/cpg60_3_3.jpg"
"3798";"/c/p/cpg70_3_3.jpg"
"3799";"/c/p/cpl_3_3.jpg"
"3800";"/c/p/cppw_3_3.jpg"
"3801";"/p/g/pgrd075_3_3.jpg"
"3802";"/p/g/pgrd240_3_3.jpg"
"3803";"/p/g/pgrd420_3_3.jpg"
"3804";"/p/g/pgrd44_3_3.jpg"
"3805";"/p/g/pgrdpwr_3_3.jpg"
"3811";"/7/6/7600_3_3.jpg"
"3812";"/8/2/8230_3_3.jpg"
"3813";"/b/d/bd10050red_3_3.jpg"
"3814";"/b/d/bd10100_3_3.jpg"
"3815";"/b/d/bd10165_3_3.jpg"
"3816";"/b/d/bd20045_3_3.jpg"
"3817";"/m/0/m0100_3_3.jpg"
"3818";"/m/0/m083410red_3_3.jpg"
"3819";"/m/0/m085590_3_3.jpg"
"3820";"/m/0/m088160red_3_3.jpg"
"3821";"/p/d/pd20000_3_3.jpg"
"3822";"/s/d/sd40010_3_3.jpg"
"3823";"/u/d/ud40275_3_3.jpg"
"3824";"/e/p/ep1026_3_3.jpg"
"3825";"/e/r/er011708_3_3.jpg"
"3826";"/e/g/eg011724_3_3.jpg"
"3827";"/b/l/bl125d004_3_3.jpg"
"3828";"/c/b/cb6530003_3_3.jpg"
"3829";"/f/r/fr7009001_3_3.jpg"
"3830";"/f/r/fr702d001_3_3.jpg"
"3831";"/o/w/ow5005001_3_3.jpg"
"3832";"/s/d/sd5000001_3_3.jpg"
"3833";"/t/g/tg8000002_3_3.jpg"
"3834";"/e/c/ec011104_3_3.jpg"
"3835";"/e/z/ez011106_3_3.jpg"
"3836";"/f/c/fcp240_3_3.jpg"
"3837";"/f/c/fcp280_3_3.jpg"
"3838";"/f/c/fcp412_3_3.jpg"
"3839";"/f/b/fb-1000_3_3.jpg"
"3840";"/5/0/50024_3_3.jpg"
"3841";"/5/0/50025_3_3.jpg"
"3842";"/f/s/fsfsbf0116-000_3_3.jpg"
"3843";"/f/s/fsfsbf0216-000_3_3.jpg"
"3844";"/f/s/fsfsbf0316-000_3_3.jpg"
"3845";"/f/s/fsfsbf0516-000_3_3.jpg"
"3846";"/f/s/fsfsbf0526-000_3_3.jpg"
"3847";"/f/s/fsfsbf0534-000_3_3.jpg"
"3848";"/f/s/fsfsbf0616-000_3_3.jpg"
"3849";"/f/s/fsfsbf0626-000_3_3.jpg"
"3850";"/f/s/fsfsbf0634-000_3_3.jpg"
"3851";"/f/s/fsfssl2244_3_3.jpg"
"3852";"/f/s/fsfssl3040-000_3_3.jpg"
"3853";"/v/3/v3440_3_3.jpg"
"3854";"/f/a/falm-gb_3_3.jpg"
"3855";"/f/a/faln-s10_3_3.jpg"
"3856";"/f/n/fnsh-p_3_3.jpg"
"3857";"/g/f/gfsp3_3_3.jpg"
"3858";"/g/g/ggr50b_3_3.jpg"
"3859";"/g/r/gr0030p_3_3.jpg"
"3861";"/g/r/gr0060w_3_3.jpg"
"3862";"/g/r/gr100v_3_3.jpg"
"3863";"/g/r/gr10b_3_3.jpg"
"3864";"/g/r/gr10wsp_3_3.jpg"
"3865";"/g/r/gr144_3_3.jpg"
"3866";"/g/r/gr36p_3_3.jpg"
"3867";"/g/r/grp4_3_3.jpg"
"3868";"/g/r/grp72ctts_3_3.jpg"
"3869";"/g/r/grp99_3_3.jpg"
"3870";"/g/r/grv80_3_3.jpg"
"3871";"/g/b/gb-1000_3_3.jpg"
"3872";"/0/4/04531gm_3_3.jpg"
"3873";"/1/1/11550_3_3.jpg"
"3874";"/1/4/14977z_3_3.jpg"
"3875";"/2/2/22408_3_3.jpg"
"3876";"/2/2/22708_3_3.jpg"
"3877";"/2/4/24600_3_3.jpg"
"3878";"/2/5/25331_3_3.jpg"
"3879";"/2/5/25332_3_3.jpg"
"3880";"/2/9/29881_3_3.jpg"
"3881";"/3/1/31136_3_3.jpg"
"3882";"/3/1/31409_3_3.jpg"
"3883";"/3/1/31508_3_3.jpg"
"3884";"/3/3/33162rz_3_3.jpg"
"3885";"/3/3/33181_3_3.jpg"
"3886";"/4/0/40870_3_3.jpg"
"3887";"/4/5/45237r_3_3.jpg"
"3888";"/4/8/48465_3_3.jpg"
"3889";"/4/9/49970_3_3.jpg"
"3890";"/4/9/49990_3_3.jpg"
"3891";"/5/0/50242n_3_3.jpg"
"3892";"/5/1/51101_3_3.jpg"
"3893";"/5/2/52282wv_3_3.jpg"
"3894";"/5/9/59765_3_3.jpg"
"3895";"/5/9/59785r_3_3.jpg"
"3896";"/6/3/63220_3_3.jpg"
"3897";"/6/3/63221_3_3.jpg"
"3898";"/6/3/63227_3_3.jpg"
"3899";"/6/3/63232_3_3.jpg"
"3900";"/6/4/64650_3_3.jpg"
"3901";"/6/7/67800_3_3.jpg"
"3902";"/6/8/68321_3_3.jpg"
"3903";"/7/0/70450_3_3.jpg"
"3904";"/7/2/72705_3_3.jpg"
"3905";"/7/3/73300_3_3.jpg"
"3906";"/7/6/76606z_3_3.jpg"
"3907";"/0/7/077-3075_3_3.jpg"
"3908";"/4/0/4010001a_3_3.jpg"
"3909";"/4/0/4010100a_3_3.jpg"
"3910";"/4/0/4010100y_3_3.jpg"
"3911";"/4/0/4010100z_3_3.jpg"
"3912";"/4/0/40110001_3_3.jpg"
"3913";"/4/0/40140201_3_3.jpg"
"3914";"/a/h/ah30100_3_3.jpg"
"3915";"/a/h/ah30130_3_3.jpg"
"3916";"/a/h/ah30160_3_3.jpg"
"3917";"/a/h/ah30165_3_3.jpg"
"3918";"/a/h/ah30185_3_3.jpg"
"3919";"/a/h/ah30210_3_3.jpg"
"3920";"/b/h/bh20090_3_3.jpg"
"3921";"/f/5/f5810-900_3_3.jpg"
"3922";"/f/5/f5914-900_3_3.jpg"
"3923";"/f/7/f7412-900_3_3.jpg"
"3924";"/f/7/f7452-900_3_3.jpg"
"3925";"/f/h/fh10025_3_3.jpg"
"3926";"/f/h/fh40010b_3_3.jpg"
"3928";"/f/h/fh50240_3_3.jpg"
"3929";"/l/2/l2310_3_3.jpg"
"3930";"/a/h/ah10000_3_3.jpg"
"3931";"/a/h/ah10005_3_3.jpg"
"3932";"/a/h/ah30030_3_3.jpg"
"3933";"/a/h/ah30035_3_3.jpg"
"3934";"/f/8/f8100-900_3_3.jpg"
"3935";"/s/1/s1120_3_3.jpg"
"3936";"/s/2/s2200_3_3.jpg"
"3937";"/s/2/s2220_3_3.jpg"
"3938";"/s/3/s3755_3_3.jpg"
"3939";"/s/h/sh40060_3_3.jpg"
"3940";"/u/5/u5140-900_3_3.jpg"
"3941";"/u/5/u5491-900_3_3.jpg"
"3942";"/u/6/u6485-900_3_3.jpg"
"3943";"/u/h/uh20040_3_3.jpg"
"3944";"/u/h/uh30300_3_3.jpg"
"3945";"/u/h/uh30600_3_3.jpg"
"3946";"/u/h/uh60010_3_3.jpg"
"3947";"/u/h/uh70085_3_3.jpg"
"3948";"/u/h/uh70105_3_3.jpg"
"3949";"/u/h/uh70120_3_3.jpg"
"3950";"/u/h/uh70210_3_3.jpg"
"3951";"/u/h/uh70400_3_3.jpg"
"3952";"/u/h/uh70600_3_3.jpg"
"3953";"/w/h/wh20100_3_3.jpg"
"3954";"/w/h/wh20200_3_3.jpg"
"3955";"/w/h/wh20300_3_3.jpg"
"3956";"/9/0/90ip1rcmb1_3_3.jpg"
"3957";"/9/0/90ip1rcmb2_3_3.jpg"
"3958";"/9/0/90ip01ta01_3_3.jpg"
"3959";"/2/1/2138_3_3.jpg"
"3960";"/2/5/2551_3_3.jpg"
"3961";"/4/0/4006_3_3.jpg"
"3962";"/5/5/5572_3_3.jpg"
"3963";"/6/4/6410_3_3.jpg"
"3965";"/m/f/mf-2001_3_3.jpg"
"3966";"/m/p/mp1000_3_3.jpg"
"3967";"/9/1/91m3rbxst2_3_3.jpg"
"3968";"/9/2/92116_3_3.jpg"
"3969";"/9/2/92122_3_3.jpg"
"3970";"/9/2/92140a_3_3.jpg"
"3971";"/9/2/92160a_3_3.jpg"
"3972";"/9/2/92180_3_3.jpg"
"3973";"/a/7/a796sa64_3_3.jpg"
"3974";"/a/7/a7978264_3_3.jpg"
"3975";"/a/7/a797sa64_3_3.jpg"
"3983";"/f/t/ftx43_3_3.jpg"
"3988";"/t/m/tm75_3_3.jpg"
"3989";"/v/b/vb13_3_3.jpg"
"3990";"/v/b/vbx23_3_3.jpg"
"3991";"/0/7/0773065_3_3.jpg"
"3992";"/b/l/bl700_3_3.jpg"
"3993";"/n/j/nj600_3_3.jpg"
"3994";"/q/b/qb1004_3_3.jpg"
"3995";"/q/b/qb900b_3_3.jpg"
"3997";"/b/c/bcd-332_3_3.jpg"
"3998";"/b/c/bcd-992_3_3.jpg"
"4001";"/b/s/bsm-300_3_3.jpg"
"4002";"/b/t/btg-100blk_3_3.jpg"
"4007";"/c/c/ccm-600_3_3.jpg"
"4010";"/c/c/ccp-510_3_3.jpg"
"4011";"/c/c/ccp-600_3_3.jpg"
"4012";"/c/c/ccp-610_3_3.jpg"
"4017";"/c/f/cff-552_3_3.jpg"
"4018";"/c/f/cff-965_3_3.jpg"
"4019";"/c/f/cff-986_3_3.jpg"
"4023";"/c/k/ckm-100_3_3.jpg"
"4027";"/e/q/eqm-200_3_3.jpg"
"4030";"/f/c/fck-800_3_3.jpg"
"4032";"/f/p/fps-200_3_3.jpg"
"4037";"/h/d/hdc-701_3_3.jpg"
"4038";"/h/d/hdr-565_3_3.jpg"
"4040";"/h/d/hdt-600retrored_3_3.jpg"
"4041";"/h/k/hkp-200_3_3.jpg"
"4042";"/h/s/hsb-590_3_3.jpg"
"4043";"/i/c/ick-200_3_3.jpg"
"4044";"/i/c/icmp-400blue_3_3.jpg"
"4046";"/i/c/icmw-400_3_3.jpg"
"4048";"/j/f/jfd-100_3_3.jpg"
"4050";"/k/p/kpk-400_3_3.jpg"
"4051";"/k/p/kpm-508_3_3.jpg"
"4052";"/k/p/kpp-24_3_3.jpg"
"4056";"/k/r/krs-2150_3_3.jpg"
"4057";"/k/r/krs-6100ss_3_3.jpg"
"4059";"/l/p/lpf-210_3_3.jpg"
"4060";"/m/d/mdf-200_3_3.jpg"
"4061";"/m/s/msb-64_3_3.jpg"
"4064";"/n/g/ngd-200_3_3.jpg"
"4065";"/o/f/ofp-501_3_3.jpg"
"4066";"/p/c/pcm-805_3_3.jpg"
"4068";"no_selection"
"4069";"/p/n/pnb-900_3_3.jpg"
"4071";"/p/p/ppb-600_3_3.jpg"
"4073";"/r/h/rhd-800_3_3.jpg"
"4074";"/r/h/rhp-310_3_3.jpg"
"4076";"/r/h/rhp-625_3_3.jpg"
"4081";"/r/k/rkp-630_3_3.jpg"
"4083";"/r/m/rmo-400blk_3_3.jpg"
"4084";"/r/m/rmo-400red_3_3.jpg"
"4085";"/r/r/rrf-325cr_3_3.jpg"
"4086";"/r/r/rrf-325hnblk_3_3.jpg"
"4087";"/r/s/rsm-602_3_3.jpg"
"4088";"/r/s/rsm-650_3_3.jpg"
"4089";"/r/s/rsm-702_3_3.jpg"
"4091";"/s/c/scc-200_3_3.jpg"
"4092";"/s/c/sck-800_3_3.jpg"
"4093";"/s/c/scm-502_3_3.jpg"
"4094";"/s/m/smm-100_3_3.jpg"
"4096";"/s/p/spf-200_3_3.jpg"
"4097";"/s/p/spk-300_3_3.jpg"
"4099";"/t/p/tpm-100_3_3.jpg"
"4100";"/t/p/tpm-100red_3_3.jpg"
"4101";"/t/s/tsc-250blk_3_3.jpg"
"4102";"/1/-/1-clnr-fr-6_3_3.jpg"
"4103";"/1/-/1-clnr-hz-6_3_3.jpg"
"4104";"/2/-/2-bf111-cb-6_3_3.jpg"
"4105";"/2/-/2-bf215-cb-6_3_3.jpg"
"4106";"/1/-/1-exp100-bl-4_3_3.jpg"
"4107";"/2/-/2-gf214-cb-6_3_3.jpg"
"4108";"/1/-/1-gl200-w-4_3_3.jpg"
"4109";"/1/-/1-gl204-bl-4_3_3.jpg"
"4110";"/1/-/1-gl204-w-4_3_3.jpg"
"4111";"/1/-/1-gl210-bl-4_3_3.jpg"
"4112";"/1/-/1-gl212-bl-6_3_3.jpg"
"4113";"/1/-/1-gl220-bl-4_3_3.jpg"
"4114";"/1/-/1-gl220-w-4_3_3.jpg"
"4115";"/1/-/1-gl312-bl-4_3_3.jpg"
"4116";"/2/-/2-kf111-bl-6_3_3.jpg"
"4117";"/1/-/1-pk008-bl-6_3_3.jpg"
"4118";"/r/k/rk101_3_3.jpg"
"4119";"/r/k/rk202cb12_3_3.jpg"
"4120";"/1/-/1-ss404-ss6_3_3.jpg"
"4121";"/1/-/1-wk112-bl-4_3_3.jpg"
"4122";"/2/9/29109_3_3.jpg"
"4124";"/o/r/or101h_3_3.jpg"
"4125";"/o/r/or102_3_3.jpg"
"4126";"/p/r/pr9100nm_3_3.jpg"
"4127";"/u/2/u2000rb_3_3.jpg"
"4128";"/o/r/org5010_3_3.jpg"
"4129";"/o/r/org5020_3_3.jpg"
"4130";"/o/r/org5025_3_3.jpg"
"4131";"/o/r/org5035_3_3.jpg"
"4145";"/o/g/ogb81101_3_3.jpg"
"4147";"/o/g/ogg3701_3_3.jpg"
"4148";"/o/g/ogg61403_3_3.jpg"
"4153";"/p/e/pe011106_3_3.jpg"
"4154";"/g/l/gl2jbc-y_3_3.jpg"
"4155";"/g/l/gl2jbr-y_3_3.jpg"
"4156";"/g/l/gl2jcb-y_3_3.jpg"
"4157";"/g/l/gl2jcc-y_3_3.jpg"
"4158";"/g/l/gl2jld-y_3_3.jpg"
"4159";"/g/l/gl2jll-y_3_3.jpg"
"4160";"/g/l/gl2jmh-y_3_3.jpg"
"4161";"/g/l/gl2jnk-y_3_3.jpg"
"4162";"/g/l/gl2jnm-y_3_3.jpg"
"4163";"/g/l/gl2jny-y_3_3.jpg"
"4164";"/g/l/gl2jom-y_3_3.jpg"
"4165";"/g/l/gl2jpp-y_3_3.jpg"
"4166";"/g/l/gl2jsg-y_3_3.jpg"
"4167";"/r/i/ri58001_3_3.jpg"
"4169";"/r/i/ri58011_3_3.jpg"
"4170";"/r/i/ri58012_3_3.jpg"
"4171";"/r/i/ri58201_3_3.jpg"
"4172";"/r/i/ri58302_3_3.jpg"
"4173";"/r/i/ri58306_3_3.jpg"
"4174";"/r/i/ri58551_3_3.jpg"
"4175";"/r/i/ri585516_3_3.jpg"
"4176";"/f/d/fd1005whgen_3_3.jpg"
"4177";"/f/d/fd5000blgen_3_3.jpg"
"4178";"/f/s/fs100200gen_3_3.jpg"
"4186";"/s/t/st5000plgen_3_3.jpg"
"4188";"/r/h/rh13552_3_3.jpg"
"4189";"/m/v/mv2010_3_3.jpg"
"4190";"/n/v/nv100_3_3.jpg"
"4191";"/n/v/nv22l_3_3.jpg"
"4192";"/n/v/nv352_3_3.jpg"
"4193";"/n/v/nv356e_3_3.jpg"
"4194";"/s/3/s3101n_3_3.jpg"
"4195";"/s/3/s3251_3_3.jpg"
"4196";"/s/3/s3501n_3_3.jpg"
"4197";"/s/3/s3601_3_3.jpg"
"4198";"/s/3/s3901_3_3.jpg"
"4199";"/s/c/sc630_3_3.jpg"
"4200";"/s/c/sc630d_3_3.jpg"
"4201";"/s/v/sv1100_3_3.jpg"
"4202";"/s/v/sv75_3_3.jpg"
"4203";"/s/v/sv780_3_3.jpg"
"4204";"/v/1/v1930_3_3.jpg"
"4205";"/v/1/v1950_3_3.jpg"
"4206";"/x/t/xt2010_3_3.jpg"
"4207";"/x/t/xt3101_3_3.jpg"
"4208";"/x/t/xt3601_3_3.jpg"
"4209";"/x/t/xt630_3_3.jpg"
"4210";"/s/d/sd011104_3_3.jpg"
"4211";"/2/7/27500_3_3.jpg"
"4212";"/2/7/275006_3_3.jpg"
"4213";"/s/n/sn611106_3_3.jpg"
"4214";"/s/n/sn621106_3_3.jpg"
"4215";"/0/7/0772104_3_3.jpg"
"4216";"/s/t/st011708_3_3.jpg"
"4217";"/s/g/sgs90701b_3_3.jpg"
"4218";"/s/g/sgs90701w_3_3.jpg"
"4220";"/s/v/sv011106_3_3.jpg"
"4221";"/1/4/14201_3_3.jpg"
"4222";"/8/7/8746002_3_3.jpg"
"4225";"/a/8/a8162564_3_3.jpg"
"4226";"/a/8/a8168264_3_3.jpg"
"4227";"/a/8/a821sa94_3_3.jpg"
"4228";"/a/8/a8481562_3_3.jpg"
"4230";"/a/8/a8579784_3_3.jpg"
"4231";"/a/9/a9099694_3_3.jpg"
"4234";"/a/9/a9227974_3_3.jpg"
"4235";"/a/9/a9228064_3_3.jpg"
"4236";"/b/f/bf6520003_3_3.jpg"
"4237";"/c/1/c1075464_3_3.jpg"
"4238";"/c/1/c1076564_3_3.jpg"
"4246";"/c/3/c306sc64_3_3.jpg"
"4247";"/c/8/c811sa64_3_3.jpg"
"4248";"no_selection"
"4250";"/c/8/c839sa64_3_3.jpg"
"4251";"/c/8/c8888164_3_3.jpg"
"4252";"/d/0/d0500872_3_3.jpg"
"4253";"/d/9/d9130764_3_3.jpg"
"4254";"/d/9/d9131364_3_3.jpg"
"4255";"/d/9/d9133364_3_3.jpg"
"4256";"/d/9/d913sc64_3_3.jpg"
"4257";"/e/6/e6140864_3_3.jpg"
"4258";"/e/9/e9180764_3_3.jpg"
"4259";"/e/9/e9189764_3_3.jpg"
"4260";"/e/9/e918sc64_3_3.jpg"
"4262";"/e/9/e9389764_3_3.jpg"
"4264";"/e/9/e9429764_3_3.jpg"
"4265";"/f/f/ff1038002_3_3.jpg"
"4266";"/f/r/fr1014002_3_3.jpg"
"4267";"/f/r/fr4049001_3_3.jpg"
"4268";"/f/r/fr7008002_3_3.jpg"
"4271";"/f/z/fz7000251_3_3.jpg"
"4273";"/s/w/sw6100004_3_3.jpg"
"4274";"/t/l/tl6802002_3_3.jpg"
"4275";"/t/t/tt7061002a_3_3.jpg"
"4276";"/t/t/tt7461002a_3_3.jpg"
"4277";"/y/s/ys2h3664_3_3.jpg"
"4278";"/t/t/ttplr_3_3.jpg"
"4280";"/u/g/ug101r_3_3.jpg"
"4281";"/v/o/vowr-2_3_3.jpg"
"4282";"/w/p/wp-100_3_3.jpg"
"4283";"/w/p/wp-360_3_3.jpg"
"4284";"/w/p/wp-60_3_3.jpg"
"4285";"/a/8/a8018274_3_3.jpg"
"4286";"/a/8/a801sa64_3_3.jpg"
"4287";"/a/8/a8167764_3_3.jpg"
"4289";"/a/8/a8342465_3_3.jpg"
"4292";"/c/9/c9638264_3_3.jpg"
"4293";"/c/9/c963sc64_3_3.jpg"
"4294";"/w/p/wp79101_3_3.jpg"
"4295";"/w/p/wp791016_3_3.jpg"
"4296";"/w/p/wp79106_3_3.jpg"
"4297";"/w/p/wp79108_3_3.jpg"
"4298";"/w/p/wp79109_3_3.jpg"
"4299";"/w/p/wp791096_3_3.jpg"
"4300";"/w/p/wp79110_3_3.jpg"
"4301";"/w/p/wp79112_3_3.jpg"
"4302";"/d/9/d921sa64_3_3.jpg"
"4305";"/f/i/fit800-500x500.png"
"4306";"/s/u/surround-air-xj-3800-intelli-pro-air-purifier-500x500.jpg"
"4307";"/t/8/t800-500x500.png"
"4308";"/a/m/amblack-500x500.jpg"
"4309";"/l/r/lr_jr_white_1-500x500.jpg"
"4310";"/l/r/lr_jr_blue-500x500.jpg"
"4311";"/4/0/400hmsandstone_1-500x500.jpg"
"4312";"/l/r/lr_std_black_1_1-500x500.jpg"
"4313";"/l/r/lr_jr_ss-500x500.jpg"
"4314";"/4/0/400hmblack-500x500.jpg"
"4315";"/2/0/2000_platinum-500x500.jpg"
"4316";"/4/0/400hmwhite-500x500.jpg"
"4317";"/3/0/3000onix_light_on-500x500.jpg"
"4318";"/1/0/1000_airfree-500x500.gif"
"4319";"/t/h/the-cloud-home-and-office-air-purifier-500x500.png"
"4320";"/t/h/the-summit-home-and-office-air-purifier-500x500.png"
"4321";"/t/h/the-peak-in-duct-pco-air-500x500.png"
"4322";"/t/h/the-peak-in-duct-pco-air-500x500_1.png"
"4323";"/x/j/xj3100a-500x500.jpg"